{"id":"41ab0086-026c-4b78-bb62-41406486055c","playerTags":["e2f39815-5291-4dcf-ba19-97dcf0c015e9"],"teamTags":["c73b705c-40ad-4633-a6ed-d357ee2e2bcf"],"gameTags":[],"metadata":{"type":0,"after":0.6559006944293149,"before":0.4503621101756885,"parent":"9b44307e-ced4-495d-9f3a-01e988279234"},"created":"2021-03-21T18:01:07.049Z","season":13,"tournament":-1,"type":119,"day":116,"phase":13,"category":1,"description":"Stijn Strongbody's hitting was re-rolled.","nuts":6}