{"id":"4c0d9bcc-7fe4-4de0-bf28-442264516ca9","playerTags":["b60605e6-ff41-4388-a61a-fafd2175f7ad"],"teamTags":["c73b705c-40ad-4633-a6ed-d357ee2e2bcf"],"gameTags":[],"metadata":{"type":0,"after":0.5224398917766693,"before":0.530953234966293,"parent":"9b44307e-ced4-495d-9f3a-01e988279234"},"created":"2021-03-21T18:01:07.049Z","season":13,"tournament":-1,"type":119,"day":116,"phase":13,"category":1,"description":"Elwin McGhee's hitting was re-rolled.","nuts":6}