{"id":"4eb5c02f-1793-4618-8fae-62486ad2bb17","playerTags":["316abea7-9890-4fb8-aaea-86b35e24d9be"],"teamTags":["ca3f1c8c-c025-4d8e-8eef-5be6accbeb16"],"gameTags":[],"metadata":{"type":1,"after":0.4167327204685279,"before":0.3052900732417578,"parent":"124e9aa9-53a0-4dfe-9be9-f058c6138e27"},"created":"2021-03-07T19:01:05.436Z","season":11,"tournament":-1,"type":119,"day":115,"phase":13,"category":1,"description":"Kennedy Rodgers' pitching was re-rolled.","nuts":0}