{"id":"508e78fa-f281-4dc0-983c-18b46af79b52","playerTags":["e16c3f28-eecd-4571-be1a-606bbac36b2b"],"teamTags":["7966eb04-efcc-499b-8f03-d13916330531"],"gameTags":[],"metadata":{"type":0,"after":0.28914866455051935,"before":0.34914913897108607,"parent":"f4bbd010-6f29-4ad6-82e1-639adc9feb79"},"created":"2021-03-07T19:01:05.456Z","season":11,"tournament":-1,"type":119,"day":115,"phase":13,"category":1,"description":"Wyatt Glover's hitting was re-rolled.","nuts":1}