{"id":"9ab30748-f816-40a9-b915-2e7dc39e13c1","playerTags":["adcbc290-81c5-4da9-b4da-2e594b080710"],"teamTags":["c73b705c-40ad-4633-a6ed-d357ee2e2bcf"],"gameTags":[],"metadata":{"type":0,"after":0.5791715009725975,"before":0.5050686522365256,"parent":"9b44307e-ced4-495d-9f3a-01e988279234"},"created":"2021-03-21T18:01:07.049Z","season":13,"tournament":-1,"type":119,"day":116,"phase":13,"category":1,"description":"Freemium Seraph's hitting was re-rolled.","nuts":5}