{"id":"9ea7487a-bf66-439f-8679-94421cef5f35","playerTags":["a3947fbc-50ec-45a4-bca4-49ffebb77dbe"],"teamTags":["7966eb04-efcc-499b-8f03-d13916330531"],"gameTags":[],"metadata":{"type":0,"after":0.43664029064664345,"before":0.24124106190622815,"parent":"f4bbd010-6f29-4ad6-82e1-639adc9feb79"},"created":"2021-03-07T19:01:05.456Z","season":11,"tournament":-1,"type":119,"day":115,"phase":13,"category":1,"description":"Chorby Short's hitting was re-rolled.","nuts":16}