{"id":"d07dd805-e4e9-471f-bce7-d853782ed2ce","playerTags":["f4a5d734-0ade-4410-abb6-c0cd5a7a1c26"],"teamTags":["ca3f1c8c-c025-4d8e-8eef-5be6accbeb16"],"gameTags":[],"metadata":{"type":1,"after":0.31261221157248603,"before":0.3742449028913357,"parent":"124e9aa9-53a0-4dfe-9be9-f058c6138e27"},"created":"2021-03-07T19:01:05.436Z","season":11,"tournament":-1,"type":119,"day":115,"phase":13,"category":1,"description":"Agan Harrison's pitching was re-rolled.","nuts":0}