{"id":"0546c819-4d0f-40cc-bbf2-6867d2781fa9","playerTags":["80e474a3-7d2b-431d-8192-2f1e27162607"],"teamTags":["57ec08cc-0411-4643-b304-0e80dbc15ac7"],"gameTags":["fc8634e4-7388-4ae4-b4fb-b7b23dffb164"],"metadata":{"mods":[],"play":87,"itemId":"107f15ca-fe31-4c8b-bd08-bb6803f7dbe2","parent":"b4a7d2df-3887-4d83-84d5-75114e2c1483","subPlay":0,"itemName":"Bat","playerRating":1.5592595835046852,"itemDurability":1,"itemHealthAfter":0,"itemHealthBefore":1,"playerItemRatingAfter":0,"playerItemRatingBefore":0.044717165101904155},"created":"2021-04-12T18:07:12.749Z","season":15,"tournament":-1,"type":185,"day":3,"phase":2,"category":1,"description":"Summers Preston's Bat broke!","nuts":4}