{"id":"06d1d737-d056-4267-bed0-d9ee34d46009","playerTags":["90c2cec7-0ed5-426a-9de8-754f34d59b39"],"teamTags":["8d87c468-699a-47a8-b40d-cfb73a5660ad"],"gameTags":["0bd2de7d-2b8b-4b89-9279-f2fd5bbf7fa5"],"metadata":{"mods":[],"play":172,"itemId":"561db603-f7cd-4416-8e3b-2203cbc7741c","parent":"596b9161-9d3d-4451-a826-00ba03807637","subPlay":0,"itemName":"Bat","playerRating":3.568808263204706,"itemDurability":1,"itemHealthAfter":0,"itemHealthBefore":1,"playerItemRatingAfter":0,"playerItemRatingBefore":0.07082314519733135},"created":"2021-04-14T17:14:39.519Z","season":15,"tournament":-1,"type":185,"day":47,"phase":4,"category":1,"description":"Tot Fox's Bat broke!","nuts":2}