{"id":"07829204-f765-4997-9000-820502c8321d","playerTags":["4b3e8e9b-6de1-4840-8751-b1fb45dc5605"],"teamTags":["36569151-a2fb-43c1-9df7-2df512424c82"],"gameTags":["6584d893-7f6f-4d91-b6d8-7d15b4c6b77f"],"metadata":{"mods":[],"play":235,"itemId":"06d8dcb0-8d28-49a1-b650-ec143dc71b52","parent":"744e4fc2-bfc1-45fc-b9d4-989dc1b27913","subPlay":0,"itemName":"Bat","playerRating":2.1287901684439343,"itemDurability":1,"itemHealthAfter":0,"itemHealthBefore":1,"playerItemRatingAfter":0,"playerItemRatingBefore":0.03587767226474059},"created":"2021-04-14T07:20:23.690Z","season":15,"tournament":-1,"type":185,"day":37,"phase":4,"category":1,"description":"Thomas Dracaena's Bat broke!","nuts":2}