{"id":"094a3b6e-61ab-4b26-aee8-3bae448e469e","playerTags":["e69db30d-74ac-4265-8da6-467b0d25694b"],"teamTags":["a37f9158-7f82-46bc-908c-c9e2dda7c33b"],"gameTags":["062d7300-f54f-40b4-807f-b68bbd6c54b0"],"metadata":{"mods":[],"play":42,"itemId":"bba75c14-fefe-47b5-9748-47180aa37994","parent":"2aa37ed4-2891-48cc-8352-023fa75d0d91","subPlay":0,"itemName":"Bat","playerRating":1.8045656622116928,"itemDurability":1,"itemHealthAfter":0,"itemHealthBefore":1,"playerItemRatingAfter":0,"playerItemRatingBefore":0.046350304199384684},"created":"2021-04-13T11:03:27.288Z","season":15,"tournament":-1,"type":185,"day":19,"phase":2,"category":1,"description":"De-vin -orczy-a's Bat broke!","nuts":0}