{"id":"09865a0e-3736-4547-adb1-8089e8bfc576","playerTags":["9c813008-b2a9-4257-80e7-a709c67189fe"],"teamTags":["46358869-dce9-4a01-bfba-ac24fc56f57e"],"gameTags":["c4d6024a-3a24-4bea-91bb-a2372386469a"],"metadata":{"mods":[],"play":65,"itemId":"47c7f43c-7b16-4795-98a3-47b67f1c99cb","parent":"b610ff1c-d106-4729-9e5d-1dcf2343adbe","subPlay":0,"itemName":"Bat","playerRating":2.0230476045619463,"itemDurability":1,"itemHealthAfter":0,"itemHealthBefore":1,"playerItemRatingAfter":0,"playerItemRatingBefore":0.05722223992841646},"created":"2021-04-13T04:05:27.559Z","season":15,"tournament":-1,"type":185,"day":13,"phase":2,"category":1,"description":"Bottles Suljak's Bat broke!","nuts":0}