{"id":"0bd0636e-d45f-4698-8f1b-1232fbec4496","playerTags":["d89da2d2-674c-4b85-8959-a4bd406f760a"],"teamTags":["8d87c468-699a-47a8-b40d-cfb73a5660ad"],"gameTags":["64e0c129-26f6-4c18-97df-154b06712cea"],"metadata":{"mods":[],"play":47,"itemId":"61b599f6-f87b-4541-8437-c77861650ae5","parent":"3a827d39-92ed-4a1c-bc17-41b653ac3c23","subPlay":0,"itemName":"Bat","playerRating":2.2765921558435513,"itemDurability":1,"itemHealthAfter":0,"itemHealthBefore":1,"playerItemRatingAfter":0,"playerItemRatingBefore":0.03867785505716137},"created":"2021-04-14T09:04:01.490Z","season":15,"tournament":-1,"type":185,"day":39,"phase":4,"category":1,"description":"Fish Summer's Bat broke!","nuts":2}