{"id":"0d4ceda4-af13-4c0d-a97a-b8896b983df0","playerTags":["bf6a24d1-4e89-4790-a4ba-eeb2870cbf6f"],"teamTags":["878c1bf6-0d21-4659-bfee-916c8314d69c"],"gameTags":["5f6ca474-67c3-4702-9f0d-d11db4b894e9"],"metadata":{"mods":[],"play":99,"itemId":"875c47d8-ddf0-43ac-a8d6-ad2ac27480ad","parent":"78e8e793-3ec4-4f65-adb7-66687bccefcb","subPlay":0,"itemName":"Bat","playerRating":2.150904617526906,"itemDurability":1,"itemHealthAfter":0,"itemHealthBefore":1,"playerItemRatingAfter":0,"playerItemRatingBefore":0.03402223855562836},"created":"2021-04-14T04:08:18.347Z","season":15,"tournament":-1,"type":185,"day":35,"phase":4,"category":1,"description":"Rat Mason's Bat broke!","nuts":1}