{"id":"0f9643d8-94f0-45cc-b62f-cdedba4147a3","playerTags":["f38c5d80-093f-46eb-99d6-942aa45cd921"],"teamTags":["36569151-a2fb-43c1-9df7-2df512424c82"],"gameTags":["03577b73-c54d-49bc-a4d5-2fa13e3cecb3"],"metadata":{"mods":[],"play":277,"itemId":"3a9072c5-becf-4bf0-afe6-69b39ce444cf","parent":"f508345d-b401-4e6e-8759-e3c28de2df1f","subPlay":0,"itemName":"Bat","playerRating":2.498181172403047,"itemDurability":1,"itemHealthAfter":0,"itemHealthBefore":1,"playerItemRatingAfter":0,"playerItemRatingBefore":0.04726964382744059},"created":"2021-04-15T02:23:59.039Z","season":15,"tournament":-1,"type":185,"day":56,"phase":4,"category":1,"description":"Andrew Solis' Bat broke!","nuts":1}