{"id":"0ffa07b5-b5f3-495a-9d47-d02932fc0f6e","playerTags":["9ac2e7c5-5a34-4738-98d8-9f917bc6d119"],"teamTags":["979aee4a-6d80-4863-bf1c-ee1a78e06024"],"gameTags":["9ef7e414-7572-4ea4-aee4-33a9dc121e58"],"metadata":{"mods":[],"play":191,"itemId":"ff27298d-7ab0-4935-8bc3-a97014833870","parent":"09954b1e-6f14-41f6-957e-e26f175d98a2","subPlay":0,"itemName":"Bat","playerRating":2.2970276225776134,"itemDurability":1,"itemHealthAfter":0,"itemHealthBefore":1,"playerItemRatingAfter":0,"playerItemRatingBefore":0.023043034627757253},"created":"2021-04-13T00:16:22.436Z","season":15,"tournament":-1,"type":185,"day":9,"phase":2,"category":1,"description":"Christian Combs' Bat broke!","nuts":0}