{"id":"103bf6aa-6957-4b31-8694-36c68df66fc5","playerTags":["dd6044ef-c635-4aed-97bd-d18068432b8f"],"teamTags":["23e4cbc1-e9cd-47fa-a35b-bfa06f726cb7"],"gameTags":["4ea6dc4c-40e4-4e6c-b8f4-dd7e78d1a994"],"metadata":{"mods":[],"play":102,"itemId":"6de43502-8722-42ab-b086-bd266e381970","parent":"cd9e6b4d-9b6d-4aba-a6c7-c639681a6cbf","subPlay":0,"itemName":"Bat","playerRating":2.1830950953452017,"itemDurability":1,"itemHealthAfter":0,"itemHealthBefore":1,"playerItemRatingAfter":0,"playerItemRatingBefore":0.01737612400661742},"created":"2021-04-14T01:08:33.391Z","season":15,"tournament":-1,"type":185,"day":32,"phase":4,"category":1,"description":"Yusef Puddles' Bat broke!","nuts":0}