{"id":"11ebf050-e4bd-4c41-8862-e2ef3d77f8d3","playerTags":["b082ca6e-eb11-4eab-8d6a-30f8be522ec4"],"teamTags":["747b8e4a-7e50-4638-a973-ea7950a3e739"],"gameTags":["b1481e3e-dad9-4447-ac44-8d2e10428a8a"],"metadata":{"mods":[],"play":375,"itemId":"76a30551-c7f1-4baa-8507-b3fed8aedf22","parent":"f5905287-60ec-434d-b479-5b9253315d94","subPlay":0,"itemName":"Bat","playerRating":2.280612753845989,"itemDurability":1,"itemHealthAfter":0,"itemHealthBefore":1,"playerItemRatingAfter":0,"playerItemRatingBefore":0.032707174028781094},"created":"2021-04-13T22:31:55.305Z","season":15,"tournament":-1,"type":185,"day":29,"phase":4,"category":1,"description":"Nicholas Mora's Bat broke!","nuts":0}