{"id":"15c7ed5c-b6bb-4c2c-b02f-b25ff558bc67","playerTags":["17397256-c28c-4cad-85f2-a21768c66e67"],"teamTags":["b024e975-1c4a-4575-8936-a3754a08806a"],"gameTags":["774fc294-85bb-465c-8b20-71d992ee3fd3"],"metadata":{"mods":[],"play":165,"itemId":"217ef5c6-9616-41fc-9f76-f34aa097e001","parent":"8a8b24ac-5026-4319-a219-5b1e5b0476fe","subPlay":0,"itemName":"Bat","playerRating":3.8056560655786975,"itemDurability":1,"itemHealthAfter":0,"itemHealthBefore":1,"playerItemRatingAfter":0,"playerItemRatingBefore":0.07809707777020458},"created":"2021-04-12T23:14:11.681Z","season":15,"tournament":-1,"type":185,"day":8,"phase":2,"category":1,"description":"Cory Ross' Bat broke!","nuts":1}