{"id":"179058e3-a949-4d9c-8d5b-690ba4e21767","playerTags":["0c83e3b6-360e-4b7d-85e3-d906633c9ca0"],"teamTags":["105bc3ff-1320-4e37-8ef0-8d595cb95dd0"],"gameTags":["0e07ec78-9ee2-4fd1-842c-d0b9a8cd948f"],"metadata":{"mods":[],"play":62,"itemId":"796d21ba-72f8-44dd-93a8-67708af705db","parent":"344372ee-0b75-4bf3-91b7-e2f637949ac1","subPlay":0,"itemName":"Bat","playerRating":3.0870694376754466,"itemDurability":1,"itemHealthAfter":0,"itemHealthBefore":1,"playerItemRatingAfter":0,"playerItemRatingBefore":0.035847637947855504},"created":"2021-04-12T15:05:30.992Z","season":15,"tournament":-1,"type":185,"day":0,"phase":2,"category":1,"description":"CONSUMERS ATTACK\nPENELOPE MATHEWS DEFENDS\n\nBAT BREAKS","nuts":15}