{"id":"1cb81c41-7ec6-4f43-b706-005cabcb35c3","playerTags":["ac69dba3-6225-4afd-ab4b-23fc78f730fb"],"teamTags":["7966eb04-efcc-499b-8f03-d13916330531"],"gameTags":["1f2f227e-6af1-48d8-b707-3a3bd89e1b04"],"metadata":{"mods":[],"play":256,"itemId":"72f19a44-f97a-47e0-93f2-c797ab1d3fb6","parent":"20637c9e-c122-4c94-8237-5d04f3f2f792","subPlay":0,"itemName":"Bat","playerRating":2.67795379743428,"itemDurability":1,"itemHealthAfter":0,"itemHealthBefore":1,"playerItemRatingAfter":0,"playerItemRatingBefore":0.028472916176562668},"created":"2021-04-15T13:21:50.614Z","season":15,"tournament":-1,"type":185,"day":67,"phase":4,"category":1,"description":"Bevan Wise's Bat broke!","nuts":0}