{"id":"1e1fe1ac-5e70-47df-861a-afd35df22672","playerTags":["72ca8ed5-a8c7-4571-9745-80de5a49b2d1"],"teamTags":["f02aeae2-5e6a-4098-9842-02d2273f25c7"],"gameTags":["a4e39c8a-3584-43b4-b279-38aeb7d5f55e"],"metadata":{"mods":[],"play":86,"itemId":"a15f54fa-53ec-4c55-bc81-6189fc1f261f","parent":"770f0a10-afd7-4e19-bb46-fa7dbc250fc3","subPlay":0,"itemName":"Bat","playerRating":1.6205376580746766,"itemDurability":1,"itemHealthAfter":0,"itemHealthBefore":1,"playerItemRatingAfter":0,"playerItemRatingBefore":0.026671855471570582},"created":"2021-04-13T20:07:07.702Z","season":15,"tournament":-1,"type":185,"day":27,"phase":4,"category":1,"description":"Kaj Statter Jr.'s Bat broke!","nuts":0}