{"id":"1e2849bf-078a-4f6b-a589-90213d81f2ec","playerTags":["9be56060-3b01-47aa-a090-d072ef109fbf"],"teamTags":["eb67ae5e-c4bf-46ca-bbbc-425cd34182ff"],"gameTags":["10801c1d-9c74-4c2e-b426-235b18f5bece"],"metadata":{"mods":[],"play":60,"itemId":"5075710f-9ef1-49b7-8b9a-6c687f36e000","parent":"f5649966-accf-4e52-b42b-29f069a61065","subPlay":0,"itemName":"Bat","playerRating":2.0918564081216955,"itemDurability":1,"itemHealthAfter":0,"itemHealthBefore":1,"playerItemRatingAfter":0,"playerItemRatingBefore":0.02972692028417523},"created":"2021-04-13T16:05:02.350Z","season":15,"tournament":-1,"type":185,"day":24,"phase":2,"category":1,"description":"Jesús Koch's Bat broke!","nuts":0}