{"id":"23b8bc77-92a5-4843-8da8-2b6c84444b3d","playerTags":["503a235f-9fa6-41b5-8514-9475c944273f"],"teamTags":["9debc64f-74b7-4ae1-a4d6-fce0144b6ea5"],"gameTags":["b8cdefb0-f0ae-48f8-803f-2c85cf4f0c53"],"metadata":{"mods":[],"play":211,"itemId":"cb128109-6614-478c-8e9c-257124fe75ee","parent":"f66aaff4-fdc9-46c8-b33d-935e2185d7ca","subPlay":0,"itemName":"Bat","playerRating":2.708652732928913,"itemDurability":1,"itemHealthAfter":0,"itemHealthBefore":1,"playerItemRatingAfter":0,"playerItemRatingBefore":0.04460574653539484},"created":"2021-04-13T14:17:59.789Z","season":15,"tournament":-1,"type":185,"day":22,"phase":2,"category":1,"description":"Reese Clark's Bat broke!","nuts":0}