{"id":"25c52be0-8d51-498e-83da-3797f5b0f449","playerTags":["733d80f1-2485-40f7-828b-fd7cd8243a01"],"teamTags":["b024e975-1c4a-4575-8936-a3754a08806a"],"gameTags":["4a9a1016-d6ca-436d-bd57-c9fb5233e6e9"],"metadata":{"mods":[],"play":49,"itemId":"8ed07779-3916-4de0-be0a-e8ea19ab7f38","parent":"bcec0158-f4c3-4cb5-8299-db88f340e8ca","subPlay":0,"itemName":"Bat","playerRating":3.0066182573977,"itemDurability":1,"itemHealthAfter":0,"itemHealthBefore":1,"playerItemRatingAfter":0,"playerItemRatingBefore":0.03461313835510449},"created":"2021-04-14T07:04:02.100Z","season":15,"tournament":-1,"type":185,"day":37,"phase":4,"category":1,"description":"Rai Spliff's Bat broke!","nuts":1}