{"id":"270e0613-9132-4098-af3d-5861df9e2018","playerTags":["5116921f-7642-441a-9a85-40c93a1e61bd"],"teamTags":["d9f89a8a-c563-493e-9d64-78e4f9a55d4a"],"gameTags":["f16c9a23-3b12-4c45-8be5-f3110130707e"],"metadata":{"mods":[],"play":147,"itemId":"c06141af-98c4-41ee-b13d-0edfda2cc243","parent":"6ca357c9-5ce2-4523-9641-5c17721228f4","subPlay":0,"itemName":"Bat","playerRating":1.844915589843427,"itemDurability":1,"itemHealthAfter":0,"itemHealthBefore":1,"playerItemRatingAfter":0,"playerItemRatingBefore":0.022227400545902276},"created":"2021-04-12T18:12:37.123Z","season":15,"tournament":-1,"type":185,"day":3,"phase":2,"category":1,"description":"Mordecai Kingbird's Bat broke!","nuts":3}