{"id":"27ffff77-9980-4b75-b242-4e414bd7c7e8","playerTags":["f236bd5b-4ff1-4154-a3cd-7cb3c0ddaa5b"],"teamTags":["57ec08cc-0411-4643-b304-0e80dbc15ac7"],"gameTags":["d24ac645-4dfc-44eb-8e45-389703cb1c0c"],"metadata":{"mods":[],"play":28,"itemId":"ddba2bf0-c580-4376-b2c7-718cc35115af","parent":"0ca8918d-8d3a-4ab5-895c-1d210adff28b","subPlay":0,"itemName":"Bat","playerRating":0.79268717669398,"itemDurability":1,"itemHealthAfter":0,"itemHealthBefore":1,"playerItemRatingAfter":0,"playerItemRatingBefore":0.024556678127215736},"created":"2021-04-14T06:02:16.968Z","season":15,"tournament":-1,"type":185,"day":36,"phase":4,"category":1,"description":"Tai Beanbag's Bat broke!","nuts":0}