{"id":"313ebe55-8213-4ae0-992e-de2c880ae126","playerTags":["da0bbbe6-d13c-40cc-9594-8c476975d93d"],"teamTags":["23e4cbc1-e9cd-47fa-a35b-bfa06f726cb7"],"gameTags":["864ab5b2-984b-4291-b828-92accec7c409"],"metadata":{"mods":[],"play":230,"itemId":"5c477844-3513-4162-a50b-c8e9aa8e2729","parent":"7143ad09-a21b-417e-8469-633ef3f84b4c","subPlay":0,"itemName":"Bat","playerRating":2.2431535054243676,"itemDurability":1,"itemHealthAfter":0,"itemHealthBefore":1,"playerItemRatingAfter":0,"playerItemRatingBefore":0.030805870541703473},"created":"2021-04-13T15:19:30.600Z","season":15,"tournament":-1,"type":185,"day":23,"phase":2,"category":1,"description":"Lang Richardson's Bat broke!","nuts":0}