{"id":"320ebbba-9b51-4238-8ea6-339d5205aa81","playerTags":["2b157c5c-9a6a-45a6-858f-bf4cf4cbc0bd"],"teamTags":["d9f89a8a-c563-493e-9d64-78e4f9a55d4a"],"gameTags":["7ef6f05d-a143-42cf-a247-0e031342ffb4"],"metadata":{"mods":[],"play":148,"itemId":"781faa85-49df-4296-bfc5-f02f32992dfc","parent":"786e1044-3e41-47d6-aa54-5ba9873e0e70","subPlay":0,"itemName":"Bat","playerRating":2.567508078287517,"itemDurability":1,"itemHealthAfter":0,"itemHealthBefore":1,"playerItemRatingAfter":0,"playerItemRatingBefore":0.047011949585754165},"created":"2021-04-13T21:12:29.755Z","season":15,"tournament":-1,"type":185,"day":28,"phase":4,"category":1,"description":"Ortiz Lopez's Bat broke!","nuts":1}