{"id":"339c28ca-9d0c-4614-87cc-b15894cb14d9","playerTags":["4b01cc3f-c59f-486d-9c00-b8a82624e620"],"teamTags":["d9f89a8a-c563-493e-9d64-78e4f9a55d4a"],"gameTags":["94ac7fff-227f-4e7d-92dd-b20871d617e1"],"metadata":{"mods":[],"play":179,"itemId":"478a8ece-c485-48c6-aac1-9121347ace72","parent":"e5e56794-9085-4af1-969f-bbde3770f4b1","subPlay":0,"itemName":"Bat","playerRating":2.019145131614155,"itemDurability":1,"itemHealthAfter":0,"itemHealthBefore":1,"playerItemRatingAfter":0,"playerItemRatingBefore":0.044669836287224096},"created":"2021-04-15T15:15:13.724Z","season":15,"tournament":-1,"type":185,"day":69,"phase":4,"category":1,"description":"Siobhan Chark's Bat broke!","nuts":0}