{"id":"33da55db-836d-406f-8012-acd675fb87b0","playerTags":["f4ca437c-c31c-4508-afe7-6dae4330d717"],"teamTags":["57ec08cc-0411-4643-b304-0e80dbc15ac7"],"gameTags":["c40a0c18-7133-423d-8f07-2e34fc8716af"],"metadata":{"mods":[],"play":113,"itemId":"a67779b0-cb0e-4b04-aa93-43aa84520dde","parent":"95160c62-abcc-4be4-a281-9f8fd6f8455e","subPlay":0,"itemName":"Bat","playerRating":2.0887297598833032,"itemDurability":1,"itemHealthAfter":0,"itemHealthBefore":1,"playerItemRatingAfter":0,"playerItemRatingBefore":0.04001258744507985},"created":"2021-04-13T15:09:42.639Z","season":15,"tournament":-1,"type":185,"day":23,"phase":2,"category":1,"description":"Fran Beans' Bat broke!","nuts":0}