{"id":"33e75893-7f5a-46d9-9f4f-6b5b986172ce","playerTags":["d0ffc9c2-e677-4230-a639-b0ae11650501"],"teamTags":["bb4a9de5-c924-4923-a0cb-9d1445f1ee5d"],"gameTags":["ee79aefb-1dc3-4d11-a0b6-5e3167b9cfd1"],"metadata":{"mods":[],"play":115,"itemId":"a90363a8-3477-40c2-8bcf-476b4f2ac355","parent":"71c5f27c-649a-442b-8c8b-0b336cd806b0","subPlay":0,"itemName":"Bat","playerRating":2.877781407659498,"itemDurability":1,"itemHealthAfter":0,"itemHealthBefore":1,"playerItemRatingAfter":0,"playerItemRatingBefore":0.047167768520544495},"created":"2021-04-12T17:09:43.302Z","season":15,"tournament":-1,"type":185,"day":2,"phase":2,"category":1,"description":" Kaz Fiasco's Bat broke!","nuts":1}