{"id":"35a8c44a-0ed3-4fc9-b891-a8ab2db0fa4b","playerTags":["b39b5aae-8571-4c90-887a-6a00f2a2f6fd"],"teamTags":["b024e975-1c4a-4575-8936-a3754a08806a"],"gameTags":["d715bde9-b5ed-48f6-bbbd-d10dc3438dbe"],"metadata":{"mods":[],"play":209,"itemId":"8753fe24-8fb5-4d95-bf2a-a378f3dfab49","parent":"ba4ae0d8-349d-40c7-82e3-4a403de9f62f","subPlay":0,"itemName":"Bat","playerRating":2.27185086903958,"itemDurability":1,"itemHealthAfter":0,"itemHealthBefore":1,"playerItemRatingAfter":0,"playerItemRatingBefore":0.016950440261999322},"created":"2021-04-13T09:17:35.782Z","season":15,"tournament":-1,"type":185,"day":17,"phase":2,"category":1,"description":"Dickerson Morse's Bat broke!","nuts":1}