{"id":"3920764f-ed8a-420b-9b01-b7bca5a72402","playerTags":["aa6c2662-75f8-4506-aa06-9a0993313216"],"teamTags":["7966eb04-efcc-499b-8f03-d13916330531"],"gameTags":["4cba451a-de50-4942-8540-7806321abb6f"],"metadata":{"mods":[],"play":225,"itemId":"2b6a7fd0-d3e4-4889-a080-6318f03ba705","parent":"219dca58-9e6c-4dcb-bb17-e1607d71d5b6","subPlay":0,"itemName":"Bat","playerRating":2.3109400256208126,"itemDurability":1,"itemHealthAfter":0,"itemHealthBefore":1,"playerItemRatingAfter":0,"playerItemRatingBefore":0.03920560676419382},"created":"2021-04-13T13:19:23.894Z","season":15,"tournament":-1,"type":185,"day":21,"phase":2,"category":1,"description":"Eizabeth Elliott's Bat broke!","nuts":1}