{"id":"3bb6e8c4-f432-4942-b08a-03306bfb7087","playerTags":["86adac6f-c694-44ac-9560-758de7eac937"],"teamTags":["105bc3ff-1320-4e37-8ef0-8d595cb95dd0"],"gameTags":["4cba451a-de50-4942-8540-7806321abb6f"],"metadata":{"mods":[],"play":124,"itemId":"9067a096-f1d8-4bf7-a094-e88a35342fb4","parent":"facbf17f-889b-4743-a58e-6a874ea6b67c","subPlay":0,"itemName":"Bat","playerRating":1.9251977296267881,"itemDurability":1,"itemHealthAfter":0,"itemHealthBefore":1,"playerItemRatingAfter":0,"playerItemRatingBefore":0.027041038892932023},"created":"2021-04-13T13:10:51.773Z","season":15,"tournament":-1,"type":185,"day":21,"phase":2,"category":1,"description":"Quack Enjoyable's Bat broke!","nuts":0}