{"id":"3c692a76-f9e2-4d3e-9183-478c53fee8d2","playerTags":["766dfd1e-11c3-42b6-a167-9b2d568b5dc0"],"teamTags":["36569151-a2fb-43c1-9df7-2df512424c82"],"gameTags":["22a60850-ac00-4671-a041-12e655589e68"],"metadata":{"mods":[],"play":103,"itemId":"07e5d2bc-29ca-47dc-b54e-4359dbe9e15e","parent":"dfd53e62-854f-4212-a567-27c7f19e3ffc","subPlay":0,"itemName":"Bat","playerRating":2.9036985985410704,"itemDurability":1,"itemHealthAfter":0,"itemHealthBefore":1,"playerItemRatingAfter":0,"playerItemRatingBefore":0.035524693369518356},"created":"2021-04-13T02:09:10.170Z","season":15,"tournament":-1,"type":185,"day":11,"phase":2,"category":1,"description":"Sandie Turner's Bat broke!","nuts":2}