{"id":"3c968999-dec5-49e4-9839-9244e782fccf","playerTags":["cfb42325-592a-4119-9b40-4cdc19959b09"],"teamTags":["c73b705c-40ad-4633-a6ed-d357ee2e2bcf"],"gameTags":["b63333a3-f830-4bff-a9ee-8193b85cf18c"],"metadata":{"mods":[],"play":532,"itemId":"c429fb6b-dbe6-4306-a72c-7605593fccbf","parent":"913992c0-d012-4129-864d-7c7d5cc3a17b","subPlay":0,"itemName":"Bat","playerRating":2.4146512694874773,"itemDurability":1,"itemHealthAfter":0,"itemHealthBefore":1,"playerItemRatingAfter":0,"playerItemRatingBefore":0.029496260301903443},"created":"2021-04-13T01:45:27.794Z","season":15,"tournament":-1,"type":185,"day":10,"phase":2,"category":1,"description":"Nandy Slumps' Bat broke!","nuts":1}