{"id":"3e221ea0-e2db-4eec-9566-137fcf00065e","playerTags":["7c5ae357-e079-4427-a90f-97d164c7262e"],"teamTags":["b72f3061-f573-40d7-832a-5ad475bd7909"],"gameTags":["1ca15655-25b4-4fa6-a5ec-b62664a69f28"],"metadata":{"mods":[],"play":270,"itemId":"0f757634-6726-4711-a0fc-9137d8e6f616","parent":"c5937b08-052e-400f-acd3-8bed884d1894","subPlay":0,"itemName":"Bat","playerRating":1.9171998104391905,"itemDurability":1,"itemHealthAfter":0,"itemHealthBefore":1,"playerItemRatingAfter":0,"playerItemRatingBefore":0.049912953487572964},"created":"2021-04-14T20:23:10.812Z","season":15,"tournament":-1,"type":185,"day":50,"phase":4,"category":1,"description":"Milo Brown's Bat broke!","nuts":0}