{"id":"3e742886-74d0-434e-b283-974f05f8cc39","playerTags":["a5f8ce83-02b2-498c-9e48-533a1d81aebf"],"teamTags":["979aee4a-6d80-4863-bf1c-ee1a78e06024"],"gameTags":["475a0030-9016-42bc-9e57-2c747e8dc5fc"],"metadata":{"mods":[],"play":41,"itemId":"a238dc92-e59a-4d66-93bc-09e4c8eb315b","parent":"4da8286b-544e-46f2-a981-839cfb2cc5f0","subPlay":0,"itemName":"Bat","playerRating":3.154973383204866,"itemDurability":1,"itemHealthAfter":0,"itemHealthBefore":1,"playerItemRatingAfter":0,"playerItemRatingBefore":0.04819747098631977},"created":"2021-04-15T11:03:22.119Z","season":15,"tournament":-1,"type":185,"day":65,"phase":4,"category":1,"description":"Evelton McBlase's Bat broke!","nuts":0}