{"id":"4213bf49-901b-4533-98fe-534628aa0b7a","playerTags":["2f85d731-81ed-4a07-9e01-e93f1786a366"],"teamTags":["46358869-dce9-4a01-bfba-ac24fc56f57e"],"gameTags":["9d5dc04d-2798-4b18-bb6f-0cfdeebcab18"],"metadata":{"mods":[],"play":102,"itemId":"1d2878af-9eec-451e-a7a4-0c2f2e7e1399","parent":"772478a8-79d0-4d7f-8ce8-e4d111846c94","subPlay":0,"itemName":"Bat","playerRating":2.3126057567385767,"itemDurability":1,"itemHealthAfter":0,"itemHealthBefore":1,"playerItemRatingAfter":0,"playerItemRatingBefore":0.056115077219828335},"created":"2021-04-13T12:08:33.543Z","season":15,"tournament":-1,"type":185,"day":20,"phase":2,"category":1,"description":"Bees Taswell's Bat broke!","nuts":0}