{"id":"42441427-9d21-4a7b-9a0b-45b25e4e2ca3","playerTags":["7aeb8e0b-f6fb-4a9e-bba2-335dada5f0a3"],"teamTags":["747b8e4a-7e50-4638-a973-ea7950a3e739"],"gameTags":["91fd981f-4fda-447f-9500-a71e01f29e9c"],"metadata":{"mods":[],"play":272,"itemId":"5b91f3a8-8c62-42d1-9847-26d96fb85bab","parent":"84b374a1-e3a7-4f20-a924-583a2d25f064","subPlay":0,"itemName":"Bat","playerRating":1.4481924948215505,"itemDurability":1,"itemHealthAfter":0,"itemHealthBefore":1,"playerItemRatingAfter":0,"playerItemRatingBefore":0.07775448195437021},"created":"2021-04-13T01:23:08.975Z","season":15,"tournament":-1,"type":185,"day":10,"phase":2,"category":1,"description":"Dunlap Figueroa's Bat broke!","nuts":0}