{"id":"47f4dda4-d7d8-4184-a249-b72b68be3432","playerTags":["db33a54c-3934-478f-bad4-fc313ac2580e"],"teamTags":["b72f3061-f573-40d7-832a-5ad475bd7909"],"gameTags":["4516e862-257f-4c68-9a20-c62732e42eac"],"metadata":{"mods":[],"play":192,"itemId":"644bac75-3ae2-4d93-9f44-c76142d5c4b7","parent":"349bd9b8-7ff2-4fe6-a2fb-f67577a841d8","subPlay":0,"itemName":"Bat","playerRating":2.4970403233171035,"itemDurability":1,"itemHealthAfter":0,"itemHealthBefore":1,"playerItemRatingAfter":0,"playerItemRatingBefore":0.039318152352189606},"created":"2021-04-15T03:16:46.846Z","season":15,"tournament":-1,"type":185,"day":57,"phase":4,"category":1,"description":"Percival Wheeler's Bat broke!","nuts":0}