{"id":"4a796469-bb11-4e74-a8b1-2474b05592f3","playerTags":["378c07b0-5645-44b5-869f-497d144c7b35"],"teamTags":["36569151-a2fb-43c1-9df7-2df512424c82"],"gameTags":["22a60850-ac00-4671-a041-12e655589e68"],"metadata":{"mods":[],"play":74,"itemId":"eacd3890-428f-43dd-983f-ee83e9bcc6e8","parent":"e1b1959b-7281-4af2-8491-a99100343851","subPlay":0,"itemName":"Bat","playerRating":1.736379382252702,"itemDurability":1,"itemHealthAfter":0,"itemHealthBefore":1,"playerItemRatingAfter":0,"playerItemRatingBefore":0.061911824861366815},"created":"2021-04-13T02:06:26.093Z","season":15,"tournament":-1,"type":185,"day":11,"phase":2,"category":1,"description":"CONSUMERS ATTACK\nFYNN DOYLE DEFENDS\n\nBAT BREAKS","nuts":2}