{"id":"4d3180c7-8590-459c-83e3-091c1418490a","playerTags":["2e86de11-a2dd-4b28-b5fe-f4d0c38cd20b"],"teamTags":["747b8e4a-7e50-4638-a973-ea7950a3e739"],"gameTags":["94ce0a65-3f8b-4c9d-bcee-4b944001dd7e"],"metadata":{"mods":[],"play":256,"itemId":"742f8a41-ec98-434d-9b7e-bd11271e324c","parent":"fc03602b-3370-4a5a-b4b4-c6c38c269f49","subPlay":0,"itemName":"Bat","playerRating":1.8181590678337656,"itemDurability":1,"itemHealthAfter":0,"itemHealthBefore":1,"playerItemRatingAfter":0,"playerItemRatingBefore":0.021082885582845157},"created":"2021-04-13T09:21:45.937Z","season":15,"tournament":-1,"type":185,"day":17,"phase":2,"category":1,"description":"Zion Aliciakeyes' Bat broke!","nuts":0}