{"id":"4edfdf1f-7852-4db2-b3f1-66f8d97c619e","playerTags":["ee55248b-318a-4bfb-8894-1cc70e4e0720"],"teamTags":["b72f3061-f573-40d7-832a-5ad475bd7909"],"gameTags":["3ca1dd12-dc88-4eec-81f2-80f0b425c30a"],"metadata":{"mods":[],"play":291,"itemId":"4d13396f-7fbb-475b-902c-023570412fdc","parent":"d7364169-2b15-42ad-95c6-065e4f841ddf","subPlay":0,"itemName":"Bat","playerRating":1.7257201307031802,"itemDurability":1,"itemHealthAfter":0,"itemHealthBefore":1,"playerItemRatingAfter":0,"playerItemRatingBefore":0.02551654916928464},"created":"2021-04-14T03:25:00.751Z","season":15,"tournament":-1,"type":185,"day":34,"phase":4,"category":1,"description":"Theo King's Bat broke!","nuts":0}