{"id":"4fb6989d-e88e-435f-a08a-248f0a146827","playerTags":["d47dd08e-833c-4302-a965-a391d345455c"],"teamTags":["bfd38797-8404-4b38-8b82-341da28b1f83"],"gameTags":["1cf5bfab-dab8-4203-9ede-9c4a2c3016d8"],"metadata":{"mods":[],"play":66,"itemId":"b9f25e8f-7e63-4393-a1e0-23d1e99286aa","parent":"8e4dcf88-daf1-4ebf-be91-a1656cfc6305","subPlay":0,"itemName":"Bat","playerRating":2.892295434453886,"itemDurability":1,"itemHealthAfter":0,"itemHealthBefore":1,"playerItemRatingAfter":0,"playerItemRatingBefore":0.04750194038305766},"created":"2021-04-15T09:05:37.033Z","season":15,"tournament":-1,"type":185,"day":63,"phase":4,"category":1,"description":"Stu Trololol's Bat broke!","nuts":0}