{"id":"50a2385e-baa7-4b96-9d97-fd580b508324","playerTags":["2ffbaec8-a646-4435-a17a-3a0a2b5f3e16"],"teamTags":["7966eb04-efcc-499b-8f03-d13916330531"],"gameTags":["4cba451a-de50-4942-8540-7806321abb6f"],"metadata":{"mods":[],"play":189,"itemId":"82949076-be37-4ce6-a425-20dc13e93b56","parent":"3cf02972-0dec-48ba-b205-317fb5a0a850","subPlay":0,"itemName":"Bat","playerRating":2.242942423318648,"itemDurability":1,"itemHealthAfter":0,"itemHealthBefore":1,"playerItemRatingAfter":0,"playerItemRatingBefore":0.030545775148897003},"created":"2021-04-13T13:16:23.050Z","season":15,"tournament":-1,"type":185,"day":21,"phase":2,"category":1,"description":"Bonk Jokes' Bat broke!","nuts":1}