{"id":"511ecc7b-25a3-4c55-a611-c7a279db3354","playerTags":["e4e4c17d-8128-4704-9e04-f244d4573c4d"],"teamTags":["ca3f1c8c-c025-4d8e-8eef-5be6accbeb16"],"gameTags":["a85dfc56-6c14-431e-b178-93f6bed8f275"],"metadata":{"mods":[],"play":214,"itemId":"a8874ea9-4829-4bc5-b4e7-c03b3eadc9df","parent":"df226202-5522-45d9-8f2a-5a71671a7f41","subPlay":0,"itemName":"Bat","playerRating":3.7599250859095052,"itemDurability":1,"itemHealthAfter":0,"itemHealthBefore":1,"playerItemRatingAfter":0,"playerItemRatingBefore":0.025244950398178423},"created":"2021-04-12T17:17:56.287Z","season":15,"tournament":-1,"type":185,"day":2,"phase":2,"category":1,"description":" Wesley Poole's Bat broke!","nuts":3}