{"id":"525e1a07-006c-4f91-ba6a-d24589178a77","playerTags":["12c4368d-478b-42be-b6d3-fa2e9b230f82"],"teamTags":["46358869-dce9-4a01-bfba-ac24fc56f57e"],"gameTags":["e2941ffc-a427-46f2-8830-ca4e48693911"],"metadata":{"mods":[],"play":151,"itemId":"3bb49cdd-7eb0-438b-9425-dc1eb9aefb61","parent":"36f7dbfe-995c-4e87-a430-46871be675c3","subPlay":0,"itemName":"Bat","playerRating":3.3686716190223396,"itemDurability":1,"itemHealthAfter":0,"itemHealthBefore":1,"playerItemRatingAfter":0,"playerItemRatingBefore":0.05611779131010597},"created":"2021-04-14T02:12:53.589Z","season":15,"tournament":-1,"type":185,"day":33,"phase":4,"category":1,"description":"Lady Matsuyama's Bat broke!","nuts":0}