{"id":"56ccde3d-bb86-4ca4-b74a-d09ac69f86bf","playerTags":["89ec77d8-c186-4027-bd45-f407b4800c2c"],"teamTags":["7966eb04-efcc-499b-8f03-d13916330531"],"gameTags":["0748ec0d-f132-4770-a3a0-6fb593d883f6"],"metadata":{"mods":[],"play":242,"itemId":"3f871d22-5bcf-4dd6-9138-b147a5fb6a16","parent":"03ea013f-89bf-4a84-b347-2981046d876f","subPlay":0,"itemName":"Bat","playerRating":3.6034384577384126,"itemDurability":1,"itemHealthAfter":0,"itemHealthBefore":1,"playerItemRatingAfter":0,"playerItemRatingBefore":0.030469441723809387},"created":"2021-04-13T17:21:13.164Z","season":15,"tournament":-1,"type":185,"day":25,"phase":2,"category":1,"description":"James Mora's Bat broke!","nuts":9}