{"id":"56d6fd11-ffae-4287-8e8b-40bfdad16836","playerTags":["7dcf6902-632f-48c5-936a-7cf88802b93a"],"teamTags":["8d87c468-699a-47a8-b40d-cfb73a5660ad"],"gameTags":["10801c1d-9c74-4c2e-b426-235b18f5bece"],"metadata":{"mods":[],"play":28,"itemId":"fd495e49-7a90-4c18-b717-0533931cc468","parent":"fe3c2e19-2b39-4da3-a0dd-deac98191d38","subPlay":0,"itemName":"Bat","playerRating":2.425683122333953,"itemDurability":1,"itemHealthAfter":0,"itemHealthBefore":1,"playerItemRatingAfter":0,"playerItemRatingBefore":0.05850288985617513},"created":"2021-04-13T16:02:21.558Z","season":15,"tournament":-1,"type":185,"day":24,"phase":2,"category":1,"description":"Parker Parra's Bat broke!","nuts":3}