{"id":"57d158df-df6d-406a-8698-4125b121e130","playerTags":["5ff66eae-7111-4e3b-a9b8-a9579165b0a5"],"teamTags":["ca3f1c8c-c025-4d8e-8eef-5be6accbeb16"],"gameTags":["977b34ab-a6ed-4cd5-ad6e-d297f65c20e4"],"metadata":{"mods":[],"play":196,"itemId":"b7df141a-7d2e-400f-87b9-296748d28d44","parent":"19799d66-3321-4550-b508-67ded5b9fa70","subPlay":0,"itemName":"Bat","playerRating":2.5024552404829197,"itemDurability":1,"itemHealthAfter":0,"itemHealthBefore":1,"playerItemRatingAfter":0,"playerItemRatingBefore":0.03627680474899886},"created":"2021-04-14T08:16:25.689Z","season":15,"tournament":-1,"type":185,"day":38,"phase":4,"category":1,"description":"Peanutiel Duffy's Bat broke!","nuts":0}