{"id":"58a74adf-4d23-4924-859d-7da1d9fce557","playerTags":["90c2cec7-0ed5-426a-9de8-754f34d59b39"],"teamTags":["8d87c468-699a-47a8-b40d-cfb73a5660ad"],"gameTags":["871c8d7a-59bb-44a4-9155-0cff546d7452"],"metadata":{"mods":[],"play":148,"itemId":"561db603-f7cd-4416-8e3b-2203cbc7741c","parent":"f6723c5c-c217-42a7-ac79-f32245e77347","subPlay":0,"itemName":"Bat","playerRating":3.568808263204706,"itemDurability":1,"itemHealthAfter":0,"itemHealthBefore":1,"playerItemRatingAfter":0,"playerItemRatingBefore":0.07082314519733135},"created":"2021-04-12T19:12:27.994Z","season":15,"tournament":-1,"type":185,"day":4,"phase":2,"category":1,"description":"Tot Fox's Bat broke!","nuts":2}