{"id":"5b158972-44ba-4da4-bb68-f3fdefcd2397","playerTags":["46721a07-7cd2-4839-982e-7046df6e8b66"],"teamTags":["bfd38797-8404-4b38-8b82-341da28b1f83"],"gameTags":["9d619547-d354-483f-8b99-3b1b2409558c"],"metadata":{"mods":[],"play":180,"itemId":"ad4b368e-2db1-4c5f-bfb2-b12434150cb0","parent":"ff5f7252-bde4-4772-a72c-8304a739b62a","subPlay":0,"itemName":"Bat","playerRating":0.9945720967506771,"itemDurability":1,"itemHealthAfter":0,"itemHealthBefore":1,"playerItemRatingAfter":0,"playerItemRatingBefore":0.020454519306440377},"created":"2021-04-12T17:15:33.347Z","season":15,"tournament":-1,"type":185,"day":2,"phase":2,"category":1,"description":" Stew Briggs' Bat broke!","nuts":1}