{"id":"5b570a4d-ed35-48fb-8132-ec6f8ff49f0a","playerTags":["b8ab86c6-9054-4832-9b96-508dbd4eb624"],"teamTags":["bfd38797-8404-4b38-8b82-341da28b1f83"],"gameTags":["84d8fcf3-d3d7-45db-a219-5b53d46e7842"],"metadata":{"mods":[],"play":430,"itemId":"6ae9a63b-1ab2-40a2-838e-f1dd7fdc23f8","parent":"83680488-c91d-4a63-95a3-d0ce23da9df3","subPlay":0,"itemName":"Bat","playerRating":2.607123095783505,"itemDurability":1,"itemHealthAfter":0,"itemHealthBefore":1,"playerItemRatingAfter":0,"playerItemRatingBefore":0.09099857884341545},"created":"2021-04-15T13:36:20.343Z","season":15,"tournament":-1,"type":185,"day":67,"phase":4,"category":1,"description":"Esme Ramsey's Bat broke!","nuts":0}