{"id":"5be341a2-c423-4f37-aa3b-c28aaede4b32","playerTags":["b9293beb-d199-4b46-add9-c02f9362d802"],"teamTags":["a37f9158-7f82-46bc-908c-c9e2dda7c33b"],"gameTags":["a85dfc56-6c14-431e-b178-93f6bed8f275"],"metadata":{"mods":[],"play":23,"itemId":"aa6845d5-3cb4-43a0-9053-91b7c75a1a17","parent":"440f9270-a80f-4f10-b79c-deb0f398f21a","subPlay":0,"itemName":"Bat","playerRating":2.269875081916004,"itemDurability":1,"itemHealthAfter":0,"itemHealthBefore":1,"playerItemRatingAfter":0,"playerItemRatingBefore":0.0431084736561026},"created":"2021-04-12T17:01:51.619Z","season":15,"tournament":-1,"type":185,"day":2,"phase":2,"category":1,"description":" Bauer Zimmerman's Bat broke!","nuts":0}