{"id":"5d22cc0f-4161-4c74-b577-c2e36d087681","playerTags":["611d18e0-b972-4cdd-afc2-793c56bfe5a9"],"teamTags":["eb67ae5e-c4bf-46ca-bbbc-425cd34182ff"],"gameTags":["3e9eef1e-a5d5-44b7-91ce-2112017fd460"],"metadata":{"mods":[],"play":328,"itemId":"cd2d16a2-0a9c-41f5-902f-01518bd402f1","parent":"31357531-a1bf-4d64-83d1-412e5d0e6bb1","subPlay":0,"itemName":"Bat","playerRating":2.7181980471084826,"itemDurability":1,"itemHealthAfter":0,"itemHealthBefore":1,"playerItemRatingAfter":0,"playerItemRatingBefore":0.03580047252603036},"created":"2021-04-14T16:28:30.698Z","season":15,"tournament":-1,"type":185,"day":46,"phase":4,"category":1,"description":"Alston Cerveza's Bat broke!","nuts":2}