{"id":"60c30427-39f0-43da-994c-8918ef036289","playerTags":["a1628d97-16ca-4a75-b8df-569bae02bef9"],"teamTags":["36569151-a2fb-43c1-9df7-2df512424c82"],"gameTags":["3837aa84-1bea-4eb8-8d2f-4a8855ed9eeb"],"metadata":{"mods":[],"play":64,"itemId":"1efa0c28-467f-4780-a84e-9d65afa337f0","parent":"b6868ee9-efb2-46a1-a956-a52aad6ef1d7","subPlay":0,"itemName":"Bat","playerRating":0.01205678378271347,"itemDurability":1,"itemHealthAfter":0,"itemHealthBefore":1,"playerItemRatingAfter":0,"playerItemRatingBefore":0.008660067674703526},"created":"2021-04-12T16:05:17.787Z","season":15,"tournament":-1,"type":185,"day":1,"phase":2,"category":1,"description":"CONSUMERS ATTACK\nCHORBY SOUL DEFENDS\n\nBAT BREAKS","nuts":389}