{"id":"624bb710-d675-4fcb-b607-9c07fbb3c7d9","playerTags":["30218684-7fa1-41a5-a3b3-5d9cd97dd36b"],"teamTags":["bfd38797-8404-4b38-8b82-341da28b1f83"],"gameTags":["81034996-aab8-4850-af22-8f9263d3a8dd"],"metadata":{"mods":[],"play":228,"itemId":"67538165-55db-4c31-871a-62198ed38857","parent":"c75957e2-e9fa-4552-8581-e74a2e700ec2","subPlay":0,"itemName":"Bat","playerRating":2.9317649096237464,"itemDurability":1,"itemHealthAfter":0,"itemHealthBefore":1,"playerItemRatingAfter":0,"playerItemRatingBefore":0.041532163990521176},"created":"2021-04-12T19:19:23.203Z","season":15,"tournament":-1,"type":185,"day":4,"phase":2,"category":1,"description":"Jordan Hildebert's Bat broke!","nuts":0}