{"id":"66895c89-ad35-4770-afee-0baa371d9625","playerTags":["a1ed3396-114a-40bc-9ff0-54d7e1ad1718"],"teamTags":["b024e975-1c4a-4575-8936-a3754a08806a"],"gameTags":["1a38372c-da0f-46e7-93e5-5e25ceb4900c"],"metadata":{"mods":[],"play":133,"itemId":"7321bb52-53b0-4203-ac82-2c4525be03c4","parent":"a9562dea-0b7e-4924-8ae3-d097210b511b","subPlay":0,"itemName":"Bat","playerRating":2.427524685483955,"itemDurability":1,"itemHealthAfter":0,"itemHealthBefore":1,"playerItemRatingAfter":0,"playerItemRatingBefore":0.05463628408650789},"created":"2021-04-13T17:11:14.021Z","season":15,"tournament":-1,"type":185,"day":25,"phase":2,"category":1,"description":"Patel Beyonce's Bat broke!","nuts":0}