{"id":"6830a72a-2317-4f8b-b424-d049de9b64e1","playerTags":["ec68845f-3b26-412f-8446-4fef34e09c77"],"teamTags":["36569151-a2fb-43c1-9df7-2df512424c82"],"gameTags":["d6a111e3-6e89-4fed-95cc-80c2aba01295"],"metadata":{"mods":[],"play":253,"itemId":"af4918a8-5488-4e35-b06e-eb8924650119","parent":"0b3ab8d2-ed10-4fad-bdc5-86ec0ea2c24f","subPlay":0,"itemName":"Bat","playerRating":2.0772818147684964,"itemDurability":1,"itemHealthAfter":0,"itemHealthBefore":1,"playerItemRatingAfter":0,"playerItemRatingBefore":0.046467578143315036},"created":"2021-04-12T21:21:14.856Z","season":15,"tournament":-1,"type":185,"day":6,"phase":2,"category":1,"description":"CONSUMERS ATTACK\nNANDY FANTASTIC DEFENDS\n\nBAT BREAKS","nuts":17}