{"id":"68bd9a88-ce2d-425b-af3f-24b8f732e5c2","playerTags":["425f3f84-bab0-4cf2-91c1-96e78cf5cd02"],"teamTags":["8d87c468-699a-47a8-b40d-cfb73a5660ad"],"gameTags":["56acf086-328b-43f4-b434-3dd5dc1ca75d"],"metadata":{"mods":[],"play":257,"itemId":"d27ab01f-d34e-4421-82c8-43d47738e87a","parent":"888fd4c1-82c7-4dc9-8379-459d582985a2","subPlay":0,"itemName":"Bat","playerRating":2.7448015013108944,"itemDurability":1,"itemHealthAfter":0,"itemHealthBefore":1,"playerItemRatingAfter":0,"playerItemRatingBefore":0.041397655539807954},"created":"2021-04-13T22:22:01.299Z","season":15,"tournament":-1,"type":185,"day":29,"phase":4,"category":1,"description":"Luis Acevedo's Bat broke!","nuts":0}