{"id":"6956add5-f8f6-4e8c-9962-25f8c72324b6","playerTags":["26cfccf2-850e-43eb-b085-ff73ad0749b8"],"teamTags":["23e4cbc1-e9cd-47fa-a35b-bfa06f726cb7"],"gameTags":["e427d954-f98c-4d52-a3b1-dbc977281fc7"],"metadata":{"mods":[],"play":117,"itemId":"970f2ca5-0bde-45af-82b9-af2c6219c311","parent":"9d68d238-640e-44f9-9b67-10a2a1b0ddac","subPlay":0,"itemName":"Bat","playerRating":2.7986033722642594,"itemDurability":1,"itemHealthAfter":0,"itemHealthBefore":1,"playerItemRatingAfter":0,"playerItemRatingBefore":0.03108503255737649},"created":"2021-04-15T06:09:43.694Z","season":15,"tournament":-1,"type":185,"day":60,"phase":4,"category":1,"description":"Beasley Day's Bat broke!","nuts":0}