{"id":"6ae92aa0-370b-487b-a630-a0bdf3776aaf","playerTags":["32810dca-825c-4dbc-8b65-0702794c424e"],"teamTags":["23e4cbc1-e9cd-47fa-a35b-bfa06f726cb7"],"gameTags":["62986f32-2d78-4138-8f7c-1148c1d89d64"],"metadata":{"mods":[],"play":54,"itemId":"2538ba5d-bc0d-485b-a714-42913ea733ef","parent":"f14bb4cb-7663-4b53-93fb-7d85c5a5f245","subPlay":0,"itemName":"Bat","playerRating":2.626008168247134,"itemDurability":1,"itemHealthAfter":0,"itemHealthBefore":1,"playerItemRatingAfter":0,"playerItemRatingBefore":0.03329922933428631},"created":"2021-04-13T23:04:27.610Z","season":15,"tournament":-1,"type":185,"day":30,"phase":4,"category":1,"description":"Eduardo Woodman's Bat broke!","nuts":0}