{"id":"6bfda993-ae45-4790-9dd9-47ba6f72d5b4","playerTags":["c9e4a49e-e35a-4034-a4c7-293896b40c58"],"teamTags":["b72f3061-f573-40d7-832a-5ad475bd7909"],"gameTags":["aeeae855-b749-4378-8e15-d97b48eb3df9"],"metadata":{"mods":[],"play":224,"itemId":"b49200eb-4c02-4347-ac45-20f4a7d232f0","parent":"22fa8565-4e9a-425b-b23f-69d20486b7e6","subPlay":0,"itemName":"Bat","playerRating":2.394935857895044,"itemDurability":1,"itemHealthAfter":0,"itemHealthBefore":1,"playerItemRatingAfter":0,"playerItemRatingBefore":0.04069239368811112},"created":"2021-04-15T08:18:50.802Z","season":15,"tournament":-1,"type":185,"day":62,"phase":4,"category":1,"description":"Alexander Horne's Bat broke!","nuts":0}