{"id":"6e653386-171d-4612-afb3-71ddf047ca0b","playerTags":["efafe75e-2f00-4418-914c-9b6675d39264"],"teamTags":["747b8e4a-7e50-4638-a973-ea7950a3e739"],"gameTags":["f487592d-d47d-4b0b-bf79-b640cb0b47ff"],"metadata":{"mods":[],"play":5,"itemId":"097a1d1d-cd6c-40c6-85b1-d52a385454b2","parent":"456d7f18-db05-47c1-b3f0-c4a832b62450","subPlay":0,"itemName":"Bat","playerRating":3.525684401514483,"itemDurability":1,"itemHealthAfter":0,"itemHealthBefore":1,"playerItemRatingAfter":0,"playerItemRatingBefore":0.04909050739177978},"created":"2021-04-14T11:00:21.507Z","season":15,"tournament":-1,"type":185,"day":41,"phase":4,"category":1,"description":"Aldon Cashmoney's Bat broke!","nuts":4}