{"id":"704d4776-ded1-47e9-a4c1-cdd27671233e","playerTags":["df4da81a-917b-434f-b309-f00423ee4967"],"teamTags":["f02aeae2-5e6a-4098-9842-02d2273f25c7"],"gameTags":["09b8a88e-f1cd-492b-93b8-d9a82ccefac0"],"metadata":{"mods":[],"play":149,"itemId":"7b2c192b-9cdc-48b6-9e4b-b87f47587c89","parent":"dbfb8171-7a63-4628-b9f7-4e7f7ae16b19","subPlay":0,"itemName":"Bat","playerRating":2.3126496445902838,"itemDurability":1,"itemHealthAfter":0,"itemHealthBefore":1,"playerItemRatingAfter":0,"playerItemRatingBefore":0.016731644632238085},"created":"2021-04-14T09:12:29.476Z","season":15,"tournament":-1,"type":185,"day":39,"phase":4,"category":1,"description":"Eugenia Bickle's Bat broke!","nuts":0}