{"id":"754b4b36-a589-484c-9173-a4b991143427","playerTags":["d2d76815-cbdc-4c4b-9c9e-32ebf2297cc7"],"teamTags":["9debc64f-74b7-4ae1-a4d6-fce0144b6ea5"],"gameTags":["c49ca171-6b34-4a14-87d1-d14e713de21d"],"metadata":{"mods":[],"play":262,"itemId":"0ed6cde0-69ab-45f7-9a3b-b1afc1d79189","parent":"cf9857e9-ddbb-4879-9274-f97b3f8b60f8","subPlay":0,"itemName":"Bat","playerRating":2.337188110530805,"itemDurability":1,"itemHealthAfter":0,"itemHealthBefore":1,"playerItemRatingAfter":0,"playerItemRatingBefore":0.03259200039684562},"created":"2021-04-12T18:22:18.821Z","season":15,"tournament":-1,"type":185,"day":3,"phase":2,"category":1,"description":"Denzel Scott's Bat broke!","nuts":6}