{"id":"767c1796-14bb-4047-8cde-49f518240d8a","playerTags":["19241aa4-38e3-45ed-9750-68f4401f80e1"],"teamTags":["c73b705c-40ad-4633-a6ed-d357ee2e2bcf"],"gameTags":["7a8d0014-d95e-4034-ac78-be4da804063e"],"metadata":{"mods":[],"play":272,"itemId":"029bffe7-1193-4af0-b0f1-d50a82cd3a31","parent":"7a72ee12-2437-45a1-973c-d8f3c058cfe8","subPlay":0,"itemName":"Bat","playerRating":2.1180811159133643,"itemDurability":1,"itemHealthAfter":0,"itemHealthBefore":1,"playerItemRatingAfter":0,"playerItemRatingBefore":0.03782573207437068},"created":"2021-04-14T01:23:15.947Z","season":15,"tournament":-1,"type":185,"day":32,"phase":4,"category":1,"description":"Ayanna Dumpington's Bat broke!","nuts":0}