{"id":"770cd118-4924-46fb-880d-b0144f88987c","playerTags":["99766c1b-c590-4261-b1b7-3e9c7fc35608"],"teamTags":["57ec08cc-0411-4643-b304-0e80dbc15ac7"],"gameTags":["6ad70297-e069-4144-ba21-98ea6a30e649"],"metadata":{"mods":[],"play":159,"itemId":"bcc3f2a0-e635-402c-87bf-48bf4d3a0839","parent":"cf061e5a-cbc7-437d-af2e-c9f5b7360a6e","subPlay":0,"itemName":"Bat","playerRating":2.246462213048283,"itemDurability":1,"itemHealthAfter":0,"itemHealthBefore":1,"playerItemRatingAfter":0,"playerItemRatingBefore":0.04944752204102543},"created":"2021-04-15T14:13:24.127Z","season":15,"tournament":-1,"type":185,"day":68,"phase":4,"category":1,"description":"Jasper Blather's Bat broke!","nuts":0}