{"id":"776f571f-f693-4e99-a394-fc380b60b6dc","playerTags":["7b55d484-6ea9-4670-8145-986cb9e32412"],"teamTags":["979aee4a-6d80-4863-bf1c-ee1a78e06024"],"gameTags":["7e94136f-14ee-4460-aef1-069075c1713c"],"metadata":{"mods":[],"play":186,"itemId":"68613ddb-706d-44c4-bcd0-669debec655e","parent":"6169db64-fa7b-4a00-95bd-efa87a061dc7","subPlay":0,"itemName":"Bat","playerRating":3.3192342440945755,"itemDurability":1,"itemHealthAfter":0,"itemHealthBefore":1,"playerItemRatingAfter":0,"playerItemRatingBefore":0.04816825164542615},"created":"2021-04-13T11:15:49.483Z","season":15,"tournament":-1,"type":185,"day":19,"phase":2,"category":1,"description":"Stevenson Heat's Bat broke!","nuts":0}