{"id":"78668c57-75f5-480c-ba4e-6c6b6ca44c99","playerTags":["c22e3af5-9001-465f-b450-864d7db2b4a0"],"teamTags":["b63be8c2-576a-4d6e-8daf-814f8bcea96f"],"gameTags":["ba7a3541-3fd6-465f-bf63-613afa110692"],"metadata":{"mods":[],"play":38,"itemId":"aa0f8bfc-ca43-472e-8cee-8e8546dea95d","parent":"e09b85f0-2288-45cf-a6f1-fa48bccb12a8","subPlay":0,"itemName":"Bat","playerRating":2.7361133201794963,"itemDurability":1,"itemHealthAfter":0,"itemHealthBefore":1,"playerItemRatingAfter":0,"playerItemRatingBefore":0.03419334610675895},"created":"2021-04-15T07:03:26.367Z","season":15,"tournament":-1,"type":185,"day":61,"phase":4,"category":1,"description":"Logan Horseman's Bat broke!","nuts":0}