{"id":"79a00234-2169-4231-9998-6ecf92bcc470","playerTags":["fcbe1d14-04c4-4331-97ad-46e170610633"],"teamTags":["adc5b394-8f76-416d-9ce9-813706877b84"],"gameTags":["f7e7d6a0-8d6f-42cf-ad42-ffa6cfca7680"],"metadata":{"mods":[],"play":80,"itemId":"58925187-081c-436e-acbf-57675ff32208","parent":"e237f8e0-c548-4188-b046-07253ee8f461","subPlay":0,"itemName":"Bat","playerRating":2.4029212574400622,"itemDurability":1,"itemHealthAfter":0,"itemHealthBefore":1,"playerItemRatingAfter":0,"playerItemRatingBefore":0.037303094987313545},"created":"2021-04-13T21:06:43.272Z","season":15,"tournament":-1,"type":185,"day":28,"phase":4,"category":1,"description":"Jode Preston's Bat broke!","nuts":0}