{"id":"7db4acea-2f39-41bc-a282-362bd55c1b20","playerTags":["be18d363-752d-4e4a-b06b-1a7e4641400b"],"teamTags":["3f8bbb15-61c0-4e3f-8e4a-907a5fb1565e"],"gameTags":["ddf61312-0665-4134-8e17-4d9d2af445bf"],"metadata":{"mods":[],"play":299,"itemId":"7c3d85d6-9569-4a67-b1b4-c844cb23274b","parent":"a636fce8-86b6-4ec6-8e58-5249210a74ba","subPlay":0,"itemName":"Bat","playerRating":2.7324660423093943,"itemDurability":1,"itemHealthAfter":0,"itemHealthBefore":1,"playerItemRatingAfter":0,"playerItemRatingBefore":0.03305100626252977},"created":"2021-04-14T14:25:40.826Z","season":15,"tournament":-1,"type":185,"day":44,"phase":4,"category":1,"description":"Scores Baserunner's Bat broke!","nuts":0}