{"id":"7f970a20-cc5b-4664-b084-8735be06caea","playerTags":["c31d874c-1b4d-40f2-a1b3-42542e934047"],"teamTags":["eb67ae5e-c4bf-46ca-bbbc-425cd34182ff"],"gameTags":["c01fcc81-dad2-407b-a009-85b75d1aea33"],"metadata":{"mods":[],"play":283,"itemId":"05e10b96-9735-47e3-b53b-0faa3ba85292","parent":"4514f9ea-9120-4346-9cb8-166192705f99","subPlay":0,"itemName":"Bat","playerRating":1.9424156898601872,"itemDurability":1,"itemHealthAfter":0,"itemHealthBefore":1,"playerItemRatingAfter":0,"playerItemRatingBefore":0.029772856703613015},"created":"2021-04-14T02:24:20.172Z","season":15,"tournament":-1,"type":185,"day":33,"phase":4,"category":1,"description":"Cedric Spliff's Bat broke!","nuts":0}