{"id":"7fe03b88-b4ff-4a4c-b3eb-8436ececc5fd","playerTags":["138fccc3-e66f-4b07-8327-d4b6f372f654"],"teamTags":["36569151-a2fb-43c1-9df7-2df512424c82"],"gameTags":["22a60850-ac00-4671-a041-12e655589e68"],"metadata":{"mods":[],"play":155,"itemId":"03bb567f-303e-4703-a6d0-873f8674d2f1","parent":"130bbf51-19c2-4e8c-a319-7601f84067bb","subPlay":0,"itemName":"Bat","playerRating":0.8814023321362096,"itemDurability":1,"itemHealthAfter":0,"itemHealthBefore":1,"playerItemRatingAfter":0,"playerItemRatingBefore":0.04889618647780982},"created":"2021-04-13T02:13:40.362Z","season":15,"tournament":-1,"type":185,"day":11,"phase":2,"category":1,"description":"Oscar Vaughan's Bat broke!","nuts":1}