{"id":"83f468b1-8983-40da-9621-ee26222ab331","playerTags":["9397ed91-608e-4b13-98ea-e94c795f651e"],"teamTags":["9debc64f-74b7-4ae1-a4d6-fce0144b6ea5"],"gameTags":["b7efe6cd-c323-46f5-841d-61050608e8ba"],"metadata":{"mods":[],"play":272,"itemId":"3ef358ab-06a7-4d43-940a-23f4686ad2b5","parent":"d4760de0-ccb9-4415-9c21-78bdf1cf6432","subPlay":0,"itemName":"Bat","playerRating":2.6348100552171005,"itemDurability":1,"itemHealthAfter":0,"itemHealthBefore":1,"playerItemRatingAfter":0,"playerItemRatingBefore":0.08585358343626937},"created":"2021-04-13T13:23:15.312Z","season":15,"tournament":-1,"type":185,"day":21,"phase":2,"category":1,"description":"Yeong-Ho Garcia's Bat broke!","nuts":1}