{"id":"88f721e5-bc22-4905-b7ea-fbf742a09aec","playerTags":["12577256-bc4e-4955-81d6-b422d895fb12"],"teamTags":["b63be8c2-576a-4d6e-8daf-814f8bcea96f"],"gameTags":["1c91113d-3355-462d-8ff3-432b32f52dd7"],"metadata":{"mods":[],"play":202,"itemId":"dc978e67-f51f-4b7e-876a-0f334b3ab730","parent":"198745eb-d67d-4806-9c48-d649fdbb2ab0","subPlay":0,"itemName":"Bat","playerRating":1.4538783190371103,"itemDurability":1,"itemHealthAfter":0,"itemHealthBefore":1,"playerItemRatingAfter":0,"playerItemRatingBefore":0.09231943874757725},"created":"2021-04-14T09:17:13.967Z","season":15,"tournament":-1,"type":185,"day":39,"phase":4,"category":1,"description":"Jasmine Washington's Bat broke!","nuts":0}