{"id":"8cea17d6-3847-4fd5-b704-c50134a7f832","playerTags":["41ad8060-2bbe-4872-a879-22cb102bb64c"],"teamTags":["9debc64f-74b7-4ae1-a4d6-fce0144b6ea5"],"gameTags":["6940fa6e-69cb-45d8-bf27-337c383ceff8"],"metadata":{"mods":[],"play":337,"itemId":"9e7bc3af-6507-4324-822f-82b75b0249df","parent":"8c94dd6c-c9ab-4d6d-9219-cd9591359bce","subPlay":0,"itemName":"Bat","playerRating":1.8526541195290516,"itemDurability":1,"itemHealthAfter":0,"itemHealthBefore":1,"playerItemRatingAfter":0,"playerItemRatingBefore":0.020279775537404787},"created":"2021-04-12T21:29:08.229Z","season":15,"tournament":-1,"type":185,"day":6,"phase":2,"category":1,"description":"Yrjö Kerfuffle's Bat broke!","nuts":0}