{"id":"8dc7c70b-1c72-40ac-90b9-c41144122c56","playerTags":["7dca7137-b872-46f5-8e59-8c9c996e9d22"],"teamTags":["9debc64f-74b7-4ae1-a4d6-fce0144b6ea5"],"gameTags":["fabe3891-fffe-4c9d-bce0-5934f0565e7c"],"metadata":{"mods":[],"play":139,"itemId":"5de3aaaf-1a3c-43e9-8dea-24fe21374495","parent":"5f36b466-7b38-4d42-9e51-3e484ba121f7","subPlay":0,"itemName":"Bat","playerRating":1.8421849463071291,"itemDurability":1,"itemHealthAfter":0,"itemHealthBefore":1,"playerItemRatingAfter":0,"playerItemRatingBefore":0.020911808303599067},"created":"2021-04-14T22:11:53.164Z","season":15,"tournament":-1,"type":185,"day":52,"phase":4,"category":1,"description":"Emmett Tabby's Bat broke!","nuts":0}