{"id":"8e4c8a34-adee-46f2-b92c-3bf48f7ca0bf","playerTags":["089af518-e27c-4256-adc8-62e3f4b30f43"],"teamTags":["57ec08cc-0411-4643-b304-0e80dbc15ac7"],"gameTags":["d161ae32-a97a-4dd6-8b1d-938413410d61"],"metadata":{"mods":[],"play":179,"itemId":"f20ed808-81ab-4f58-8beb-2ae67606a305","parent":"4479b966-ef80-46c6-a826-5c5fa2402e91","subPlay":0,"itemName":"Bat","playerRating":1.703429287240486,"itemDurability":1,"itemHealthAfter":0,"itemHealthBefore":1,"playerItemRatingAfter":0,"playerItemRatingBefore":0.05573384804600473},"created":"2021-04-12T19:15:03.567Z","season":15,"tournament":-1,"type":185,"day":4,"phase":2,"category":1,"description":"Silvia Rugrat's Bat broke!","nuts":0}