{"id":"8ebd1dc0-603c-448c-9871-8b39717b2d76","playerTags":["03b80a57-77ea-4913-9be4-7a85c3594745"],"teamTags":["bfd38797-8404-4b38-8b82-341da28b1f83"],"gameTags":["c8e395d0-1c80-4357-9d27-61b7fdd3ca81"],"metadata":{"mods":[],"play":267,"itemId":"a7168497-8bea-43fd-be29-dd8c11658fac","parent":"eaa7eec3-bd7e-4daa-8715-23732adc438e","subPlay":0,"itemName":"Hot Bat","playerRating":1.9521767541328814,"itemDurability":2,"itemHealthAfter":0,"itemHealthBefore":1,"playerItemRatingAfter":0,"playerItemRatingBefore":0.1344151450116108},"created":"2021-04-14T21:22:56.175Z","season":15,"tournament":-1,"type":185,"day":51,"phase":4,"category":1,"description":"Halexandrey Walton's Hot Bat broke!","nuts":0}