{"id":"90a05c36-99e6-4c36-bc25-be9d8fd338f6","playerTags":["13a05157-6172-4431-947b-a058217b4aa5"],"teamTags":["979aee4a-6d80-4863-bf1c-ee1a78e06024"],"gameTags":["2388025c-6b2b-4e04-bc82-52ad00e67583"],"metadata":{"mods":[],"play":170,"itemId":"acbcfe39-482b-45dd-b3b3-0f6c58f7981b","parent":"a53a5204-db4d-4240-ae18-4314e6b436ae","subPlay":0,"itemName":"Bat","playerRating":2.1795553198817097,"itemDurability":1,"itemHealthAfter":0,"itemHealthBefore":1,"playerItemRatingAfter":0,"playerItemRatingBefore":0.03676092678076592},"created":"2021-04-13T18:14:52.479Z","season":15,"tournament":-1,"type":185,"day":26,"phase":2,"category":1,"description":"Spears Taylor's Bat broke!","nuts":3}