{"id":"91286a9e-ecda-40c9-93bf-5ba19bdcba43","playerTags":["f245f6c6-4613-40f5-bc3b-85aa9ee3cf7e"],"teamTags":["23e4cbc1-e9cd-47fa-a35b-bfa06f726cb7"],"gameTags":["52285de8-8237-4b97-870b-f5f96861aca7"],"metadata":{"mods":[],"play":303,"itemId":"92ffc2d2-2d9c-4607-8794-831edca00905","parent":"6c19c021-875e-4c32-b0b8-e4a84649430d","subPlay":0,"itemName":"Bat","playerRating":2.24505988543757,"itemDurability":1,"itemHealthAfter":0,"itemHealthBefore":1,"playerItemRatingAfter":0,"playerItemRatingBefore":0.03073946672959249},"created":"2021-04-13T09:26:00.699Z","season":15,"tournament":-1,"type":185,"day":17,"phase":2,"category":1,"description":"Usurper Violet's Bat broke!","nuts":0}