{"id":"92bb375e-de95-46c6-8dc0-eac03bd1efcf","playerTags":["020ed630-8bae-4441-95cc-0e4ecc27253b"],"teamTags":["bfd38797-8404-4b38-8b82-341da28b1f83"],"gameTags":["062d7300-f54f-40b4-807f-b68bbd6c54b0"],"metadata":{"mods":[],"play":17,"itemId":"cc9ccb97-5817-41c1-bd48-0f7e24087e6b","parent":"10eabc9d-2d52-40a2-b30b-50d60b12a820","subPlay":0,"itemName":"Bat","playerRating":3.070889341515352,"itemDurability":1,"itemHealthAfter":0,"itemHealthBefore":1,"playerItemRatingAfter":0,"playerItemRatingBefore":0.049964998177783326},"created":"2021-04-13T11:01:21.719Z","season":15,"tournament":-1,"type":185,"day":19,"phase":2,"category":1,"description":"Simon Haley's Bat broke!","nuts":0}