{"id":"95937a52-d431-4c28-a705-cc2ef70415a1","playerTags":["b39b5aae-8571-4c90-887a-6a00f2a2f6fd"],"teamTags":["b024e975-1c4a-4575-8936-a3754a08806a"],"gameTags":["9983e153-4051-44eb-878a-6abfbf3b3103"],"metadata":{"mods":[],"play":39,"itemId":"8753fe24-8fb5-4d95-bf2a-a378f3dfab49","parent":"d9e730bf-a635-4518-ab4f-6e3bcff4b2ac","subPlay":0,"itemName":"Bat","playerRating":2.27185086903958,"itemDurability":1,"itemHealthAfter":0,"itemHealthBefore":1,"playerItemRatingAfter":0,"playerItemRatingBefore":0.016950440261999322},"created":"2021-04-13T21:03:12.399Z","season":15,"tournament":-1,"type":185,"day":28,"phase":4,"category":1,"description":"Dickerson Morse's Bat broke!","nuts":0}