{"id":"9628c4d5-be5c-4d6f-836e-50830d1c3644","playerTags":["86d4e22b-f107-4bcf-9625-32d387fcb521"],"teamTags":["eb67ae5e-c4bf-46ca-bbbc-425cd34182ff"],"gameTags":["ca30fbfb-0390-4426-ba9f-b1f482a19998"],"metadata":{"mods":[],"play":249,"itemId":"68555fb2-5aa8-4594-80f3-e43f96b12fd3","parent":"24cf3c18-e422-4de6-ad91-6c9bfc4ec09b","subPlay":0,"itemName":"Bat","playerRating":1.7495848814426815,"itemDurability":1,"itemHealthAfter":0,"itemHealthBefore":1,"playerItemRatingAfter":0,"playerItemRatingBefore":0.0365287499248218},"created":"2021-04-14T13:21:29.439Z","season":15,"tournament":-1,"type":185,"day":43,"phase":4,"category":1,"description":"York Silk's Bat broke!","nuts":25}