{"id":"9ce335f6-ec3d-44fa-ad10-5f10be0f7379","playerTags":["0f61d948-4f0c-4550-8410-ae1c7f9f5613"],"teamTags":["a37f9158-7f82-46bc-908c-c9e2dda7c33b"],"gameTags":["3a6a2191-72d9-43c3-a75d-d92efa29b539"],"metadata":{"mods":[],"play":113,"itemId":"b926c676-571b-47fa-b2cc-a4be059257ea","parent":"6e97a379-5c86-4e2d-bd9c-d98bc348b884","subPlay":0,"itemName":"Bat","playerRating":2.6394353285100616,"itemDurability":1,"itemHealthAfter":0,"itemHealthBefore":1,"playerItemRatingAfter":0,"playerItemRatingBefore":0.03462235631142907},"created":"2021-04-12T21:09:36.954Z","season":15,"tournament":-1,"type":185,"day":6,"phase":2,"category":1,"description":"Tamara Crankit's Bat broke!","nuts":1}