{"id":"a1500d89-2f3c-42cb-9cd5-cd772db2812a","playerTags":["af6b3edc-ed52-4edc-b0c9-14e0a5ae0ee3"],"teamTags":["b63be8c2-576a-4d6e-8daf-814f8bcea96f"],"gameTags":["b7efe6cd-c323-46f5-841d-61050608e8ba"],"metadata":{"mods":[],"play":262,"itemId":"be4c9f77-76fc-41ea-a66a-6b03f22b5570","parent":"4de55828-9d39-4b10-8c92-16ec6a0dec95","subPlay":0,"itemName":"Bat","playerRating":3.513465930390714,"itemDurability":1,"itemHealthAfter":0,"itemHealthBefore":1,"playerItemRatingAfter":0,"playerItemRatingBefore":0.04154791962017779},"created":"2021-04-13T13:22:25.036Z","season":15,"tournament":-1,"type":185,"day":21,"phase":2,"category":1,"description":"Rivers Clembons' Bat broke!","nuts":0}