{"id":"a6850da2-dcab-4b24-813f-c3e47689b3f4","playerTags":["1a93a2d2-b5b6-479b-a595-703e4a2f3885"],"teamTags":["8d87c468-699a-47a8-b40d-cfb73a5660ad"],"gameTags":["ea049b5e-6f3a-4755-899d-c8d09dec7229"],"metadata":{"mods":[],"play":81,"itemId":"366fa2b9-c542-4f46-a42e-7f6f54d92181","parent":"71aa45e9-4227-48b9-a32b-c45f76169e62","subPlay":0,"itemName":"Bat","playerRating":3.235747343374223,"itemDurability":1,"itemHealthAfter":0,"itemHealthBefore":1,"playerItemRatingAfter":0,"playerItemRatingBefore":0.0687665820468325},"created":"2021-04-14T01:06:52.462Z","season":15,"tournament":-1,"type":185,"day":32,"phase":4,"category":1,"description":"Pedro Davids' Bat broke!","nuts":1}