{"id":"a772427b-d876-46b2-8842-8fdebb61f18d","playerTags":["19241aa4-38e3-45ed-9750-68f4401f80e1"],"teamTags":["c73b705c-40ad-4633-a6ed-d357ee2e2bcf"],"gameTags":["ca8e8ea3-bc2b-453c-b036-305671524ea6"],"metadata":{"mods":[],"play":165,"itemId":"029bffe7-1193-4af0-b0f1-d50a82cd3a31","parent":"dbff1e8c-f243-4b8e-860c-78a200542995","subPlay":0,"itemName":"Bat","playerRating":2.1180811159133643,"itemDurability":1,"itemHealthAfter":0,"itemHealthBefore":1,"playerItemRatingAfter":0,"playerItemRatingBefore":0.03782573207437068},"created":"2021-04-15T11:14:13.324Z","season":15,"tournament":-1,"type":185,"day":65,"phase":4,"category":1,"description":"Ayanna Dumpington's Bat broke!","nuts":0}