{"id":"a9d88eb8-772b-477b-b80f-ab883b5ccc06","playerTags":["8adb084b-19fe-4295-bcd2-f92afdb62bd7"],"teamTags":["7966eb04-efcc-499b-8f03-d13916330531"],"gameTags":["61da6a58-07fb-4b47-893e-0513e61d7c68"],"metadata":{"mods":[],"play":56,"itemId":"c2d1ea07-0223-4de3-b0a0-55bd10e09011","parent":"e09b777e-2326-4b39-8383-9717716ac61e","subPlay":0,"itemName":"Bat","playerRating":2.37973674460268,"itemDurability":1,"itemHealthAfter":0,"itemHealthBefore":1,"playerItemRatingAfter":0,"playerItemRatingBefore":0.04178340891046539},"created":"2021-04-15T15:04:41.998Z","season":15,"tournament":-1,"type":185,"day":69,"phase":4,"category":1,"description":"Logan Rodriguez's Bat broke!","nuts":0}