{"id":"aa6f6513-ac30-4137-93dd-efc32131e1ee","playerTags":["06fdd1ed-13a0-4eb2-a7dd-4e9551235a68"],"teamTags":["bb4a9de5-c924-4923-a0cb-9d1445f1ee5d"],"gameTags":["ca8e8ea3-bc2b-453c-b036-305671524ea6"],"metadata":{"mods":[],"play":276,"itemId":"c6b06440-01b5-4e2f-b703-49d67c9d3cd3","parent":"2fe36f48-64e3-45b5-ae6f-eb9d89f808f4","subPlay":0,"itemName":"Bat","playerRating":3.2290227994366134,"itemDurability":1,"itemHealthAfter":0,"itemHealthBefore":1,"playerItemRatingAfter":0,"playerItemRatingBefore":0.05292797625403545},"created":"2021-04-15T11:23:49.736Z","season":15,"tournament":-1,"type":185,"day":65,"phase":4,"category":1,"description":"Xandra Pancakes' Bat broke!","nuts":0}