{"id":"abb32c4a-79f9-4e8b-b956-bd87c59fd901","playerTags":["e4f1f358-ee1f-4466-863e-f329766279d0"],"teamTags":["57ec08cc-0411-4643-b304-0e80dbc15ac7"],"gameTags":["7ef6f05d-a143-42cf-a247-0e031342ffb4"],"metadata":{"mods":[],"play":40,"itemId":"2a0925d6-9cf9-4cb9-abc0-cec81579d02f","parent":"b54371eb-0140-452d-b1de-af31d30575d4","subPlay":0,"itemName":"Bat","playerRating":1.823381006952244,"itemDurability":1,"itemHealthAfter":0,"itemHealthBefore":1,"playerItemRatingAfter":0,"playerItemRatingBefore":0.06860502367394683},"created":"2021-04-13T21:03:17.488Z","season":15,"tournament":-1,"type":185,"day":28,"phase":4,"category":1,"description":"Ronan Combs' Bat broke!","nuts":0}