{"id":"ac25c325-1abe-4e69-99f8-93e0f4d3b360","playerTags":["c6a19154-7438-4c4f-b786-2dfaf5951f0f"],"teamTags":["8d87c468-699a-47a8-b40d-cfb73a5660ad"],"gameTags":["7639ef34-8a9a-40b9-8a99-c373f1c649e1"],"metadata":{"mods":[],"play":56,"itemId":"c102aff6-5fb6-40cf-babd-0a2e4d572379","parent":"43121277-033d-4ee5-96c9-9d7cead83cb1","subPlay":0,"itemName":"Bat","playerRating":2.163262824567331,"itemDurability":1,"itemHealthAfter":0,"itemHealthBefore":1,"playerItemRatingAfter":0,"playerItemRatingBefore":0.04892718208089475},"created":"2021-04-13T06:04:46.755Z","season":15,"tournament":-1,"type":185,"day":15,"phase":2,"category":1,"description":"Silvaire Roadhouse's Bat broke!","nuts":1}