{"id":"afb9a2d3-0f3a-4445-97c9-ac0869a611a0","playerTags":["ff5a37d9-a6dd-49aa-b6fb-b935fd670820"],"teamTags":["3f8bbb15-61c0-4e3f-8e4a-907a5fb1565e"],"gameTags":["7330c526-4f84-497f-a1dd-b3ebc8396f34"],"metadata":{"mods":[],"play":209,"itemId":"60a236a5-d0bd-404b-a035-368523089eaf","parent":"4f0ab449-200b-4904-a651-80e4baa16e21","subPlay":0,"itemName":"Bat","playerRating":3.161509107308896,"itemDurability":1,"itemHealthAfter":0,"itemHealthBefore":1,"playerItemRatingAfter":0,"playerItemRatingBefore":0.04468304047870586},"created":"2021-04-13T12:17:54.456Z","season":15,"tournament":-1,"type":185,"day":20,"phase":2,"category":1,"description":"Dunn Keyes' Bat broke!","nuts":0}