{"id":"b017d3ad-dbff-4951-94c6-cf554e954ef8","playerTags":["766dfd1e-11c3-42b6-a167-9b2d568b5dc0"],"teamTags":["36569151-a2fb-43c1-9df7-2df512424c82"],"gameTags":["63df45d6-6e1f-4213-9c8e-f30cb0f0d4ad"],"metadata":{"mods":[],"play":58,"itemId":"07e5d2bc-29ca-47dc-b54e-4359dbe9e15e","parent":"ef468fd9-f647-43be-9156-045740cdf9cf","subPlay":0,"itemName":"Bat","playerRating":2.9036985985410704,"itemDurability":1,"itemHealthAfter":0,"itemHealthBefore":1,"playerItemRatingAfter":0,"playerItemRatingBefore":0.035524693369518356},"created":"2021-04-14T14:04:47.532Z","season":15,"tournament":-1,"type":185,"day":44,"phase":4,"category":1,"description":"CONSUMERS ATTACK\nSANDIE TURNER DEFENDS\n\nBAT BREAKS","nuts":4}