{"id":"b7793019-7f05-4e86-a59c-e3f65b6fddae","playerTags":["316abea7-9890-4fb8-aaea-86b35e24d9be"],"teamTags":["ca3f1c8c-c025-4d8e-8eef-5be6accbeb16"],"gameTags":["ab515642-2d0f-4601-a26d-1b1f0fa86ca0"],"metadata":{"mods":[],"play":109,"itemId":"87a516ad-30e8-44c7-b768-87dd407fea85","parent":"33ae39b3-8d57-4d9e-86ee-1cb677643f4f","subPlay":0,"itemName":"Bat","playerRating":1.573131506511138,"itemDurability":1,"itemHealthAfter":0,"itemHealthBefore":1,"playerItemRatingAfter":0,"playerItemRatingBefore":0.049665102239200176},"created":"2021-04-12T21:09:21.530Z","season":15,"tournament":-1,"type":185,"day":6,"phase":2,"category":1,"description":"Kennedy Rodgers' Bat broke!","nuts":7}