{"id":"b98a3be8-e490-4014-9287-12d8c5f441d2","playerTags":["8605af4b-b235-43f8-81aa-6381ecdda756"],"teamTags":["bb4a9de5-c924-4923-a0cb-9d1445f1ee5d"],"gameTags":["e5e50256-10a2-47e4-acb4-e26cce6d33b1"],"metadata":{"mods":[],"play":18,"itemId":"882b3e21-d187-45e0-b600-1a199edb2c23","parent":"9b2f4fc2-1820-4db6-950d-76d9a0917de0","subPlay":0,"itemName":"Bat","playerRating":2.1096733846071247,"itemDurability":1,"itemHealthAfter":0,"itemHealthBefore":1,"playerItemRatingAfter":0,"playerItemRatingBefore":0.05331648089456309},"created":"2021-04-14T18:01:26.908Z","season":15,"tournament":-1,"type":185,"day":48,"phase":4,"category":1,"description":"Muse Scantron's Bat broke!","nuts":1}