{"id":"bc912923-d3ca-4a49-a1f3-0bfc1020b313","playerTags":["44c92d97-bb39-469d-a13b-f2dd9ae644d1"],"teamTags":["7966eb04-efcc-499b-8f03-d13916330531"],"gameTags":["4cba451a-de50-4942-8540-7806321abb6f"],"metadata":{"mods":[],"play":8,"itemId":"0d64d7fa-d7eb-4a14-93ce-59bc4f0565a1","parent":"dafa408e-6436-4d50-b68d-bc40b12bb1cd","subPlay":0,"itemName":"Bat","playerRating":2.7598005778445014,"itemDurability":1,"itemHealthAfter":0,"itemHealthBefore":1,"playerItemRatingAfter":0,"playerItemRatingBefore":0.03732130535988243},"created":"2021-04-13T13:00:36.553Z","season":15,"tournament":-1,"type":185,"day":21,"phase":2,"category":1,"description":"-ra---sc- P--sto-'s Bat broke!","nuts":0}