{"id":"bf96f151-c15b-4420-b647-debdb8737731","playerTags":["4ed61b18-c1f6-4d71-aea3-caac01470b5c"],"teamTags":["105bc3ff-1320-4e37-8ef0-8d595cb95dd0"],"gameTags":["bc767975-5348-466a-8e88-61a8d87da6f6"],"metadata":{"mods":[],"play":282,"itemId":"8fb757de-805d-4d73-92f6-e92bdbebf967","parent":"e8582af3-2267-4021-a590-8e7346cd277c","subPlay":0,"itemName":"Bat","playerRating":1.3106861521966793,"itemDurability":1,"itemHealthAfter":0,"itemHealthBefore":1,"playerItemRatingAfter":0,"playerItemRatingBefore":0.0281155877404643},"created":"2021-04-15T15:24:14.192Z","season":15,"tournament":-1,"type":185,"day":69,"phase":4,"category":1,"description":"Lenny Marijuana's Bat broke!","nuts":0}