{"id":"c218da5c-dd14-4937-93e6-62f2336130d6","playerTags":["5bc7e5d4-39be-4d64-a242-abb39aca6f42"],"teamTags":["46358869-dce9-4a01-bfba-ac24fc56f57e"],"gameTags":["4ba94e98-eaea-459b-a952-b975506e16f2"],"metadata":{"mods":[],"play":4,"itemId":"5b5c1189-ac1d-4c98-bb5f-9397a285ce4b","parent":"4bdf13ca-9ad0-4fd8-bf4e-b66243921e80","subPlay":0,"itemName":"Bat","playerRating":2.3230159987074557,"itemDurability":1,"itemHealthAfter":0,"itemHealthBefore":1,"playerItemRatingAfter":0,"playerItemRatingBefore":0.028909394573942704},"created":"2021-04-14T01:00:16.150Z","season":15,"tournament":-1,"type":185,"day":32,"phase":4,"category":1,"description":"Gia Holbrook's Bat broke!","nuts":1}