{"id":"c41b3b99-7568-4c1b-b1b6-4c538d9da74c","playerTags":["44c92d97-bb39-469d-a13b-f2dd9ae644d1"],"teamTags":["7966eb04-efcc-499b-8f03-d13916330531"],"gameTags":["e6eb31d8-e4ae-4931-906d-dc33de5100b4"],"metadata":{"mods":[],"play":91,"itemId":"0d64d7fa-d7eb-4a14-93ce-59bc4f0565a1","parent":"aba104ab-a8d0-473c-940a-d7c796268906","subPlay":0,"itemName":"Bat","playerRating":2.7598005778445014,"itemDurability":1,"itemHealthAfter":0,"itemHealthBefore":1,"playerItemRatingAfter":0,"playerItemRatingBefore":0.03732130535988243},"created":"2021-04-15T04:07:42.581Z","season":15,"tournament":-1,"type":185,"day":58,"phase":4,"category":1,"description":"Francisco Presto-'s Bat broke!","nuts":0}