{"id":"d33e0122-bafb-43d3-abbf-726931c4466b","playerTags":["e3c514ae-f813-470e-9c91-d5baf5ffcf16"],"teamTags":["105bc3ff-1320-4e37-8ef0-8d595cb95dd0"],"gameTags":["0e07ec78-9ee2-4fd1-842c-d0b9a8cd948f"],"metadata":{"mods":[],"play":49,"itemId":"f0650f80-1d51-4e6e-bf26-16b1fc4c2adb","parent":"ea914590-2ba3-4063-8e20-b5d98eb9da12","subPlay":0,"itemName":"Bat","playerRating":2.1445101377454163,"itemDurability":1,"itemHealthAfter":0,"itemHealthBefore":1,"playerItemRatingAfter":0,"playerItemRatingBefore":0.05184258877297965},"created":"2021-04-12T15:04:11.597Z","season":15,"tournament":-1,"type":185,"day":0,"phase":2,"category":1,"description":"CONSUMERS ATTACK\nTOT CLARK DEFENDS\n\nBAT BREAKS","nuts":36}