{"id":"d3b8e877-4db3-40df-97ce-d596d466b764","playerTags":["16aff709-e855-47c8-8818-b9ba66e90fe8"],"teamTags":["36569151-a2fb-43c1-9df7-2df512424c82"],"gameTags":["03577b73-c54d-49bc-a4d5-2fa13e3cecb3"],"metadata":{"mods":[],"play":125,"itemId":"98b33443-6949-4038-b5c1-a39cc9bfc91d","parent":"1ec2da94-cdbc-4d4c-9f8f-e3ca38fad6aa","subPlay":0,"itemName":"Bat","playerRating":2.9910812788197028,"itemDurability":1,"itemHealthAfter":0,"itemHealthBefore":1,"playerItemRatingAfter":0,"playerItemRatingBefore":0.025890408097770323},"created":"2021-04-15T02:10:38.008Z","season":15,"tournament":-1,"type":185,"day":56,"phase":4,"category":1,"description":"CONSUMERS ATTACK\nMULLEN PETERSON DEFENDS\n\nBAT BREAKS","nuts":0}