{"id":"d545207f-f8ac-487c-839c-1b6875830c88","playerTags":["1301ee81-406e-43d9-b2bb-55ca6e0f7765"],"teamTags":["105bc3ff-1320-4e37-8ef0-8d595cb95dd0"],"gameTags":["b0c7220b-967f-44ec-9be7-469e18e23135"],"metadata":{"mods":[],"play":289,"itemId":"5837a032-ae34-4fe4-894c-25ec32ced8ce","parent":"77ba713f-4a62-4c08-8931-e3411c77bc3f","subPlay":0,"itemName":"Bat","playerRating":3.7015785617668255,"itemDurability":1,"itemHealthAfter":0,"itemHealthBefore":1,"playerItemRatingAfter":0,"playerItemRatingBefore":0.053283701642361514},"created":"2021-04-12T16:24:27.282Z","season":15,"tournament":-1,"type":185,"day":1,"phase":2,"category":1,"description":"CONSUMERS ATTACK\nSCATTERED\n-ALIK DE-TIN- DEFENDS\n\nBAT BREAKS","nuts":27}