{"id":"d76fd3de-fd68-49bd-a881-06257293c33d","playerTags":["d0d7b8fe-bad8-481f-978e-cb659304ed49"],"teamTags":["8d87c468-699a-47a8-b40d-cfb73a5660ad"],"gameTags":["23919c1b-579d-49cf-a749-fcaf8fccdd40"],"metadata":{"mods":[],"play":171,"itemId":"8e8c4808-a07a-4fb9-9b31-56061102e6e5","parent":"65fb439a-3407-4ba9-a802-8cbabf3ae86c","subPlay":0,"itemName":"Bat","playerRating":2.123987163265835,"itemDurability":1,"itemHealthAfter":0,"itemHealthBefore":1,"playerItemRatingAfter":0,"playerItemRatingBefore":0.029659489208471557},"created":"2021-04-13T05:14:38.556Z","season":15,"tournament":-1,"type":185,"day":14,"phase":2,"category":1,"description":"Adalberto Tosser's Bat broke!","nuts":0}