{"id":"da23200c-ad99-47a9-b7d8-9e19fba8037d","playerTags":["f3ddfd87-73a2-4681-96fe-829476c97886"],"teamTags":["105bc3ff-1320-4e37-8ef0-8d595cb95dd0"],"gameTags":["ba0a496b-d0ff-4084-a0f0-66f84bd4ea21"],"metadata":{"mods":[],"play":140,"itemId":"319c4b24-b3b8-469a-a28c-71c87784ed88","parent":"f0c25b06-bdde-46f0-baf1-42e3908b76c4","subPlay":0,"itemName":"Bat","playerRating":1.211998248047364,"itemDurability":1,"itemHealthAfter":0,"itemHealthBefore":1,"playerItemRatingAfter":0,"playerItemRatingBefore":0.04896623052501681},"created":"2021-04-13T03:11:43.174Z","season":15,"tournament":-1,"type":185,"day":12,"phase":2,"category":1,"description":"Theodore Duende's Bat broke!","nuts":0}