{"id":"ddb31d22-a43d-4c58-a183-c897162dc1a7","playerTags":["4542f0b0-3409-4a4a-a9e1-e8e8e5d73fcf"],"teamTags":["57ec08cc-0411-4643-b304-0e80dbc15ac7"],"gameTags":["f6432389-41f7-4213-9cd6-378f638319ea"],"metadata":{"mods":[],"play":114,"itemId":"89574e0a-0a25-4b3c-a28a-c64a4207eef3","parent":"f66c1ec5-440d-4538-b486-4068cba05a3b","subPlay":0,"itemName":"Bat","playerRating":2.9864822147095973,"itemDurability":1,"itemHealthAfter":0,"itemHealthBefore":1,"playerItemRatingAfter":0,"playerItemRatingBefore":0.08289444431574833},"created":"2021-04-13T14:09:33.810Z","season":15,"tournament":-1,"type":185,"day":22,"phase":2,"category":1,"description":"Brock Watson's Bat broke!","nuts":0}