{"id":"e061b49a-ec7c-4ea9-9131-2a318a0ffd40","playerTags":["6c346d8b-d186-4228-9adb-ae919d7131dd"],"teamTags":["878c1bf6-0d21-4659-bfee-916c8314d69c"],"gameTags":["418bdc2a-79d5-4e03-b4e4-0e33051f4cf8"],"metadata":{"mods":[],"play":78,"itemId":"1dab2891-a905-4816-a654-084d4988d75e","parent":"62531a4c-d542-4a7a-b708-606a50ab2d27","subPlay":0,"itemName":"Bat","playerRating":2.6783959924300333,"itemDurability":1,"itemHealthAfter":0,"itemHealthBefore":1,"playerItemRatingAfter":0,"playerItemRatingBefore":0.03331534666617997},"created":"2021-04-13T16:06:41.989Z","season":15,"tournament":-1,"type":185,"day":24,"phase":2,"category":1,"description":"Greer Gwiffin's Bat broke!","nuts":0}