{"id":"ebe028ce-d608-4e86-9880-ca2ce58f7a02","playerTags":["9397ed91-608e-4b13-98ea-e94c795f651e"],"teamTags":["9debc64f-74b7-4ae1-a4d6-fce0144b6ea5"],"gameTags":["4fe2bdbf-60c7-4dee-b6f7-0358b8c083c4"],"metadata":{"mods":[],"play":182,"itemId":"3ef358ab-06a7-4d43-940a-23f4686ad2b5","parent":"40b10ed8-1591-4ce1-b1bd-46d8c3664e61","subPlay":0,"itemName":"Bat","playerRating":2.6348100552171005,"itemDurability":1,"itemHealthAfter":0,"itemHealthBefore":1,"playerItemRatingAfter":0,"playerItemRatingBefore":0.08585358343626937},"created":"2021-04-13T18:15:38.546Z","season":15,"tournament":-1,"type":185,"day":26,"phase":2,"category":1,"description":"Yeong-Ho Garcia's Bat broke!","nuts":0}