{"id":"ec20b1ca-29ae-4920-9351-d1a13422926f","playerTags":["41bdb527-1fb2-487d-8237-093958e737e4"],"teamTags":["b024e975-1c4a-4575-8936-a3754a08806a"],"gameTags":["3f470d35-f7cd-4c83-b811-f9a9ec8dbb74"],"metadata":{"mods":[],"play":87,"itemId":"32ed134c-c3e5-48c5-9c12-212a01d87f0a","parent":"260b8351-25fe-4b10-8047-b0e9f68bc4da","subPlay":0,"itemName":"Bat","playerRating":2.5300125669874625,"itemDurability":1,"itemHealthAfter":0,"itemHealthBefore":1,"playerItemRatingAfter":0,"playerItemRatingBefore":0.03383140853045896},"created":"2021-04-13T13:07:36.373Z","season":15,"tournament":-1,"type":185,"day":21,"phase":2,"category":1,"description":"----y- M--l--d's Bat broke!","nuts":6}