{"id":"ed03ba31-c54f-475d-9915-96c6c14bb122","playerTags":["5991ccb3-7eed-46d9-9d7c-69dec9b56d4b"],"teamTags":["46358869-dce9-4a01-bfba-ac24fc56f57e"],"gameTags":["5deffffd-97bd-44b3-bb5d-6a03e91065b0"],"metadata":{"mods":[],"play":19,"itemId":"e3e34bc9-8c61-4925-a82e-fa451e4f760a","parent":"c996f14f-87ea-458d-b3eb-90396191dd02","subPlay":0,"itemName":"Bat","playerRating":2.5171038140336504,"itemDurability":1,"itemHealthAfter":0,"itemHealthBefore":1,"playerItemRatingAfter":0,"playerItemRatingBefore":0.02985744253203848},"created":"2021-04-12T17:01:36.146Z","season":15,"tournament":-1,"type":185,"day":2,"phase":2,"category":1,"description":" Mira Lemma's Bat broke!","nuts":1}