{"id":"ed2f1686-0255-48d5-9bac-ac5bdbe34203","playerTags":["04931546-1b4a-469f-b391-7ed67afe824c"],"teamTags":["36569151-a2fb-43c1-9df7-2df512424c82"],"gameTags":["d0bf347f-8cfa-4f69-bdbf-d10bc667f739"],"metadata":{"mods":[],"play":153,"itemId":"15890b4b-0d47-4d1e-8b64-3374d0de837f","parent":"1d234a05-ab7c-49a8-b64d-bfb225fe1a7c","subPlay":0,"itemName":"Bat","playerRating":3.075380990832928,"itemDurability":1,"itemHealthAfter":0,"itemHealthBefore":1,"playerItemRatingAfter":0,"playerItemRatingBefore":0.046625855210636225},"created":"2021-04-13T23:12:45.239Z","season":15,"tournament":-1,"type":185,"day":30,"phase":4,"category":1,"description":"CONSUMERS ATTACK\nGLABE MOON DEFENDS\n\nBAT BREAKS","nuts":2}