{"id":"ef80bd29-695c-4469-8ac1-a5e296e4827a","playerTags":["21cbbfaa-100e-48c5-9cea-7118b0d08a34"],"teamTags":["979aee4a-6d80-4863-bf1c-ee1a78e06024"],"gameTags":["8329ae80-ed96-4489-aed6-ba64fa619231"],"metadata":{"mods":[],"play":294,"itemId":"e540d07f-b575-475e-be1c-ac130be91191","parent":"acf80387-f734-472a-a56d-7ef6246af753","subPlay":0,"itemName":"Bat","playerRating":2.7551172152033696,"itemDurability":1,"itemHealthAfter":0,"itemHealthBefore":1,"playerItemRatingAfter":0,"playerItemRatingBefore":0.03047626984444346},"created":"2021-04-15T02:25:24.700Z","season":15,"tournament":-1,"type":185,"day":56,"phase":4,"category":1,"description":"Juice Collins' Bat broke!","nuts":0}