{"id":"f1a6f89c-29e0-424a-82f3-7bb3abe40ab6","playerTags":["63df8701-1871-4987-87d7-b55d4f1df2e9"],"teamTags":["878c1bf6-0d21-4659-bfee-916c8314d69c"],"gameTags":["41301bec-422a-437a-940b-684a17c61b9e"],"metadata":{"mods":[],"play":206,"itemId":"4e02c58d-4bfa-4960-b597-d7c0c9e43fd3","parent":"bab4279e-c32b-4604-bfb5-a1c5e0d2deed","subPlay":0,"itemName":"Bat","playerRating":3.556675277982211,"itemDurability":1,"itemHealthAfter":0,"itemHealthBefore":1,"playerItemRatingAfter":0,"playerItemRatingBefore":0.07120323348586177},"created":"2021-04-15T16:17:33.903Z","season":15,"tournament":-1,"type":185,"day":70,"phase":4,"category":1,"description":"Mcdowell Mason's Bat broke!","nuts":0}