{"id":"f52efb24-c3e5-41b9-934f-3d5a37e3c703","playerTags":["aa6c2662-75f8-4506-aa06-9a0993313216"],"teamTags":["7966eb04-efcc-499b-8f03-d13916330531"],"gameTags":["cf5f6b7d-68ef-497c-ae2d-7ea3837661e1"],"metadata":{"mods":[],"play":166,"itemId":"2b6a7fd0-d3e4-4889-a080-6318f03ba705","parent":"7e2ddddc-fd0f-4ea7-b0fd-f519494e5e02","subPlay":0,"itemName":"Bat","playerRating":2.3109400256208126,"itemDurability":1,"itemHealthAfter":0,"itemHealthBefore":1,"playerItemRatingAfter":0,"playerItemRatingBefore":0.03920560676419382},"created":"2021-04-12T20:13:58.386Z","season":15,"tournament":-1,"type":185,"day":5,"phase":2,"category":1,"description":"Eizabeth Elliott's Bat broke!","nuts":1}