{"id":"f836545c-e310-4219-8f08-cd53081eae2a","playerTags":["2c4b2a6d-9961-4e40-882c-a338f4e72117"],"teamTags":["46358869-dce9-4a01-bfba-ac24fc56f57e"],"gameTags":["63bbb223-dfee-4406-83cd-3ddddf323055"],"metadata":{"mods":[],"play":264,"itemId":"0d2259e3-73cf-46c1-8b14-bb3700c8f389","parent":"87ba4146-f6ad-4773-9df0-901951463527","subPlay":0,"itemName":"Bat","playerRating":1.7624438463112118,"itemDurability":1,"itemHealthAfter":0,"itemHealthBefore":1,"playerItemRatingAfter":0,"playerItemRatingBefore":0.053423936628670565},"created":"2021-04-15T05:22:30.247Z","season":15,"tournament":-1,"type":185,"day":59,"phase":4,"category":1,"description":"Evelton McBlase II's Bat broke!","nuts":0}