{"id":"f8bb0887-8aaf-492b-a021-55ddd4c64fd2","playerTags":["973334aa-46d8-4415-912b-a5e267f7529b"],"teamTags":["979aee4a-6d80-4863-bf1c-ee1a78e06024"],"gameTags":["ef73ceb8-d76c-4b34-87db-2d3c43770ca2"],"metadata":{"mods":[],"play":68,"itemId":"6f67fecc-ff7a-4f83-a5c7-3842016f2ae5","parent":"8a56e8e2-8097-4a62-ba27-05c81841dc83","subPlay":0,"itemName":"Bat","playerRating":2.2370621310230843,"itemDurability":1,"itemHealthAfter":0,"itemHealthBefore":1,"playerItemRatingAfter":0,"playerItemRatingBefore":0.04369697050048882},"created":"2021-04-14T21:05:38.237Z","season":15,"tournament":-1,"type":185,"day":51,"phase":4,"category":1,"description":"Fenry Marlow's Bat broke!","nuts":0}