{"id":"4bd1c6b9-20c6-45ff-af80-3170652de7a6","playerTags":["e7ecf646-e5e4-49ef-a0e3-10a78e87f5f4"],"teamTags":["b024e975-1c4a-4575-8936-a3754a08806a"],"gameTags":[],"metadata":{"type":4,"after":1.4329480941700545,"before":0.6177143475098107,"parent":"e7243b37-242d-482a-bacb-7358d039c2ee"},"created":"2021-03-07T19:01:04.582Z","season":11,"tournament":-1,"type":145,"day":115,"phase":13,"category":1,"description":"Gallup Crueller's Alternate is called.","nuts":0}