{"id":"7437d51b-fd00-4528-bc5b-ad97c3f253ea","playerTags":["2da49de2-34e5-49d0-b752-af2a2ee061be"],"teamTags":["7966eb04-efcc-499b-8f03-d13916330531"],"gameTags":[],"metadata":{"type":4,"after":2.565828887148659,"before":1.594628909156385,"parent":"c08003ad-4439-4390-b2c7-abcc6bec50f4"},"created":"2021-03-07T19:01:04.493Z","season":11,"tournament":-1,"type":145,"day":115,"phase":13,"category":1,"description":"Cory Twelve's Alternate is called.","nuts":0}