{"id":"9d1217ae-300b-4e58-93f1-a803f19a7fdc","playerTags":["ce0e57a7-89f5-41ea-80f9-6e649dd54089"],"teamTags":["57ec08cc-0411-4643-b304-0e80dbc15ac7"],"gameTags":[],"metadata":{"type":4,"after":1.55325382869134,"before":1.5890446316233318,"parent":"297044f9-5dd1-48e1-ace9-608dd1662d23"},"created":"2021-04-11T18:16:08.081Z","season":14,"tournament":-1,"type":145,"day":113,"phase":13,"category":1,"description":"Yong Wright's Alternate is called.","nuts":1}