{"id":"ac09f2ea-ecdd-4f43-aa6f-82643ddaa6e2","playerTags":["b60605e6-ff41-4388-a61a-fafd2175f7ad"],"teamTags":["c73b705c-40ad-4633-a6ed-d357ee2e2bcf"],"gameTags":[],"metadata":{"type":4,"after":2.4083735533453283,"before":2.419229200614355,"parent":"2a5d8d3f-a636-411d-9122-3331385a37af"},"created":"2021-04-11T18:16:07.981Z","season":14,"tournament":-1,"type":145,"day":113,"phase":13,"category":1,"description":"Elwin McGhee's Alternate is called.","nuts":3}