{"id":"af6978f3-258c-48e5-a15f-388a768d6f5c","playerTags":["948ce8a8-19cd-4f81-b84f-88cce02c47bc"],"teamTags":["d9f89a8a-c563-493e-9d64-78e4f9a55d4a"],"gameTags":[],"metadata":{"type":4,"after":2.273633689241329,"before":1.5113377521647995,"parent":"554ca935-c2da-470b-b4c7-4284128e4569"},"created":"2021-03-14T18:01:06.422Z","season":12,"tournament":-1,"type":145,"day":115,"phase":13,"category":1,"description":"Flattery McKinley's Alternate is called.","nuts":3}