{"id":"f2430d90-1706-4bdf-9f8f-37dd7451e69e","playerTags":["e4034192-4dc6-4901-bb30-07fe3cf77b5e"],"teamTags":["979aee4a-6d80-4863-bf1c-ee1a78e06024"],"gameTags":[],"metadata":{"type":4,"after":2.0872428170469757,"before":1.6935358513106995,"parent":"096b8156-6c46-42ef-87bc-3615ae6d04b1"},"created":"2021-04-11T18:16:08.289Z","season":14,"tournament":-1,"type":145,"day":113,"phase":13,"category":1,"description":"Baldwin Breadwinner's Alternate is called.","nuts":5}