{"id":"014f32e3-0f29-4695-a057-58dc9de7f2aa","playerTags":["c0732e36-3731-4f1a-abdc-daa9563b6506"],"teamTags":["979aee4a-6d80-4863-bf1c-ee1a78e06024"],"gameTags":["974d2090-a9cd-4ab7-b1a2-fc5fce2942b3"],"metadata":{"play":160,"type":1,"after":1.2593030857569825,"before":1.1375661567178148,"parent":"e99b7d7f-27d8-47ea-b127-6163639bac59","subPlay":1},"created":"2021-03-03T06:13:25.355Z","season":11,"tournament":-1,"type":117,"day":37,"phase":4,"category":1,"description":"Nagomi Mcdaniel drained blood from Marco Stink.","nuts":4}