{"id":"0236f3fe-00c3-4425-b5d6-8fb425163ae1","playerTags":["89ec77d8-c186-4027-bd45-f407b4800c2c"],"teamTags":["7966eb04-efcc-499b-8f03-d13916330531"],"gameTags":["9c6ba61a-4c6f-4fa8-95d4-78b09c9a89ca"],"metadata":{"play":126,"type":4,"after":3.395311722892452,"before":3.189369628678546,"parent":"b889ad65-8b15-4736-94ac-970c4ce54e92","subPlay":0},"created":"2021-03-12T17:10:33.862Z","season":12,"tournament":-1,"type":117,"day":95,"phase":6,"category":1,"description":"James Mora is Partying!","nuts":3}