{"id":"02b5a433-8003-4516-8347-2938b0203378","playerTags":["b643a520-af38-42e3-8f7b-f660e52facc9"],"teamTags":["46358869-dce9-4a01-bfba-ac24fc56f57e"],"gameTags":["ea3aaefe-e0ca-4c75-9690-99a2421cea40"],"metadata":{"play":354,"type":4,"after":2.8354427484454394,"before":2.60174022366719,"parent":"44a2bc87-7049-447f-8af6-183a08d5a407","subPlay":0},"created":"2021-03-19T12:30:02.955Z","season":13,"tournament":-1,"type":117,"day":91,"phase":6,"category":1,"description":"Adelaide Judochop is Partying!","nuts":6}