{"id":"034ea7b2-bd0b-4224-8352-272c3cd5131b","playerTags":["733d80f1-2485-40f7-828b-fd7cd8243a01"],"teamTags":["b024e975-1c4a-4575-8936-a3754a08806a"],"gameTags":["19cf793d-5f2f-432e-bb1a-7472061e3d5d"],"metadata":{"play":194,"type":4,"after":2.786089712884109,"before":2.5120488565700922,"parent":"edb7a125-dbaa-47ce-8355-e7fd590cb5dd","subPlay":0},"created":"2021-03-05T17:16:20.883Z","season":11,"tournament":-1,"type":117,"day":95,"phase":6,"category":1,"description":"Rai Spliff is Partying!","nuts":2}