{"id":"03c7a51b-f70d-4338-b760-8fc9e27a6646","playerTags":["defbc540-a36d-460b-afd8-07da2375ee63"],"teamTags":["3f8bbb15-61c0-4e3f-8e4a-907a5fb1565e"],"gameTags":["62e6312c-58a1-48a7-874c-2976a00af492"],"metadata":{"play":31,"type":4,"after":3.776538165203113,"before":3.5500981174031185,"parent":"388ee8ad-e8f6-4ab7-85c8-da4d44b1e179","subPlay":0},"created":"2021-03-05T19:02:41.435Z","season":11,"tournament":-1,"type":117,"day":97,"phase":6,"category":1,"description":"Castillo Turner is Partying!","nuts":1}