{"id":"03ca8e3e-92a4-4cb0-abd2-3f0c65afd6b0","playerTags":["f0594932-8ef7-4d70-9894-df4be64875d8"],"teamTags":["bfd38797-8404-4b38-8b82-341da28b1f83"],"gameTags":["f5e829ce-8c73-41ca-9b73-4aeee47fdaec"],"metadata":{"play":37,"type":4,"after":2.77171604886607,"before":2.516572535924894,"parent":"1e7584a2-5e30-47ae-9694-2f8556cea6b6","subPlay":0},"created":"2021-03-12T18:03:06.421Z","season":12,"tournament":-1,"type":117,"day":96,"phase":6,"category":1,"description":"Fitzgerald Wanderlust is Partying!","nuts":2}