{"id":"0436563a-9397-4bfd-a2d9-92c489866c2d","playerTags":["82d1b7b4-ce00-4536-8631-a025f05150ce"],"teamTags":["b024e975-1c4a-4575-8936-a3754a08806a"],"gameTags":["cf08225c-8011-43c0-a677-e8b25456fa9d"],"metadata":{"play":243,"type":4,"after":3.40912295054191,"before":3.1746115807696498,"parent":"a248272d-5add-4be2-8b98-64e54a330672","subPlay":0},"created":"2021-03-05T18:20:50.619Z","season":11,"tournament":-1,"type":117,"day":96,"phase":6,"category":1,"description":"Sam Scandal is Partying!","nuts":1}