{"id":"04aae488-1b69-41ee-b9a8-9e81f5602352","playerTags":["34267632-8c32-4a8b-b5e6-ce1568bb0639"],"teamTags":["bfd38797-8404-4b38-8b82-341da28b1f83"],"gameTags":["0ac03de4-e672-4d82-8fe5-3e28af91db86"],"metadata":{"play":267,"type":4,"after":2.944066426312138,"before":2.6902193400313656,"parent":"25c95b45-a486-41cb-919c-23ab26ecda53","subPlay":0},"created":"2021-04-09T16:22:41.439Z","season":14,"tournament":-1,"type":117,"day":95,"phase":6,"category":1,"description":"Gunther O'Brian is Partying!","nuts":10}