{"id":"0503bf8a-ce64-4157-b0d4-498dca3eabc5","playerTags":["80de2b05-e0d4-4d33-9297-9951b2b5c950"],"teamTags":["979aee4a-6d80-4863-bf1c-ee1a78e06024"],"gameTags":["ec5034c6-9c37-40e8-a69c-403c21df06aa"],"metadata":{"play":254,"type":4,"after":4.190746226375824,"before":3.9902619806043043,"parent":"7d159675-d7e1-4193-9022-b378f90533b5","subPlay":0},"created":"2021-03-19T08:21:26.198Z","season":13,"tournament":-1,"type":117,"day":87,"phase":6,"category":1,"description":"Alyssa Harrell is Partying!","nuts":2}