{"id":"053c1d4e-b34d-43b1-bb2f-a50bd201be74","playerTags":["80dff591-2393-448a-8d88-122bd424fa4c"],"teamTags":["23e4cbc1-e9cd-47fa-a35b-bfa06f726cb7"],"gameTags":["6b57b95e-8ad9-4caa-acc7-336d8f2d9bb3"],"metadata":{"play":88,"type":2,"after":0.8295751519773593,"before":0.7480328449203295,"parent":"ca63da40-db6c-4bc3-86fa-dff7b43aae03","subPlay":1},"created":"2021-03-12T01:07:27.470Z","season":12,"tournament":-1,"type":117,"day":79,"phase":6,"category":1,"description":"Elvis Figueroa drained blood from Squid Galvanic.","nuts":2}