{"id":"05ede85f-c04e-4f7d-a05c-003d5fbf2409","playerTags":["e4034192-4dc6-4901-bb30-07fe3cf77b5e"],"teamTags":["979aee4a-6d80-4863-bf1c-ee1a78e06024"],"gameTags":["4163fa5c-ea14-42df-8812-7bf5d889e063"],"metadata":{"play":203,"type":4,"after":1.6935358513106995,"before":1.3297535099432496,"parent":"a7e5a7af-1b1c-4ed1-9a51-bfacc2675f69","subPlay":0},"created":"2021-04-09T19:16:56.787Z","season":14,"tournament":-1,"type":117,"day":98,"phase":6,"category":1,"description":"Baldwin Breadwinner is Partying!","nuts":6}