{"id":"069fc5d3-2322-46d5-9aae-bf7bf30f5022","playerTags":["2268f452-01b9-4e16-98bb-c07e3ce767e3"],"teamTags":["bb4a9de5-c924-4923-a0cb-9d1445f1ee5d"],"gameTags":["3a25e21c-ceaf-46dc-83a0-56c089d5e9ab"],"metadata":{"play":334,"type":4,"after":2.411058883393246,"before":2.1422075455273273,"parent":"3a90b01c-ecf2-486a-a995-fab055eccad2","subPlay":0},"created":"2021-03-12T01:28:59.662Z","season":12,"tournament":-1,"type":117,"day":79,"phase":6,"category":1,"description":"Wanda Schenn is Partying!","nuts":0}