{"id":"06fc1e50-9664-4150-adec-8a1e4e4e9bcd","playerTags":["72fb797a-aea8-4723-b7e4-d110c301320e"],"teamTags":["bb4a9de5-c924-4923-a0cb-9d1445f1ee5d"],"gameTags":["156c8545-cadf-4395-9376-ee1b41beec72"],"metadata":{"play":310,"type":4,"after":2.326897974506458,"before":2.0732518414732954,"parent":"3b9fa6ff-bfbb-439b-9e42-9aea24a8dbb0","subPlay":0},"created":"2021-03-19T16:26:27.091Z","season":13,"tournament":-1,"type":117,"day":95,"phase":6,"category":1,"description":"Persephone Splotter is Partying!","nuts":0}