{"id":"073a3b98-d73d-4c93-bcb0-15b4a8b1e7ad","playerTags":["1068f44b-34a0-42d8-a92e-2be748681a6f"],"teamTags":["b024e975-1c4a-4575-8936-a3754a08806a"],"gameTags":["8455830d-a95e-42c1-b5d7-c712ecb6a0d6"],"metadata":{"play":87,"type":4,"after":2.7999337281501764,"before":2.525458874199392,"parent":"ab98bb0e-fc88-43f9-913a-2a34d13bde13","subPlay":0},"created":"2021-03-19T19:07:22.647Z","season":13,"tournament":-1,"type":117,"day":98,"phase":6,"category":1,"description":"Allison Abbott is Partying!","nuts":1}