{"id":"09f924e2-0748-41de-955d-7701593c878a","playerTags":["924de86d-260b-495b-80e1-57af5767703c"],"teamTags":["bb4a9de5-c924-4923-a0cb-9d1445f1ee5d"],"gameTags":["ebf0c926-ceb9-471f-ac6b-5d439c722eb9"],"metadata":{"play":257,"type":4,"after":2.7028621330564695,"before":2.4608110657050513,"parent":"42dac3eb-a3ca-4999-8b58-bf3ff10da587","subPlay":0},"created":"2021-03-12T18:21:41.279Z","season":12,"tournament":-1,"type":117,"day":96,"phase":6,"category":1,"description":"Patchwork Southwick is Partying!","nuts":0}