{"id":"0c40a2a9-6aa1-4799-9c61-15ccf565d35d","playerTags":["5991ccb3-7eed-46d9-9d7c-69dec9b56d4b"],"teamTags":["46358869-dce9-4a01-bfba-ac24fc56f57e"],"gameTags":["9de16922-dac2-4b8f-b5d4-541dddb49c1d"],"metadata":{"play":244,"type":4,"after":2.2795557891646157,"before":1.9953481953333634,"parent":"12756ef6-8733-4288-9dbc-8b290287d6ff","subPlay":0},"created":"2021-03-12T15:21:08.962Z","season":12,"tournament":-1,"type":117,"day":93,"phase":6,"category":1,"description":"Mira Lemma is Partying!","nuts":5}