{"id":"0c980d29-a867-4ee9-9729-2961c3058474","playerTags":["7e9a514a-7850-4ed0-93ab-f3a6e2f41c03"],"teamTags":["105bc3ff-1320-4e37-8ef0-8d595cb95dd0"],"gameTags":["2550ee3f-e0b3-4363-b172-d777f151615a"],"metadata":{"play":19,"type":4,"after":2.792310328888381,"before":2.5560547510271805,"parent":"eab8c4ad-ec94-43a8-bc74-66b2c525c5b6","subPlay":0},"created":"2021-04-09T07:01:31.713Z","season":14,"tournament":-1,"type":117,"day":86,"phase":6,"category":1,"description":"Nolanestophia Patterson is Partying!","nuts":3}