{"id":"0ca486ce-64b2-43e0-8bb4-8c600cc47b04","playerTags":["58c9e294-bd49-457c-883f-fb3162fc668e"],"teamTags":["b72f3061-f573-40d7-832a-5ad475bd7909"],"gameTags":["a498a33d-82f4-4496-8437-ba7e1132edab"],"metadata":{"play":299,"type":4,"after":2.355918649420906,"before":2.1271972935411636,"parent":"73e21e06-e8d8-46d5-954a-148cf5bdf307","subPlay":0},"created":"2021-03-05T13:25:37.438Z","season":11,"tournament":-1,"type":117,"day":91,"phase":6,"category":1,"description":"Kichiro Guerra is Partying!","nuts":1}