{"id":"0cce57ea-9fb8-40cf-a57b-cfcaf7aff7d2","playerTags":["17397256-c28c-4cad-85f2-a21768c66e67"],"teamTags":["b024e975-1c4a-4575-8936-a3754a08806a"],"gameTags":["cebb149c-dc89-463d-8e1f-ac25482cce51"],"metadata":{"play":45,"type":2,"after":1.1833408192196921,"before":1.1173032797700282,"parent":"79e61aa7-f900-41b1-a461-bc309a255d5d","subPlay":1},"created":"2021-03-02T20:03:56.131Z","season":11,"tournament":-1,"type":117,"day":27,"phase":4,"category":1,"description":"Cory Ross drained blood from Fletcher Yamamoto.","nuts":0}