{"id":"0dc95b40-dcfd-4b83-9af8-aa0d0012b340","playerTags":["f2c477fb-28ea-4fcb-943a-9fab22df3da0"],"teamTags":["b72f3061-f573-40d7-832a-5ad475bd7909"],"gameTags":["ab33024d-d622-4e07-99cb-7ac96146a120"],"metadata":{"play":96,"type":4,"after":2.7514987858573035,"before":2.4674519502773062,"parent":"db0a4805-e686-432f-8ee1-b113b4b5c09f","subPlay":0},"created":"2021-03-05T19:08:03.675Z","season":11,"tournament":-1,"type":117,"day":97,"phase":6,"category":1,"description":"Sandford Garner is Partying!","nuts":2}