{"id":"0e4d834d-5d29-4dba-91f6-78df1fb970ac","playerTags":["9c23702b-f0c2-4668-8bcc-61bbdbbfd93e"],"teamTags":["c73b705c-40ad-4633-a6ed-d357ee2e2bcf"],"gameTags":["9b45fbac-2698-45bd-aa99-31a01f133e7f"],"metadata":{"play":275,"type":4,"after":2.496514123490361,"before":2.2144320125772867,"parent":"48687d94-e48f-4cba-b024-db6979b9b8a0","subPlay":0},"created":"2021-03-11T21:23:02.295Z","season":12,"tournament":-1,"type":117,"day":75,"phase":6,"category":1,"description":"Grollis Zephyr is Partying!","nuts":1}