{"id":"0e756943-7acd-434d-bf05-8b8f740f8e2c","playerTags":["ebe6ac02-3b83-4da8-b1e5-f89053bbd5c8"],"teamTags":["d9f89a8a-c563-493e-9d64-78e4f9a55d4a"],"gameTags":["972794cb-fdaf-4f61-8fd2-d3434fc1ea46"],"metadata":{"play":265,"type":4,"after":2.0757168466921225,"before":1.7746305590233777,"parent":"94862d24-1b9e-4600-93b8-f78e0e0c386e","subPlay":0},"created":"2021-03-12T12:22:16.771Z","season":12,"tournament":-1,"type":117,"day":90,"phase":6,"category":1,"description":"Jan Canberra is Partying!","nuts":4}