{"id":"0e86bc86-f6cd-492f-9833-d5df49b27926","playerTags":["d5c24c97-f3d3-4b3d-8c13-0debb61346c5"],"teamTags":["105bc3ff-1320-4e37-8ef0-8d595cb95dd0"],"gameTags":["d2430b8b-4eca-4b80-b92f-caae9e29eecf"],"metadata":{"play":11,"type":4,"after":2.087455575195777,"before":1.8114961483797087,"parent":"6d74f2ae-31c4-4c4f-955c-6c114438163c","subPlay":0},"created":"2021-03-19T16:00:51.278Z","season":13,"tournament":-1,"type":117,"day":95,"phase":6,"category":1,"description":"Wyatt Mason X is Partying!","nuts":4}