{"id":"0e989713-dff7-4ce1-9913-a08bc1106e4a","playerTags":["ad56f749-ee48-4a85-9827-8455aeafe276"],"teamTags":["d9f89a8a-c563-493e-9d64-78e4f9a55d4a"],"gameTags":["db643943-e5aa-4c35-b4c8-f1b432d5c046"],"metadata":{"play":356,"type":4,"after":1.94808524451883,"before":1.6852173843624576,"parent":"83c1ef24-813c-4316-8d73-c4d783973176","subPlay":0},"created":"2021-03-12T06:30:41.426Z","season":12,"tournament":-1,"type":117,"day":84,"phase":6,"category":1,"description":"Erin Jesaulenko is Partying!","nuts":2}