{"id":"0fc75864-3ade-4125-bcf5-744dc92f4f61","playerTags":["97f5a9cd-72f0-413e-9e68-a6ee6a663489"],"teamTags":["b024e975-1c4a-4575-8936-a3754a08806a"],"gameTags":["d0b9b6a6-533f-412a-8218-236e08632b77"],"metadata":{"play":46,"type":4,"after":2.0497059623606324,"before":1.7624934674647728,"parent":"d7a742ff-3745-4cfa-8299-95ae1f209310","subPlay":0},"created":"2021-03-05T06:03:47.324Z","season":11,"tournament":-1,"type":117,"day":84,"phase":6,"category":1,"description":"Kline Greenlemon is Partying!","nuts":0}