{"id":"1007a387-10a9-41b0-b7f2-9dc7d76e4676","playerTags":["da0bbbe6-d13c-40cc-9594-8c476975d93d"],"teamTags":["23e4cbc1-e9cd-47fa-a35b-bfa06f726cb7"],"gameTags":["a6e5a6c1-9ecb-4d1b-a1fb-b9d8564b9562"],"metadata":{"play":323,"type":4,"after":2.2431535054243676,"before":1.973214795682941,"parent":"3e05e7fb-7547-47bc-9f7c-63355e838105","subPlay":0},"created":"2021-03-12T08:27:41.039Z","season":12,"tournament":-1,"type":117,"day":86,"phase":6,"category":1,"description":"Lang Richardson is Partying!","nuts":2}