{"id":"102534b7-91c6-4146-aba6-058d3f9e1bef","playerTags":["c18961e9-ef3f-4954-bd6b-9fe01c615186"],"teamTags":["105bc3ff-1320-4e37-8ef0-8d595cb95dd0"],"gameTags":["63232349-13c0-4bfb-b15b-d07104f2251c"],"metadata":{"play":69,"type":4,"after":1.6348584631156315,"before":1.3347062055363836,"parent":"62c44d81-a355-4ca2-ab61-762dbdb8af7e","subPlay":0},"created":"2021-04-09T14:05:52.385Z","season":14,"tournament":-1,"type":117,"day":93,"phase":6,"category":1,"description":"Carmelo Plums is Partying!","nuts":4}