{"id":"1055beaf-c9cd-4157-9102-d6e49884711d","playerTags":["17392be2-7344-48a0-b4db-8a040a7fb532"],"teamTags":["7966eb04-efcc-499b-8f03-d13916330531"],"gameTags":["af314f92-db43-4568-9504-61865d3e090b"],"metadata":{"play":351,"type":4,"after":1.7522048732471347,"before":1.463732729621711,"parent":"e05c29ed-871e-4abc-8aa3-32be12af3ff5","subPlay":0},"created":"2021-03-05T18:30:55.092Z","season":11,"tournament":-1,"type":117,"day":96,"phase":6,"category":1,"description":"Washer Barajas is Partying!","nuts":0}