{"id":"10eab8f6-8e23-4955-81bc-630eb1a513f0","playerTags":["096bb9b5-5ea8-4da1-a113-57a5fc9e9b67"],"teamTags":["46358869-dce9-4a01-bfba-ac24fc56f57e"],"gameTags":["24404ec5-b738-4d2c-90ed-d0a1bede0b08"],"metadata":{"play":35,"type":4,"after":2.0263280274406825,"before":1.766563627020316,"parent":"ce0f29f8-cbfb-450f-b2c4-f0d404a2ea1a","subPlay":0},"created":"2021-03-19T11:02:51.967Z","season":13,"tournament":-1,"type":117,"day":90,"phase":6,"category":1,"description":"Jasper Ji-Eun is Partying!","nuts":3}