{"id":"115c8126-7ac1-40af-8351-23a9dcac0791","playerTags":["defbc540-a36d-460b-afd8-07da2375ee63"],"teamTags":["3f8bbb15-61c0-4e3f-8e4a-907a5fb1565e"],"gameTags":["8ba899ad-07ac-4556-bdc9-10fa040ebe0a"],"metadata":{"play":252,"type":4,"after":4.333502033529121,"before":4.127374038467893,"parent":"96fe5912-44a9-40cf-88b5-a54468b3cd28","subPlay":0},"created":"2021-04-09T18:21:26.427Z","season":14,"tournament":-1,"type":117,"day":97,"phase":6,"category":1,"description":"Castillo Turner is Partying!","nuts":5}