{"id":"12b399c2-3360-42fd-8706-17d9e79a688e","playerTags":["409d1c96-760b-4a96-9a3c-481112ddf37b"],"teamTags":["d9f89a8a-c563-493e-9d64-78e4f9a55d4a"],"gameTags":["ec7ace57-a4e8-46dc-a131-70bc87619d65"],"metadata":{"play":101,"type":4,"after":2.0954532126965524,"before":1.816783219526318,"parent":"d6837899-3be6-476e-abbb-b57af60adc50","subPlay":0},"created":"2021-03-12T02:08:23.514Z","season":12,"tournament":-1,"type":117,"day":80,"phase":6,"category":1,"description":"Niq Nyong'o is Partying!","nuts":1}