{"id":"12cec12f-97b8-42da-85d5-9fbb930e72c8","playerTags":["91f5298e-a2ec-4f54-a541-1818702d1b6d"],"teamTags":["d9f89a8a-c563-493e-9d64-78e4f9a55d4a"],"gameTags":["232f0083-bc94-454e-96a2-da367c5b7a06"],"metadata":{"play":74,"type":4,"after":2.0816212547761803,"before":1.7872882721871746,"parent":"2164cc81-4d3d-4541-bfce-2922737a8fb1","subPlay":0},"created":"2021-03-19T14:06:40.568Z","season":13,"tournament":-1,"type":117,"day":93,"phase":6,"category":1,"description":"Mint Shupe is Partying!","nuts":2}