{"id":"12e8ac1f-d36d-4e1e-a919-1ea6fb33ae0b","playerTags":["64c92f8d-6028-495b-b81d-32c975afb2e1"],"teamTags":["bb4a9de5-c924-4923-a0cb-9d1445f1ee5d"],"gameTags":["cd9065ed-af49-4149-926d-a4b186b07a54"],"metadata":{"play":9,"type":4,"after":2.761452503548634,"before":2.511286701630154,"parent":"a088a70d-3bdb-4aaf-8cf0-10be0b6d3cae","subPlay":0},"created":"2021-03-12T00:00:41.028Z","season":12,"tournament":-1,"type":117,"day":78,"phase":6,"category":1,"description":"Enid Marlow is Partying!","nuts":0}