{"id":"13733b17-fcbd-4051-8f33-e40f4aa949f3","playerTags":["64c92f8d-6028-495b-b81d-32c975afb2e1"],"teamTags":["bb4a9de5-c924-4923-a0cb-9d1445f1ee5d"],"gameTags":["83be12ea-0852-49f5-b5cf-f6797b1d05ed"],"metadata":{"play":107,"type":4,"after":3.009730556411823,"before":2.761452503548634,"parent":"280f3fcc-195f-49f6-baea-bc4761d7dfcf","subPlay":0},"created":"2021-03-12T13:08:58.207Z","season":12,"tournament":-1,"type":117,"day":91,"phase":6,"category":1,"description":"Enid Marlow is Partying!","nuts":0}