{"id":"1503ed84-3fba-4861-9490-51d02a9674c2","playerTags":["ccd6068b-2735-4072-bfe5-571a5d57c285"],"teamTags":["bb4a9de5-c924-4923-a0cb-9d1445f1ee5d"],"gameTags":["be8c1082-897a-4116-9c9b-26d971ecadcb"],"metadata":{"play":27,"type":4,"after":1.8709486366814887,"before":1.5768432068242082,"parent":"234bf0c1-6980-44a3-9237-1731c93e4188","subPlay":0},"created":"2021-03-11T15:02:16.423Z","season":12,"tournament":-1,"type":117,"day":70,"phase":4,"category":1,"description":"Ephraim Ladd is Partying!","nuts":0}