{"id":"154d5cbe-166b-466a-9d4d-6a7738f48165","playerTags":["b348c037-eefc-4b81-8edd-dfa96188a97e"],"teamTags":["a37f9158-7f82-46bc-908c-c9e2dda7c33b"],"gameTags":["7cf6d0c5-2a3d-466e-aded-77f7e9b20ea1"],"metadata":{"play":443,"type":4,"after":2.492015983321323,"before":2.2714317542092646,"parent":"a95818cb-90a1-4140-b92d-aa68b1a3b492","subPlay":0},"created":"2021-03-19T12:38:03.295Z","season":13,"tournament":-1,"type":117,"day":91,"phase":6,"category":1,"description":"Lowe Forbes is Partying!","nuts":30}