{"id":"15a2740b-9ef1-41a7-b133-6a87b6f13fff","playerTags":["c09e64b6-8248-407e-b3af-1931b880dbee"],"teamTags":["adc5b394-8f76-416d-9ce9-813706877b84"],"gameTags":["b14a5851-f29c-4b49-b9da-e3e111641bea"],"metadata":{"play":50,"type":4,"after":2.614728647615017,"before":2.3847918277778977,"parent":"9b54f7f5-ce8d-4d70-91b0-cf45642244fa","subPlay":0},"created":"2021-03-05T19:04:07.436Z","season":11,"tournament":-1,"type":117,"day":97,"phase":6,"category":1,"description":"Lenny Spruce is Partying!","nuts":0}