{"id":"15e95e3d-2fa8-4628-a2de-57e836c0f31b","playerTags":["f2a27a7e-bf04-4d31-86f5-16bfa3addbe7"],"teamTags":["adc5b394-8f76-416d-9ce9-813706877b84"],"gameTags":["05b623bf-a420-41b6-8206-3e963aa736a6"],"metadata":{"play":56,"type":4,"after":4.098745922934496,"before":3.873097953156603,"parent":"3b33da10-3175-4a04-80fc-3f934f833846","subPlay":0},"created":"2021-03-12T03:04:46.437Z","season":12,"tournament":-1,"type":117,"day":81,"phase":6,"category":1,"description":"Winnie Hess is Partying!","nuts":1}