{"id":"17c96cd5-e7da-400c-9ee8-88c0afd9f22c","playerTags":["30218684-7fa1-41a5-a3b3-5d9cd97dd36b"],"teamTags":["9debc64f-74b7-4ae1-a4d6-fce0144b6ea5"],"gameTags":["5be88f2a-26c8-4fc2-8993-a444094d7099"],"metadata":{"play":89,"type":3,"after":0.7013426456728398,"before":0.6021513675010057,"parent":"b9c55d9e-3ea2-4aaa-9328-95223ffa4b0a","subPlay":1},"created":"2021-03-09T06:07:27.568Z","season":12,"tournament":-1,"type":117,"day":14,"phase":2,"category":1,"description":"Jordan Hildebert drained blood from Ayanna Dumpington.","nuts":0}