{"id":"17e2db88-db48-4ce6-9020-1bc9f3a7bfd3","playerTags":["17397256-c28c-4cad-85f2-a21768c66e67"],"teamTags":["b024e975-1c4a-4575-8936-a3754a08806a"],"gameTags":["81d35606-06fa-4de9-95d7-c753bf2aeddb"],"metadata":{"play":70,"type":4,"after":2.89950296862503,"before":2.667857152896379,"parent":"e9a695c4-9f8e-4d04-a785-6345f1783c1d","subPlay":0},"created":"2021-03-05T09:06:11.487Z","season":11,"tournament":-1,"type":117,"day":87,"phase":6,"category":1,"description":"Cory Ross is Partying!","nuts":0}