{"id":"18a9263c-9a7d-4013-986f-c1d4053f3f25","playerTags":["0295c6c2-b33c-47dd-affa-349da7fa1760"],"teamTags":["a37f9158-7f82-46bc-908c-c9e2dda7c33b"],"gameTags":["0cb63eb3-b631-42aa-b0ac-0107fce96a1b"],"metadata":{"play":205,"type":3,"after":0.5686247059998628,"before":0.4545892871145993,"parent":"6e199b28-6292-4e7b-9f26-5f661b9c2703","subPlay":1},"created":"2021-03-03T05:17:29.554Z","season":11,"tournament":-1,"type":117,"day":36,"phase":4,"category":1,"description":"Combs Estes drained blood from Joshua Watson.","nuts":0}