{"id":"199bbae8-792a-485a-93d5-43465c239524","playerTags":["fedbceb8-e2aa-4868-ac35-74cd0445893f"],"teamTags":["36569151-a2fb-43c1-9df7-2df512424c82"],"gameTags":["183482cf-777a-438d-bf61-31cb6256f22e"],"metadata":{"play":115,"type":4,"after":3.414624629034667,"before":3.1928826804330113,"parent":"d3d23a2c-007e-4764-b2dc-d7c11d5c0b0f","subPlay":0},"created":"2021-03-19T13:09:38.324Z","season":13,"tournament":-1,"type":117,"day":92,"phase":6,"category":1,"description":"Uncle Plasma is Partying!","nuts":8}