{"id":"1aeb0b48-ed0f-4523-b4be-e38434f4bb31","playerTags":["ccd6068b-2735-4072-bfe5-571a5d57c285"],"teamTags":["bb4a9de5-c924-4923-a0cb-9d1445f1ee5d"],"gameTags":["cec459ca-4a74-459a-8be1-afeb29af5a0e"],"metadata":{"play":132,"type":4,"after":2.469683413412965,"before":2.1772659054870034,"parent":"36564294-25dd-47ea-ad5e-8420fd82202b","subPlay":0},"created":"2021-03-12T19:11:13.406Z","season":12,"tournament":-1,"type":117,"day":97,"phase":6,"category":1,"description":"Ephraim Ladd is Partying!","nuts":0}