{"id":"1b1a6121-848f-4eb6-93b9-33a86aeea8b7","playerTags":["1301ee81-406e-43d9-b2bb-55ca6e0f7765"],"teamTags":["105bc3ff-1320-4e37-8ef0-8d595cb95dd0"],"gameTags":["819fcb8d-e4e2-4129-b05c-70ae436f4f86"],"metadata":{"play":172,"type":4,"after":3.4702775254946823,"before":3.2448725194513024,"parent":"8496c6ed-ad73-4a07-adaf-b78acd2eb53e","subPlay":0},"created":"2021-04-09T02:15:21.343Z","season":14,"tournament":-1,"type":117,"day":81,"phase":6,"category":1,"description":"Malik Destiny is Partying!","nuts":4}