{"id":"1b9ec569-f644-4c37-82be-d16c874381de","playerTags":["57a19a22-f2cd-4e59-aa84-15cb0af30ba3"],"teamTags":["bb4a9de5-c924-4923-a0cb-9d1445f1ee5d"],"gameTags":["d3f36dca-7c9d-4250-9046-ec29110a18cc"],"metadata":{"play":294,"type":4,"after":2.756078563998163,"before":2.5026111007281604,"parent":"7d32404b-5d41-4436-a96d-019416e37951","subPlay":0},"created":"2021-03-12T09:25:21.626Z","season":12,"tournament":-1,"type":117,"day":87,"phase":6,"category":1,"description":"Vessalius Sundae is Partying!","nuts":0}