{"id":"1ba6f40b-ca02-48ab-b550-b555b0bf8899","playerTags":["18f45a1b-76eb-4b59-a275-c64cf62afce0"],"teamTags":["a37f9158-7f82-46bc-908c-c9e2dda7c33b"],"gameTags":["dd7b002e-260e-44d4-9b4f-aa1d1c5fa467"],"metadata":{"play":80,"type":4,"after":2.4410938754832427,"before":2.1941722708210727,"parent":"2c28ff3d-069a-4c33-bc4a-b9555005a25b","subPlay":0},"created":"2021-03-12T17:06:42.629Z","season":12,"tournament":-1,"type":117,"day":95,"phase":6,"category":1,"description":"Steph Weeks is Partying!","nuts":2}