{"id":"1c31ad71-336f-4d02-b6c8-c7fd109bbd94","playerTags":["b629cb7a-414b-4695-a115-7528ab700346"],"teamTags":["46358869-dce9-4a01-bfba-ac24fc56f57e"],"gameTags":["09179236-2e27-4cc1-b7ba-133f87768e1b"],"metadata":{"play":14,"type":4,"after":2.884085663953054,"before":2.6224763390521026,"parent":"5a881065-1e15-41e9-82ee-ae97d90e4f27","subPlay":0},"created":"2021-04-09T16:01:06.479Z","season":14,"tournament":-1,"type":117,"day":95,"phase":6,"category":1,"description":"Shirai McElroy is Partying!","nuts":1}