{"id":"1da7c02b-ac02-44ee-91e4-d3844ddcf051","playerTags":["28964497-0efe-420c-9c1d-8574f224a4e9"],"teamTags":["3f8bbb15-61c0-4e3f-8e4a-907a5fb1565e"],"gameTags":["5f722ba8-7fec-4b60-9a8f-c87d4101c665"],"metadata":{"play":233,"type":4,"after":2.221871831845651,"before":1.9518819774707623,"parent":"116402b0-41bd-4284-8a18-6c0d9b4d649a","subPlay":0},"created":"2021-04-07T00:19:54.648Z","season":14,"tournament":-1,"type":117,"day":32,"phase":4,"category":1,"description":"Inez Owens is Partying!","nuts":5}