{"id":"1e03b889-834a-4521-aa09-aba3de17fa7d","playerTags":["0ef1bc34-64ee-4c7b-8be2-88322b407a58"],"teamTags":["d9f89a8a-c563-493e-9d64-78e4f9a55d4a"],"gameTags":["bd3460e6-9ea9-4679-a1e3-fb78f173b39b"],"metadata":{"play":174,"type":4,"after":2.7492060606451565,"before":2.5001392392463186,"parent":"adece9f8-11ed-4a84-a62e-f2bccfcd4ada","subPlay":0},"created":"2021-04-09T04:14:35.502Z","season":14,"tournament":-1,"type":117,"day":83,"phase":6,"category":1,"description":"Geraldine Frost is Partying!","nuts":3}