{"id":"1fab09c7-c761-4b9f-ae07-e80a026bb1b2","playerTags":["06fdd1ed-13a0-4eb2-a7dd-4e9551235a68"],"teamTags":["bb4a9de5-c924-4923-a0cb-9d1445f1ee5d"],"gameTags":["0e238eb4-9a66-4849-970e-b539a65ea4c2"],"metadata":{"play":139,"type":4,"after":3.0834401320285334,"before":2.8216927763248716,"parent":"92e5bc28-0c87-41c0-82a8-4709eaa73192","subPlay":0},"created":"2021-04-09T15:11:44.338Z","season":14,"tournament":-1,"type":117,"day":94,"phase":6,"category":1,"description":"Xandra Pancakes is Partying!","nuts":5}