{"id":"201a8be5-2db7-4a7c-9239-944f679b957e","playerTags":["d4a10c2a-0c28-466a-9213-38ba3339b65e"],"teamTags":["f02aeae2-5e6a-4098-9842-02d2273f25c7"],"gameTags":["08f81017-0f2a-425b-94c3-938c2ccd61cb"],"metadata":{"play":203,"type":3,"after":0.8157322920451119,"before":0.7106061376738916,"parent":"9ebf5c15-3df6-42f6-be59-21271da06e21","subPlay":1},"created":"2021-04-13T17:17:24.298Z","season":15,"tournament":-1,"type":117,"day":25,"phase":2,"category":1,"description":"Richmond Harrison drained blood from Yong Wright.","nuts":12}