{"id":"20e2d684-0fd5-496f-8fca-507b722517d5","playerTags":["57a19a22-f2cd-4e59-aa84-15cb0af30ba3"],"teamTags":["bb4a9de5-c924-4923-a0cb-9d1445f1ee5d"],"gameTags":["267af892-5909-4eb0-a1aa-d3c1839cfc9f"],"metadata":{"play":327,"type":0,"after":0.8687258256555161,"before":0.7674550180325291,"parent":"2ab44762-083f-404b-8e3b-6850930a2d09","subPlay":1},"created":"2021-03-09T10:27:56.574Z","season":12,"tournament":-1,"type":117,"day":18,"phase":2,"category":1,"description":"Vessalius Sundae drained blood from Lars Taylor.","nuts":0}