{"id":"21406031-f819-492f-9cbd-cb623fbbca9f","playerTags":["20fd71e7-4fa0-4132-9f47-06a314ed539a"],"teamTags":["f02aeae2-5e6a-4098-9842-02d2273f25c7"],"gameTags":["628e1c91-47d3-490f-a2f3-66daeff78f1a"],"metadata":{"play":205,"type":4,"after":2.1370704833499006,"before":1.8767131549615819,"parent":"722cb8a0-3feb-426f-a14d-76ae0f63b264","subPlay":0},"created":"2021-03-12T16:17:10.584Z","season":12,"tournament":-1,"type":117,"day":94,"phase":6,"category":1,"description":"Lars Taylor is Partying!","nuts":0}