{"id":"22c20381-6cb8-406e-8438-fc656768e225","playerTags":["a1ed3396-114a-40bc-9ff0-54d7e1ad1718"],"teamTags":["b024e975-1c4a-4575-8936-a3754a08806a"],"gameTags":["59e467c7-6e51-43be-8424-ab6f4a317f18"],"metadata":{"play":306,"type":4,"after":2.427524685483955,"before":2.176557564542732,"parent":"780e1cef-0377-4e58-a4a2-4f0fd8bafdcb","subPlay":0},"created":"2021-03-05T14:26:07.369Z","season":11,"tournament":-1,"type":117,"day":92,"phase":6,"category":1,"description":"Patel Beyonce is Partying!","nuts":1}