{"id":"22ed93af-eba4-4034-b0d8-53599b46bc18","playerTags":["678170e4-0688-436d-a02d-c0467f9af8c0"],"teamTags":["a37f9158-7f82-46bc-908c-c9e2dda7c33b"],"gameTags":["80412492-7618-42ba-975d-009c16775755"],"metadata":{"play":144,"type":4,"after":2.901174662394189,"before":2.667823714760659,"parent":"4849a29c-0042-45b0-9d15-f99144ef9688","subPlay":0},"created":"2021-04-09T14:12:04.833Z","season":14,"tournament":-1,"type":117,"day":93,"phase":6,"category":1,"description":"Baby Doyle is Partying!","nuts":18}