{"id":"23a900c9-ec46-464b-b125-bc8f505e4949","playerTags":["aa6c2662-75f8-4506-aa06-9a0993313216"],"teamTags":["7966eb04-efcc-499b-8f03-d13916330531"],"gameTags":["af314f92-db43-4568-9504-61865d3e090b"],"metadata":{"play":80,"type":4,"after":2.888937629583079,"before":2.592261898692164,"parent":"1ea289b4-e6f6-4298-8fb6-bf9253f8e77b","subPlay":0},"created":"2021-03-05T18:07:06.604Z","season":11,"tournament":-1,"type":117,"day":96,"phase":6,"category":1,"description":"Eizabeth Elliott is Partying!","nuts":2}