{"id":"23abdcc2-78bd-41a7-b43c-01d85f19f8f1","playerTags":["ef9f8b95-9e73-49cd-be54-60f84858a285"],"teamTags":["a37f9158-7f82-46bc-908c-c9e2dda7c33b"],"gameTags":["982194f0-c8ff-4b4d-99b6-b8cf83a73090"],"metadata":{"play":80,"type":4,"after":3.3561118328604342,"before":3.109884684785051,"parent":"2f6a4cdd-3b2c-4805-8992-1996c323a330","subPlay":0},"created":"2021-03-19T16:06:42.601Z","season":13,"tournament":-1,"type":117,"day":95,"phase":6,"category":1,"description":"Collins Melon is Partying!","nuts":8}