{"id":"242c8cfc-54f1-490d-8ad2-729f3458dd81","playerTags":["26cfccf2-850e-43eb-b085-ff73ad0749b8"],"teamTags":["23e4cbc1-e9cd-47fa-a35b-bfa06f726cb7"],"gameTags":["43b85488-2e26-4faf-9c4c-58d1c62cde70"],"metadata":{"play":137,"type":4,"after":2.7986033722642594,"before":2.54337781113791,"parent":"472135a4-403f-4631-bc86-824e4afb2d0f","subPlay":0},"created":"2021-04-09T14:11:29.584Z","season":14,"tournament":-1,"type":117,"day":93,"phase":6,"category":1,"description":"Beasley Day is Partying!","nuts":2}