{"id":"24738fac-fc3f-4907-8e32-88718bbdae75","playerTags":["a199a681-decf-4433-b6ab-5454450bbe5e"],"teamTags":["adc5b394-8f76-416d-9ce9-813706877b84"],"gameTags":["05b623bf-a420-41b6-8206-3e963aa736a6"],"metadata":{"play":157,"type":4,"after":2.5685762255840157,"before":2.2916572709078875,"parent":"aaec412a-603f-43a8-a9bb-142ca71aa304","subPlay":0},"created":"2021-03-12T03:13:54.377Z","season":12,"tournament":-1,"type":117,"day":81,"phase":6,"category":1,"description":"Leach Ingram is Partying!","nuts":4}