{"id":"24db4d9b-07a1-4dcd-b273-0bfc03febc50","playerTags":["da67c196-4cac-428b-8c18-2a411055ea35"],"teamTags":["c73b705c-40ad-4633-a6ed-d357ee2e2bcf"],"gameTags":["5c44cfa0-d8b3-4ece-a3f6-79b64087c508"],"metadata":{"play":275,"type":4,"after":2.9707927558441245,"before":2.7168394007427072,"parent":"b54a5355-7d85-45d7-8cf7-413d12d61314","subPlay":0},"created":"2021-04-09T17:23:08.573Z","season":14,"tournament":-1,"type":117,"day":96,"phase":6,"category":1,"description":"Yusef Fenestrate is Partying!","nuts":5}