{"id":"24e1ae6e-00f2-419d-a62f-1064ade019a4","playerTags":["7158d158-e7bf-4e9b-9259-62e5b25e3de8"],"teamTags":["b72f3061-f573-40d7-832a-5ad475bd7909"],"gameTags":["2515394c-a569-4ccd-82af-b92bca9442a6"],"metadata":{"play":169,"type":4,"after":3.031682078418228,"before":2.827209695814926,"parent":"458142b0-df71-4401-9907-c747202fbae3","subPlay":0},"created":"2021-04-09T10:14:15.303Z","season":14,"tournament":-1,"type":117,"day":89,"phase":6,"category":1,"description":"Karato Bean is Partying!","nuts":2}