{"id":"26d33ee9-3b9d-42a1-a5ef-b35b25802f2c","playerTags":["e4e4c17d-8128-4704-9e04-f244d4573c4d"],"teamTags":["ca3f1c8c-c025-4d8e-8eef-5be6accbeb16"],"gameTags":["04616912-20ac-4eba-a57f-7b27ea165a87"],"metadata":{"play":90,"type":4,"after":3.7599250859095052,"before":3.5070947165962565,"parent":"9cf1181f-a10d-4576-87c9-4006291b123b","subPlay":0},"created":"2021-04-09T16:07:47.085Z","season":14,"tournament":-1,"type":117,"day":95,"phase":6,"category":1,"description":"Wesley Poole is Partying!","nuts":10}