{"id":"27032270-866e-4664-9fc4-f31cff61009f","playerTags":["c09e64b6-8248-407e-b3af-1931b880dbee"],"teamTags":["adc5b394-8f76-416d-9ce9-813706877b84"],"gameTags":["04ad31cf-c4c3-4b1c-8d44-f40d9e651131"],"metadata":{"play":93,"type":4,"after":2.832756781680735,"before":2.614728647615017,"parent":"748d5020-cfa2-40c2-87f6-fe4188dee38f","subPlay":0},"created":"2021-03-12T08:08:06.658Z","season":12,"tournament":-1,"type":117,"day":86,"phase":6,"category":1,"description":"Lenny Spruce is Partying!","nuts":0}