{"id":"2755b5d7-60b6-4250-9d45-d531bcb74842","playerTags":["fa477c92-39b6-4a52-b065-40af2f29840a"],"teamTags":["bfd38797-8404-4b38-8b82-341da28b1f83"],"gameTags":["211d3aac-f6dc-4283-a7f3-4904bfb5f5ec"],"metadata":{"play":166,"type":4,"after":2.0322180963787924,"before":1.7628007239902586,"parent":"487a996c-156a-47ac-a427-497f96479299","subPlay":0},"created":"2021-03-12T15:13:50.016Z","season":12,"tournament":-1,"type":117,"day":93,"phase":6,"category":1,"description":"Howell Franklin is Partying!","nuts":10}