{"id":"278adc4e-a1da-4571-8f2f-103666ec1893","playerTags":["3c331c87-1634-46c4-87ce-e4b9c59e2969"],"teamTags":["979aee4a-6d80-4863-bf1c-ee1a78e06024"],"gameTags":["ec5034c6-9c37-40e8-a69c-403c21df06aa"],"metadata":{"play":243,"type":4,"after":2.8856395946552604,"before":2.621016770339203,"parent":"e9168233-6aa8-4c9a-b25b-09829bd29d76","subPlay":0},"created":"2021-03-19T08:20:30.953Z","season":13,"tournament":-1,"type":117,"day":87,"phase":6,"category":1,"description":"Yosh Carpenter is Partying!","nuts":3}