{"id":"27f9011a-bc1c-47c8-b078-13a78ed3c983","playerTags":["27c68d7f-5e40-4afa-8b6f-9df47b79e7dd"],"teamTags":["878c1bf6-0d21-4659-bfee-916c8314d69c"],"gameTags":["1385abc8-b3d0-4ee9-9f25-e538a4ff4950"],"metadata":{"play":334,"type":4,"after":2.9529850004365823,"before":2.9133885272531934,"parent":"4c29a5ab-634e-4800-8732-07e9e87b64cc","subPlay":0},"created":"2021-04-08T12:28:41.668Z","season":14,"tournament":-1,"type":117,"day":68,"phase":4,"category":1,"description":"Basilio Mason caught some rays.","nuts":29}