{"id":"2866f488-8786-4ca9-8f88-ecc7f79330f7","playerTags":["20fd71e7-4fa0-4132-9f47-06a314ed539a"],"teamTags":["f02aeae2-5e6a-4098-9842-02d2273f25c7"],"gameTags":["628e1c91-47d3-490f-a2f3-66daeff78f1a"],"metadata":{"play":251,"type":4,"after":2.388749418772207,"before":2.1370704833499006,"parent":"4dfc797c-2d10-44c0-95f3-a1062912333d","subPlay":0},"created":"2021-03-12T16:21:11.016Z","season":12,"tournament":-1,"type":117,"day":94,"phase":6,"category":1,"description":"Lars Taylor is Partying!","nuts":0}