{"id":"28e033cb-cabc-438f-9383-20dbf779dbb3","playerTags":["b629cb7a-414b-4695-a115-7528ab700346"],"teamTags":["46358869-dce9-4a01-bfba-ac24fc56f57e"],"gameTags":["e6d5e9c1-2728-4c7b-b5d0-629076bc8f69"],"metadata":{"play":58,"type":4,"after":2.6224763390521026,"before":2.3617666859701294,"parent":"082beba0-236c-4293-a177-d050943f0827","subPlay":0},"created":"2021-03-19T10:04:47.454Z","season":13,"tournament":-1,"type":117,"day":89,"phase":6,"category":1,"description":"Shirai McElroy is Partying!","nuts":5}