{"id":"2990e3e8-3c7b-4b04-9bcc-e9224e274e61","playerTags":["ee55248b-318a-4bfb-8894-1cc70e4e0720"],"teamTags":["b72f3061-f573-40d7-832a-5ad475bd7909"],"gameTags":["f93f5752-aab4-4972-980f-a57cc70fb37b"],"metadata":{"play":24,"type":4,"after":1.4772099614986536,"before":1.2098979784771609,"parent":"7a7459d6-2192-4cc9-949e-59603dc02102","subPlay":0},"created":"2021-03-12T10:01:56.683Z","season":12,"tournament":-1,"type":117,"day":88,"phase":6,"category":1,"description":"Theo King is Partying!","nuts":1}