{"id":"2b044f9b-d8f8-4f78-baf1-bbd7ca5904ac","playerTags":["16aff709-e855-47c8-8818-b9ba66e90fe8"],"teamTags":["57ec08cc-0411-4643-b304-0e80dbc15ac7"],"gameTags":["6ff31732-bb17-4943-8bbe-2d9e3a39f117"],"metadata":{"play":111,"type":4,"after":2.9910812788197028,"before":2.78914931226577,"parent":"a889a964-b3ad-48e0-807b-202e354d8f5c","subPlay":0},"created":"2021-03-05T19:09:14.330Z","season":11,"tournament":-1,"type":117,"day":97,"phase":6,"category":1,"description":"Mullen Peterson is Partying!","nuts":2}