{"id":"2b08589f-ba44-4f0d-8935-6bd9a32dbadd","playerTags":["62ae6aa9-e346-4faa-b07c-1f7623580015"],"teamTags":["c73b705c-40ad-4633-a6ed-d357ee2e2bcf"],"gameTags":["1ce33a10-006d-4476-af65-388fdc71101e"],"metadata":{"play":233,"type":4,"after":2.897692144094891,"before":2.6446862192892024,"parent":"a65e436a-87a1-4717-a2b5-71adbc84ad95","subPlay":0},"created":"2021-03-11T23:20:23.094Z","season":12,"tournament":-1,"type":117,"day":77,"phase":6,"category":1,"description":"Gerund Pantheocide is Partying!","nuts":1}