{"id":"2cd70053-791d-4ae0-966a-91636a9ed629","playerTags":["409d1c96-760b-4a96-9a3c-481112ddf37b"],"teamTags":["d9f89a8a-c563-493e-9d64-78e4f9a55d4a"],"gameTags":["5f20d8d1-bcb6-42b6-8434-852acaefc005"],"metadata":{"play":205,"type":4,"after":2.6441557477139552,"before":2.388128813435406,"parent":"8be22c14-c5e4-40ab-92c9-966d08368f1c","subPlay":0},"created":"2021-03-19T05:17:48.168Z","season":13,"tournament":-1,"type":117,"day":84,"phase":6,"category":1,"description":"Niq Nyong'o is Partying!","nuts":5}