{"id":"2ce3d578-0d22-4984-81df-55464e331148","playerTags":["ef9f8b95-9e73-49cd-be54-60f84858a285"],"teamTags":["a37f9158-7f82-46bc-908c-c9e2dda7c33b"],"gameTags":["e9d67ee9-2330-47e9-876a-79860f215f16"],"metadata":{"play":120,"type":4,"after":4.952575281200454,"before":4.721947081727368,"parent":"04da68b9-5524-49d2-90a5-e8b6d3235443","subPlay":0},"created":"2021-04-09T19:10:36.540Z","season":14,"tournament":-1,"type":117,"day":98,"phase":6,"category":1,"description":"Collins Melon is Partying!","nuts":2}