{"id":"2daa7373-96c8-496c-aa35-30d6b1202283","playerTags":["888fce7a-0d21-478a-9b45-4662193fe9aa"],"teamTags":["46358869-dce9-4a01-bfba-ac24fc56f57e"],"gameTags":["f03f4a91-b40e-444e-bdc3-431978b709a8"],"metadata":{"play":86,"type":4,"after":3.620240412335558,"before":3.3717384833456756,"parent":"65c5ab88-3d8c-47c6-af42-cbd24e784438","subPlay":0},"created":"2021-04-09T14:07:13.160Z","season":14,"tournament":-1,"type":117,"day":93,"phase":6,"category":1,"description":"Jolene Willowtree is Partying!","nuts":1}