{"id":"2f1da680-f33b-4d37-9eb4-a621d8ad3073","playerTags":["7158d158-e7bf-4e9b-9259-62e5b25e3de8"],"teamTags":["b72f3061-f573-40d7-832a-5ad475bd7909"],"gameTags":["4f9a90f6-d41f-40ec-9f42-12cb0bd705e0"],"metadata":{"play":125,"type":4,"after":2.602555840088807,"before":2.3696732477099576,"parent":"2cd6da32-d952-446d-8739-c8c044c7ee5e","subPlay":0},"created":"2021-04-09T02:10:29.226Z","season":14,"tournament":-1,"type":117,"day":81,"phase":6,"category":1,"description":"Karato Bean is Partying!","nuts":2}