{"id":"2feed59a-03e7-42ac-9ce1-4a9c9259a1a6","playerTags":["ebe6ac02-3b83-4da8-b1e5-f89053bbd5c8"],"teamTags":["d9f89a8a-c563-493e-9d64-78e4f9a55d4a"],"gameTags":["f18c7f23-08bd-48dd-bec5-c217f1537e44"],"metadata":{"play":91,"type":4,"after":3.18201969729044,"before":2.95705142087823,"parent":"97e1f20d-62c6-4b7c-989a-7e5a70b09ad5","subPlay":0},"created":"2021-04-09T05:07:56.915Z","season":14,"tournament":-1,"type":117,"day":84,"phase":6,"category":1,"description":"Jan Canberra is Partying!","nuts":3}