{"id":"300a3aab-62e8-4d89-b8bd-688013a8b60c","playerTags":["ad56f749-ee48-4a85-9827-8455aeafe276"],"teamTags":["d9f89a8a-c563-493e-9d64-78e4f9a55d4a"],"gameTags":["32984144-6353-4458-acd1-9bad862efb45"],"metadata":{"play":294,"type":4,"after":2.2040578714348613,"before":1.94808524451883,"parent":"11321335-258e-422a-9c9a-515746f4332b","subPlay":0},"created":"2021-03-19T19:25:34.871Z","season":13,"tournament":-1,"type":117,"day":98,"phase":6,"category":1,"description":"Erin Jesaulenko is Partying!","nuts":2}