{"id":"30551ef7-1663-4f6b-a32f-1d143b49cabd","playerTags":["d6c69d2d-9344-4b19-85a4-6cfcbaead5d2"],"teamTags":["adc5b394-8f76-416d-9ce9-813706877b84"],"gameTags":["9edbd7ab-ac2d-4217-96ad-f8ba9a43c324"],"metadata":{"play":193,"type":4,"after":2.7912442464667735,"before":2.530182675362279,"parent":"17f41bc4-dcf0-4ad3-b6d9-15aba688c2b5","subPlay":0},"created":"2021-03-12T15:16:33.841Z","season":12,"tournament":-1,"type":117,"day":93,"phase":6,"category":1,"description":"Joshua Watson is Partying!","nuts":1}