{"id":"3165c1fe-c8b6-4916-a8fb-754c0d5f22d4","playerTags":["6ebac746-6685-4d0f-8e84-6b21299b5169"],"teamTags":["d9f89a8a-c563-493e-9d64-78e4f9a55d4a"],"gameTags":["831c7164-db0a-40d3-8cd5-f37c9fd87f51"],"metadata":{"play":180,"type":4,"after":2.6055706667057073,"before":2.3324948604198434,"parent":"6c20e0bd-7c5b-412e-a45d-b3e2213ef9f5","subPlay":0},"created":"2021-03-12T17:15:05.157Z","season":12,"tournament":-1,"type":117,"day":95,"phase":6,"category":1,"description":"Hercules Alighieri is Partying!","nuts":2}