{"id":"3180a3b1-84a2-45cb-8387-a8af29e2022e","playerTags":["2da49de2-34e5-49d0-b752-af2a2ee061be"],"teamTags":["3f8bbb15-61c0-4e3f-8e4a-907a5fb1565e"],"gameTags":["8ba899ad-07ac-4556-bdc9-10fa040ebe0a"],"metadata":{"play":65,"type":4,"after":2.9787980482438168,"before":2.685202931184443,"parent":"fc7f14b9-07e4-49ec-9375-afd2aafc16f5","subPlay":0},"created":"2021-04-09T18:05:23.094Z","season":14,"tournament":-1,"type":117,"day":97,"phase":6,"category":1,"description":"Cory Twelve is Partying!","nuts":3}