{"id":"31df480b-7630-40ff-b209-08bf251ddd89","playerTags":["0ef1bc34-64ee-4c7b-8be2-88322b407a58"],"teamTags":["d9f89a8a-c563-493e-9d64-78e4f9a55d4a"],"gameTags":["296e303d-9338-46d5-be4c-142214df0e89"],"metadata":{"play":17,"type":4,"after":2.5001392392463186,"before":2.2570035867283558,"parent":"4fe16a88-381c-4681-88ec-6423758da58b","subPlay":0},"created":"2021-03-19T16:01:25.993Z","season":13,"tournament":-1,"type":117,"day":95,"phase":6,"category":1,"description":"Geraldine Frost is Partying!","nuts":3}