{"id":"322cc020-5f46-4311-bf1d-5646dcc8efe3","playerTags":["defbc540-a36d-460b-afd8-07da2375ee63"],"teamTags":["3f8bbb15-61c0-4e3f-8e4a-907a5fb1565e"],"gameTags":["cf6b02c7-6612-43e2-93c4-a919b46923bb"],"metadata":{"play":5,"type":4,"after":4.001523738984036,"before":3.776538165203113,"parent":"fb73067b-ea46-4be1-bdd1-bbedfbc48276","subPlay":0},"created":"2021-03-12T20:00:21.117Z","season":12,"tournament":-1,"type":117,"day":98,"phase":6,"category":1,"description":"Castillo Turner is Partying!","nuts":1}