{"id":"325f10bd-bd1e-4966-af5e-bcd7e84c922b","playerTags":["ae81e172-801a-4236-929a-b990fc7190ce"],"teamTags":["b024e975-1c4a-4575-8936-a3754a08806a"],"gameTags":["81d35606-06fa-4de9-95d7-c753bf2aeddb"],"metadata":{"play":24,"type":4,"after":2.315441848329799,"before":2.0134483480182643,"parent":"76a5ea3c-eeb5-45d1-b249-9637547d9a3a","subPlay":0},"created":"2021-03-05T09:02:10.791Z","season":11,"tournament":-1,"type":117,"day":87,"phase":6,"category":1,"description":"August Sky is Partying!","nuts":0}