{"id":"327b422c-b03e-4278-9c46-7cf4eb83ce95","playerTags":["da67c196-4cac-428b-8c18-2a411055ea35"],"teamTags":["c73b705c-40ad-4633-a6ed-d357ee2e2bcf"],"gameTags":["962cfad6-1a6b-4618-8727-2a0df5fabc85"],"metadata":{"play":225,"type":4,"after":2.4850414514278074,"before":2.233740593492019,"parent":"33c20f72-8f5f-4193-a05a-159956f0d965","subPlay":0},"created":"2021-03-12T08:19:05.120Z","season":12,"tournament":-1,"type":117,"day":86,"phase":6,"category":1,"description":"Yusef Fenestrate is Partying!","nuts":1}