{"id":"33ec432f-4390-4753-bfa3-74b396705eea","playerTags":["678170e4-0688-436d-a02d-c0467f9af8c0"],"teamTags":["a37f9158-7f82-46bc-908c-c9e2dda7c33b"],"gameTags":["1b38ddee-adc5-4c4b-ba55-857d2a734f91"],"metadata":{"play":170,"type":4,"after":3.1444784375622357,"before":2.901174662394189,"parent":"72dc2e70-aa50-4153-875b-87c295717a54","subPlay":0},"created":"2021-04-09T16:14:43.258Z","season":14,"tournament":-1,"type":117,"day":95,"phase":6,"category":1,"description":"Baby Doyle is Partying!","nuts":11}