{"id":"346dd5a6-5ca9-4445-a757-b519d75b7834","playerTags":["bf122660-df52-4fc4-9e70-ee185423ff93"],"teamTags":["a37f9158-7f82-46bc-908c-c9e2dda7c33b"],"gameTags":["982194f0-c8ff-4b4d-99b6-b8cf83a73090"],"metadata":{"play":81,"type":4,"after":2.7476090153198194,"before":2.469783147955453,"parent":"6fb7b4de-757e-4868-acda-66730121d5e5","subPlay":0},"created":"2021-03-19T16:06:47.626Z","season":13,"tournament":-1,"type":117,"day":95,"phase":6,"category":1,"description":"Walton Sports is Partying!","nuts":2}