{"id":"34e7abd7-55fb-47ad-bf35-ba467eb8f959","playerTags":["740d5fef-d59f-4dac-9a75-739ec07f91cf"],"teamTags":["b024e975-1c4a-4575-8936-a3754a08806a"],"gameTags":["9201443c-5af4-4805-83fc-7c89200e149a"],"metadata":{"play":127,"type":4,"after":3.4330496513569226,"before":3.1695387761647136,"parent":"679a058b-b448-45e4-9570-0895add05160","subPlay":0},"created":"2021-04-09T18:10:44.105Z","season":14,"tournament":-1,"type":117,"day":97,"phase":6,"category":1,"description":"Conner Haley is Partying!","nuts":7}