{"id":"360f9e03-dbb1-46ae-9b71-244d76e3334f","playerTags":["2268f452-01b9-4e16-98bb-c07e3ce767e3"],"teamTags":["bb4a9de5-c924-4923-a0cb-9d1445f1ee5d"],"gameTags":["2b405fd4-b582-4b4c-a64b-c3153f68c9a0"],"metadata":{"play":120,"type":4,"after":2.1422075455273273,"before":1.8388063884836505,"parent":"6389632c-d8ee-45f6-8fa8-03de2e483f04","subPlay":0},"created":"2021-03-11T16:10:08.106Z","season":12,"tournament":-1,"type":117,"day":71,"phase":4,"category":1,"description":"Wanda Schenn is Partying!","nuts":0}