{"id":"366e65a0-6bff-47f0-bcc0-558509f5e4a6","playerTags":["c09e64b6-8248-407e-b3af-1931b880dbee"],"teamTags":["3f8bbb15-61c0-4e3f-8e4a-907a5fb1565e"],"gameTags":["cd48b605-8c38-4ca1-a65e-6a01afb1efad"],"metadata":{"play":275,"type":4,"after":3.1698897564070667,"before":2.9389271876444916,"parent":"5c13810e-ccae-46f6-b284-7c689dc043e3","subPlay":0},"created":"2021-04-09T17:23:27.049Z","season":14,"tournament":-1,"type":117,"day":96,"phase":6,"category":1,"description":"Lenny Spruce is Partying!","nuts":4}