{"id":"366f8cc0-e84c-4c55-a384-65234b74b355","playerTags":["0813d43c-b938-49da-acef-65b73f27b099"],"teamTags":["bb4a9de5-c924-4923-a0cb-9d1445f1ee5d"],"gameTags":["76a22912-5ae7-4490-bae5-7111dd147e98"],"metadata":{"play":190,"type":4,"after":3.3893003778429103,"before":3.1753755028618467,"parent":"7ee5e394-1eed-454e-ad72-c83973b9521d","subPlay":0},"created":"2021-04-09T17:15:56.494Z","season":14,"tournament":-1,"type":117,"day":96,"phase":6,"category":1,"description":"S--atc- D-le--e is Partying!","nuts":12}