{"id":"37085bde-bec9-4650-91d4-39a3a6c00e75","playerTags":["888fce7a-0d21-478a-9b45-4662193fe9aa"],"teamTags":["46358869-dce9-4a01-bfba-ac24fc56f57e"],"gameTags":["7ed2888c-bf61-49c7-a010-a704854029f4"],"metadata":{"play":162,"type":4,"after":2.1761736463592443,"before":1.8257330114020118,"parent":"3bc92bba-8ee9-4f68-aa48-f79f5fe07bd8","subPlay":0},"created":"2021-03-12T05:13:39.133Z","season":12,"tournament":-1,"type":117,"day":83,"phase":6,"category":1,"description":"Jolene Willowtree is Partying!","nuts":3}