{"id":"376c64d7-55f4-47a9-b4a1-00708dc1c001","playerTags":["948ce8a8-19cd-4f81-b84f-88cce02c47bc"],"teamTags":["d9f89a8a-c563-493e-9d64-78e4f9a55d4a"],"gameTags":["0f878c0e-4c9c-4600-89c5-b01b7bb14b56"],"metadata":{"play":103,"type":4,"after":3.0782385859761883,"before":2.8086124764185643,"parent":"95d0271a-145c-4bd7-9c5f-564576c1d303","subPlay":0},"created":"2021-04-09T16:08:52.214Z","season":14,"tournament":-1,"type":117,"day":95,"phase":6,"category":1,"description":"Flattery McKinley is Partying!","nuts":5}