{"id":"378bbfc5-73e6-4db5-9e81-dce7dd78246f","playerTags":["5e4dfa16-f1b9-400f-b8ef-a1613c2b026a"],"teamTags":["bfd38797-8404-4b38-8b82-341da28b1f83"],"gameTags":["d102cccd-89cc-40ae-8ec0-b4734b1d1a30"],"metadata":{"play":73,"type":4,"after":2.0295975510764688,"before":1.7202164572335257,"parent":"45f4f8bd-5af2-4760-8d99-b798f08244bc","subPlay":0},"created":"2021-03-19T13:06:02.711Z","season":13,"tournament":-1,"type":117,"day":92,"phase":6,"category":1,"description":"Snyder Briggs is Partying!","nuts":1}