{"id":"37bc453a-d86f-456a-8282-79c74e3f3570","playerTags":["f2a27a7e-bf04-4d31-86f5-16bfa3addbe7"],"teamTags":["adc5b394-8f76-416d-9ce9-813706877b84"],"gameTags":["39348a16-e7ed-48be-a3d4-5f8782966b80"],"metadata":{"play":57,"type":1,"after":1.2743656887994375,"before":1.1490754475943321,"parent":"1bad84e3-8762-4ad9-ac8d-b4eb6bbed265","subPlay":1},"created":"2021-04-09T10:04:47.631Z","season":14,"tournament":-1,"type":117,"day":89,"phase":6,"category":1,"description":"Winnie Hess drained blood from Oscar Dollie.","nuts":3}