{"id":"38a1ef86-e579-49aa-9246-f87582c02595","playerTags":["f2c477fb-28ea-4fcb-943a-9fab22df3da0"],"teamTags":["b72f3061-f573-40d7-832a-5ad475bd7909"],"gameTags":["b920a18c-7296-4381-af06-bf82cdd3ce76"],"metadata":{"play":215,"type":4,"after":3.0034195208088352,"before":2.7514987858573035,"parent":"1e7a3a14-d129-424a-94e5-69cfb1da3573","subPlay":0},"created":"2021-04-09T19:18:19.670Z","season":14,"tournament":-1,"type":117,"day":98,"phase":6,"category":1,"description":"Sandford Garner is Partying!","nuts":1}