{"id":"38c2509a-df7c-44ba-aed4-9bbfed4fb426","playerTags":["5361e381-6658-488b-8236-dde6a264554f"],"teamTags":["d9f89a8a-c563-493e-9d64-78e4f9a55d4a"],"gameTags":["15fa26fa-77d9-49e3-ae3d-be659b7caeef"],"metadata":{"play":250,"type":4,"after":2.155807994504937,"before":1.8691440231957144,"parent":"801623dc-cac0-41ac-a8af-224fdda959dc","subPlay":0},"created":"2021-03-12T14:21:10.964Z","season":12,"tournament":-1,"type":117,"day":92,"phase":6,"category":1,"description":"Yurts Buttercup is Partying!","nuts":2}