{"id":"39ce5eb9-8747-4dae-a119-736fadc46796","playerTags":["03b80a57-77ea-4913-9be4-7a85c3594745"],"teamTags":["878c1bf6-0d21-4659-bfee-916c8314d69c"],"gameTags":["fe973f48-2d2a-45ff-a6d4-4044e3df3d46"],"metadata":{"play":94,"type":2,"after":0.8539467949491364,"before":0.7603928906758971,"parent":"6c575d29-2fbb-49fe-bcd8-f063aaf6b0c6","subPlay":1},"created":"2021-04-07T18:07:53.972Z","season":14,"tournament":-1,"type":117,"day":50,"phase":4,"category":1,"description":"Halexandrey Walton drained blood from Siobhan Chark.","nuts":3}