{"id":"3b025ca2-d23b-4343-ad6a-7965070a70f5","playerTags":["266abcc0-8abc-4570-b32e-e5668e5d38f3"],"teamTags":["46358869-dce9-4a01-bfba-ac24fc56f57e"],"gameTags":["f148f6b0-a360-498f-a189-a213269b9534"],"metadata":{"play":267,"type":4,"after":3.4556305072048623,"before":3.19821785438919,"parent":"789e2619-e6cc-4c2b-bd2c-fbf1038a5912","subPlay":0},"created":"2021-03-19T19:22:59.888Z","season":13,"tournament":-1,"type":117,"day":98,"phase":6,"category":1,"description":"Zoey Kirchner is Partying!","nuts":11}