{"id":"3b358996-4514-4d9d-9398-e8a75623c1eb","playerTags":["1301ee81-406e-43d9-b2bb-55ca6e0f7765"],"teamTags":["105bc3ff-1320-4e37-8ef0-8d595cb95dd0"],"gameTags":["76561b33-e498-42b5-80e0-221ed4c87a38"],"metadata":{"play":244,"type":4,"after":3.2448725194513024,"before":2.976102810403877,"parent":"3afd5687-00cd-4a86-8f60-643783335536","subPlay":0},"created":"2021-04-09T01:21:04.206Z","season":14,"tournament":-1,"type":117,"day":80,"phase":6,"category":1,"description":"Malik Destiny is Partying!","nuts":4}