{"id":"3bd0adc4-4bc5-492d-9f49-08d1d34a4220","playerTags":["b39b5aae-8571-4c90-887a-6a00f2a2f6fd"],"teamTags":["b024e975-1c4a-4575-8936-a3754a08806a"],"gameTags":["70b41f97-76d3-4fc9-98ab-7b0e843b40c0"],"metadata":{"play":150,"type":4,"after":2.824485072814347,"before":2.598525396603992,"parent":"a181ed25-60fc-47d4-83db-c494d17522f5","subPlay":0},"created":"2021-03-05T08:12:58.406Z","season":11,"tournament":-1,"type":117,"day":86,"phase":6,"category":1,"description":"Dickerson Morse is Partying!","nuts":1}