{"id":"3c7c593c-2433-4871-804b-1d76d76cf681","playerTags":["cbd19e6f-3d08-4734-b23f-585330028665"],"teamTags":["b72f3061-f573-40d7-832a-5ad475bd7909"],"gameTags":["27415597-00ee-4b69-b0d0-c0dc32626b56"],"metadata":{"play":121,"type":4,"after":3.526983386070117,"before":3.294973600219759,"parent":"a9f4dd89-2e27-4386-947c-579388b928a6","subPlay":0},"created":"2021-03-05T09:10:23.006Z","season":11,"tournament":-1,"type":117,"day":87,"phase":6,"category":1,"description":"Knight Triumphant is Partying!","nuts":1}