{"id":"3c94166f-65d1-499b-83b7-d568834268dc","playerTags":["bf122660-df52-4fc4-9e70-ee185423ff93"],"teamTags":["a37f9158-7f82-46bc-908c-c9e2dda7c33b"],"gameTags":["d06facea-e61b-41b9-9c21-bcd16537418d"],"metadata":{"play":238,"type":4,"after":2.469783147955453,"before":2.200473211022161,"parent":"6b2f8f3c-5e07-4f26-b499-e168ef073a6f","subPlay":0},"created":"2021-03-12T14:20:15.474Z","season":12,"tournament":-1,"type":117,"day":92,"phase":6,"category":1,"description":"Walton Sports is Partying!","nuts":1}