{"id":"3c95fb2f-2200-451c-9e08-a5f89613f504","playerTags":["12c4368d-478b-42be-b6d3-fa2e9b230f82"],"teamTags":["46358869-dce9-4a01-bfba-ac24fc56f57e"],"gameTags":["09179236-2e27-4cc1-b7ba-133f87768e1b"],"metadata":{"play":81,"type":4,"after":3.3686716190223396,"before":3.145203621772586,"parent":"df1b68c3-882f-4a9c-8fbd-c7b5245500f8","subPlay":0},"created":"2021-04-09T16:06:43.285Z","season":14,"tournament":-1,"type":117,"day":95,"phase":6,"category":1,"description":"Lady Matsuyama is Partying!","nuts":5}