{"id":"3ce64b03-3007-47dd-ab90-4a6d87d4403c","playerTags":["89ec77d8-c186-4027-bd45-f407b4800c2c"],"teamTags":["7966eb04-efcc-499b-8f03-d13916330531"],"gameTags":["547ba06c-5d1f-43d1-9620-6ae1b039dc35"],"metadata":{"play":328,"type":4,"after":3.6034384577384126,"before":3.395311722892452,"parent":"68cc6c35-3811-44df-8278-36f857c0659b","subPlay":0},"created":"2021-03-12T19:28:11.620Z","season":12,"tournament":-1,"type":117,"day":97,"phase":6,"category":1,"description":"James Mora is Partying!","nuts":4}