{"id":"3dcc76df-9f23-4001-90e5-b4f5358d42c9","playerTags":["28964497-0efe-420c-9c1d-8574f224a4e9"],"teamTags":["3f8bbb15-61c0-4e3f-8e4a-907a5fb1565e"],"gameTags":["1b38ddee-adc5-4c4b-ba55-857d2a734f91"],"metadata":{"play":102,"type":4,"after":2.674786558406166,"before":2.4530527402227245,"parent":"2a483fc8-550d-44a4-b95a-f38f98c285e9","subPlay":0},"created":"2021-04-09T16:08:47.517Z","season":14,"tournament":-1,"type":117,"day":95,"phase":6,"category":1,"description":"Inez Owens is Partying!","nuts":3}