{"id":"3e74a567-7113-449b-b055-1f665df3fa2a","playerTags":["167751d5-210c-4a6e-9568-e92d61bab185"],"teamTags":["979aee4a-6d80-4863-bf1c-ee1a78e06024"],"gameTags":["4163fa5c-ea14-42df-8812-7bf5d889e063"],"metadata":{"play":22,"type":4,"after":3.4651292645425276,"before":3.2203988300934805,"parent":"7bc8a49a-08f4-4507-8774-c34ac7fe48f9","subPlay":0},"created":"2021-04-09T19:01:46.921Z","season":14,"tournament":-1,"type":117,"day":98,"phase":6,"category":1,"description":"Jacob Winner is Partying!","nuts":3}