{"id":"3e8964fa-0ba9-4548-b8de-17b7aa987fbf","playerTags":["c3ae0552-59e8-44bf-ba66-48a96aff35e6"],"teamTags":["b72f3061-f573-40d7-832a-5ad475bd7909"],"gameTags":["4f9a90f6-d41f-40ec-9f42-12cb0bd705e0"],"metadata":{"play":185,"type":4,"after":2.3823213553090152,"before":2.1204744881442386,"parent":"d02473fd-783a-43db-903c-6aca02602b3a","subPlay":0},"created":"2021-04-09T02:15:35.514Z","season":14,"tournament":-1,"type":117,"day":81,"phase":6,"category":1,"description":"Bontgomery Mullock is Partying!","nuts":2}