{"id":"412672be-bc80-4a56-a0b4-93028479b533","playerTags":["4b01cc3f-c59f-486d-9c00-b8a82624e620"],"teamTags":["d9f89a8a-c563-493e-9d64-78e4f9a55d4a"],"gameTags":["78db17e6-719f-422e-830c-d70233df30b7"],"metadata":{"play":151,"type":4,"after":1.8591920978008423,"before":1.5898966690353271,"parent":"f4558975-dfe4-4158-a7ea-6005c8ec9c20","subPlay":0},"created":"2021-03-19T11:13:12.349Z","season":13,"tournament":-1,"type":117,"day":90,"phase":6,"category":1,"description":"Siobhan Chark is Partying!","nuts":6}