{"id":"4126e880-5587-4f56-860d-a801e3b3adaf","playerTags":["18af933a-4afa-4cba-bda5-45160f3af99b"],"teamTags":["36569151-a2fb-43c1-9df7-2df512424c82"],"gameTags":["cc8ee11b-0382-45f7-bf60-1e07630190de"],"metadata":{"play":88,"type":4,"after":2.5664864430690733,"before":2.3236681203101632,"parent":"1fa87945-8af6-4208-b571-4d95b5673233","subPlay":0},"created":"2021-03-19T16:07:32.158Z","season":13,"tournament":-1,"type":117,"day":95,"phase":6,"category":1,"description":"Felix Garbage is Partying!","nuts":8}