{"id":"417fcace-dbd7-4abf-875c-505adec5113a","playerTags":["d35ccee1-9559-49a1-aaa4-7809f7b5c46e"],"teamTags":["8d87c468-699a-47a8-b40d-cfb73a5660ad"],"gameTags":["6d5cadef-7192-42f1-a1df-3e61df152e1a"],"metadata":{"play":304,"type":4,"after":4.08485935457517,"before":3.8564925940374355,"parent":"6d96dfd0-d032-4a56-b4e0-0174b90d3ae5","subPlay":0},"created":"2021-03-19T06:26:01.349Z","season":13,"tournament":-1,"type":117,"day":85,"phase":6,"category":1,"description":"Forrest Best is Partying!","nuts":10}