{"id":"41cd609b-25e6-4710-af0b-b1bb7c9c9d86","playerTags":["8cf78b49-d0ca-4703-88e8-4bcad26c44b1"],"teamTags":["9debc64f-74b7-4ae1-a4d6-fce0144b6ea5"],"gameTags":["3b3ad672-3846-496e-8c8a-9ac19a563644"],"metadata":{"play":191,"type":4,"after":2.897104388053404,"before":2.648150934052248,"parent":"5436c55b-2e3b-47fe-ae49-300fba713380","subPlay":0},"created":"2021-04-09T16:16:37.919Z","season":14,"tournament":-1,"type":117,"day":95,"phase":6,"category":1,"description":"Avila Guzman is Partying!","nuts":4}