{"id":"4204d84e-a42d-4219-8f24-d60698b75f9c","playerTags":["3a96d76a-c508-45a0-94a0-8f64cd6beeb4"],"teamTags":["b024e975-1c4a-4575-8936-a3754a08806a"],"gameTags":["1580d7b6-ef30-40ee-8fc8-eae417b37fbc"],"metadata":{"play":239,"type":4,"after":1.8393529574056542,"before":1.5173398533913605,"parent":"899a131b-38cb-4ee1-ad7f-4c37393ae1e0","subPlay":0},"created":"2021-03-05T11:20:16.282Z","season":11,"tournament":-1,"type":117,"day":89,"phase":6,"category":1,"description":"Sixpack Dogwalker is Partying!","nuts":0}