{"id":"4216203d-cc74-497f-8f2b-8cbbcf145e4b","playerTags":["ff5a37d9-a6dd-49aa-b6fb-b935fd670820"],"teamTags":["3f8bbb15-61c0-4e3f-8e4a-907a5fb1565e"],"gameTags":["8ba899ad-07ac-4556-bdc9-10fa040ebe0a"],"metadata":{"play":216,"type":4,"after":3.161509107308896,"before":2.8852716652828394,"parent":"63e42a63-208d-4378-a403-0bd0577da0ff","subPlay":0},"created":"2021-04-09T18:18:20.790Z","season":14,"tournament":-1,"type":117,"day":97,"phase":6,"category":1,"description":"Dunn Keyes is Partying!","nuts":7}