{"id":"434c5a61-534e-4033-9434-ae8ec7ad466b","playerTags":["e7ecf646-e5e4-49ef-a0e3-10a78e87f5f4"],"teamTags":["b024e975-1c4a-4575-8936-a3754a08806a"],"gameTags":["9b671a70-c55f-4beb-bef2-5b1b8c5d4c01"],"metadata":{"play":92,"type":4,"after":1.767528295568914,"before":1.4329480941700545,"parent":"0db8303c-1df8-4faa-8edb-9728721974f9","subPlay":0},"created":"2021-04-09T17:07:48.192Z","season":14,"tournament":-1,"type":117,"day":96,"phase":6,"category":1,"description":"Gallup Crueller is Partying!","nuts":3}