{"id":"438b7e41-f1a2-46f2-99f5-2bdb4e042120","playerTags":["020ed630-8bae-4441-95cc-0e4ecc27253b"],"teamTags":["bfd38797-8404-4b38-8b82-341da28b1f83"],"gameTags":["d102cccd-89cc-40ae-8ec0-b4734b1d1a30"],"metadata":{"play":236,"type":4,"after":2.624565300611009,"before":2.4061894137782027,"parent":"97cdfd47-f08e-49e0-87c4-ca274d2c2564","subPlay":0},"created":"2021-03-19T13:19:55.727Z","season":13,"tournament":-1,"type":117,"day":92,"phase":6,"category":1,"description":"Simon Haley is Partying!","nuts":1}