{"id":"4410196f-cab9-45a7-86b8-028a7e2ba469","playerTags":["0813d43c-b938-49da-acef-65b73f27b099"],"teamTags":["bb4a9de5-c924-4923-a0cb-9d1445f1ee5d"],"gameTags":["76a22912-5ae7-4490-bae5-7111dd147e98"],"metadata":{"play":134,"type":4,"after":3.1753755028618467,"before":2.940125922823543,"parent":"a0dd483f-2eac-4bc7-939a-57d2a2c42d41","subPlay":0},"created":"2021-04-09T17:11:14.818Z","season":14,"tournament":-1,"type":117,"day":96,"phase":6,"category":1,"description":"S--atc- D-le--e is Partying!","nuts":7}