{"id":"445f5676-d2e7-48b2-a14f-1811278da9d5","playerTags":["f1cc4d7d-bef0-43dd-ba0a-17c7628aa775"],"teamTags":["105bc3ff-1320-4e37-8ef0-8d595cb95dd0"],"gameTags":["ab75e6d8-f8dd-4342-9bf8-db0dc3630d74"],"metadata":{"play":103,"type":4,"after":2.2028987001120934,"before":1.9462311601809725,"parent":"d089bab9-b996-4f12-9f2c-762a740fc11d","subPlay":0},"created":"2021-04-09T03:08:38.774Z","season":14,"tournament":-1,"type":117,"day":82,"phase":6,"category":1,"description":"Magi Ruiz is Partying!","nuts":3}