{"id":"449af039-2ba2-45dc-9efa-c925581585c0","playerTags":["096bb9b5-5ea8-4da1-a113-57a5fc9e9b67"],"teamTags":["46358869-dce9-4a01-bfba-ac24fc56f57e"],"gameTags":["e6d5e9c1-2728-4c7b-b5d0-629076bc8f69"],"metadata":{"play":252,"type":4,"after":1.766563627020316,"before":1.488044834362512,"parent":"30479d74-d0ea-4c7d-a15c-68e44f59ee9c","subPlay":0},"created":"2021-03-19T10:21:25.534Z","season":13,"tournament":-1,"type":117,"day":89,"phase":6,"category":1,"description":"Jasper Ji-Eun is Partying!","nuts":1}