{"id":"44ad4368-1f89-4e8c-863c-3029183cc2b8","playerTags":["9f85676a-7411-444a-8ae2-c7f8f73c285c"],"teamTags":["eb67ae5e-c4bf-46ca-bbbc-425cd34182ff"],"gameTags":["9a3c8e44-21e6-449c-be1e-bebd6387136f"],"metadata":{"play":210,"type":4,"after":2.029919041865988,"before":1.7438715663692208,"parent":"40ceabd5-7205-486a-a10d-47cc02e64456","subPlay":0},"created":"2021-03-05T20:18:09.118Z","season":11,"tournament":-1,"type":117,"day":98,"phase":6,"category":1,"description":"Lachlan Shelton is Partying!","nuts":2}