{"id":"44c8933c-a679-48e1-8ba2-f1e463411eda","playerTags":["de21c97e-f575-43b7-8be7-ecc5d8c4eaff"],"teamTags":["bb4a9de5-c924-4923-a0cb-9d1445f1ee5d"],"gameTags":["39cd0162-f389-4a83-a996-29254735cc1f"],"metadata":{"play":45,"type":4,"after":3.6235020461912804,"before":3.387525565748651,"parent":"a7ef8e8a-1a63-4200-b989-e9372a2a9533","subPlay":0},"created":"2021-03-19T19:03:56.139Z","season":13,"tournament":-1,"type":117,"day":98,"phase":6,"category":1,"description":"Pitching Machine is Partying!","nuts":14}