{"id":"4676cf3d-3d88-434f-97e6-d94c26bf6ff4","playerTags":["266abcc0-8abc-4570-b32e-e5668e5d38f3"],"teamTags":["46358869-dce9-4a01-bfba-ac24fc56f57e"],"gameTags":["8977ccce-3b77-4b26-a153-12aa62ef96b0"],"metadata":{"play":149,"type":4,"after":2.6442755734265058,"before":2.2528061700719206,"parent":"3218abcf-a958-48e4-8d6d-b083447f59cb","subPlay":0},"created":"2021-03-12T08:12:52.861Z","season":12,"tournament":-1,"type":117,"day":86,"phase":6,"category":1,"description":"Zoey Kirchner is Partying!","nuts":8}