{"id":"479fe6bf-5925-4593-b6cc-b5bc8113d94a","playerTags":["7158d158-e7bf-4e9b-9259-62e5b25e3de8"],"teamTags":["9debc64f-74b7-4ae1-a4d6-fce0144b6ea5"],"gameTags":["e348e241-29c4-4dc0-9ff1-563e80766284"],"metadata":{"play":142,"type":3,"after":0.6649731561700813,"before":0.564622327513364,"parent":"14661718-2d97-48ec-8183-8c7d8529978b","subPlay":1},"created":"2021-03-11T03:12:13.127Z","season":12,"tournament":-1,"type":117,"day":58,"phase":4,"category":1,"description":"Karato Bean drained blood from Jasmine Washington.","nuts":0}