{"id":"48117af3-630e-4e80-94a2-a6d79d527c99","playerTags":["266abcc0-8abc-4570-b32e-e5668e5d38f3"],"teamTags":["46358869-dce9-4a01-bfba-ac24fc56f57e"],"gameTags":["ae7174ce-56a5-462e-9807-1232e20453b9"],"metadata":{"play":29,"type":4,"after":2.9322695552901354,"before":2.6442755734265058,"parent":"67b19662-5cd0-42a1-b000-7129836c9a7e","subPlay":0},"created":"2021-03-12T12:02:21.628Z","season":12,"tournament":-1,"type":117,"day":90,"phase":6,"category":1,"description":"Zoey Kirchner is Partying!","nuts":8}