{"id":"48fccdd5-629f-445e-80d6-87066555b472","playerTags":["5991ccb3-7eed-46d9-9d7c-69dec9b56d4b"],"teamTags":["46358869-dce9-4a01-bfba-ac24fc56f57e"],"gameTags":["9de16922-dac2-4b8f-b5d4-541dddb49c1d"],"metadata":{"play":74,"type":4,"after":1.9953481953333634,"before":1.7157616176128336,"parent":"3ae2ca76-c152-4de4-88a0-908608f0c24f","subPlay":0},"created":"2021-03-12T15:06:40.496Z","season":12,"tournament":-1,"type":117,"day":93,"phase":6,"category":1,"description":"Mira Lemma is Partying!","nuts":3}