{"id":"49959d4c-157d-4b7d-a339-0b8f539ce08c","playerTags":["a199a681-decf-4433-b6ab-5454450bbe5e"],"teamTags":["adc5b394-8f76-416d-9ce9-813706877b84"],"gameTags":["9edbd7ab-ac2d-4217-96ad-f8ba9a43c324"],"metadata":{"play":165,"type":4,"after":3.0875675314405866,"before":2.8354287031314964,"parent":"b5589604-ea5b-4e5d-9450-45ece697b662","subPlay":0},"created":"2021-03-12T15:14:03.789Z","season":12,"tournament":-1,"type":117,"day":93,"phase":6,"category":1,"description":"Leach Ingram is Partying!","nuts":5}