{"id":"4b472533-efeb-419c-ae19-745f916ad064","playerTags":["cbd19e6f-3d08-4734-b23f-585330028665"],"teamTags":["b72f3061-f573-40d7-832a-5ad475bd7909"],"gameTags":["b67edf71-c2f1-47fc-a946-bdb05de9bf7d"],"metadata":{"play":317,"type":1,"after":0.8374760849019507,"before":0.7160140250426961,"parent":"57e19c4f-08b5-4fd3-9c21-063eef84a410","subPlay":1},"created":"2021-03-05T02:26:53.319Z","season":11,"tournament":-1,"type":117,"day":80,"phase":6,"category":1,"description":"Knight Triumphant drained blood from Gerund Pantheocide.","nuts":0}