{"id":"4b491a20-ab10-4ace-8d19-d9562b23eb33","playerTags":["80dff591-2393-448a-8d88-122bd424fa4c"],"teamTags":["23e4cbc1-e9cd-47fa-a35b-bfa06f726cb7"],"gameTags":["6a51eb54-d6e3-418c-8bc7-2816fb508320"],"metadata":{"play":64,"type":4,"after":3.1636019355650586,"before":2.913114194713311,"parent":"43f194a1-7381-41bc-8833-a9f14dbb4f7d","subPlay":0},"created":"2021-03-12T13:05:17.527Z","season":12,"tournament":-1,"type":117,"day":91,"phase":6,"category":1,"description":"Elvis Figueroa is Partying!","nuts":4}