{"id":"4bfb27ed-bec1-4f52-b71a-985a48293a12","playerTags":["bbf9543f-f100-445a-a467-81d7aab12236"],"teamTags":["bb4a9de5-c924-4923-a0cb-9d1445f1ee5d"],"gameTags":["2b405fd4-b582-4b4c-a64b-c3153f68c9a0"],"metadata":{"play":317,"type":4,"after":1.9833266780301746,"before":1.6865172140883125,"parent":"6c29485f-f3f5-4b13-b880-bcc2841fdc44","subPlay":0},"created":"2021-03-11T16:27:06.134Z","season":12,"tournament":-1,"type":117,"day":71,"phase":4,"category":1,"description":"Farrell Seagull is Partying!","nuts":0}