{"id":"4c0e72cc-f2a1-410f-9778-4feac0497d76","playerTags":["020ed630-8bae-4441-95cc-0e4ecc27253b"],"teamTags":["bfd38797-8404-4b38-8b82-341da28b1f83"],"gameTags":["b54fa910-ac7e-447d-8c26-0b333f8680b1"],"metadata":{"play":12,"type":4,"after":1.9457376108662672,"before":1.6048472871149562,"parent":"44626adb-cf47-4283-93f0-45763e598213","subPlay":0},"created":"2021-03-12T06:01:00.863Z","season":12,"tournament":-1,"type":117,"day":84,"phase":6,"category":1,"description":"Simon Haley is Partying!","nuts":0}