{"id":"4c8eb357-c190-4833-95d9-708d5cacd225","playerTags":["f0594932-8ef7-4d70-9894-df4be64875d8"],"teamTags":["bfd38797-8404-4b38-8b82-341da28b1f83"],"gameTags":["14a9b6d9-93e9-4c8f-8ed2-058a63458464"],"metadata":{"play":48,"type":4,"after":2.516572535924894,"before":2.256379528903679,"parent":"1a05608e-15be-4027-a369-50ea00045104","subPlay":0},"created":"2021-03-12T09:03:57.010Z","season":12,"tournament":-1,"type":117,"day":87,"phase":6,"category":1,"description":"Fitzgerald Wanderlust is Partying!","nuts":2}