{"id":"4feebdee-aa8f-41c6-aa54-4fe7bcb8727e","playerTags":["d0d7b8fe-bad8-481f-978e-cb659304ed49"],"teamTags":["8d87c468-699a-47a8-b40d-cfb73a5660ad"],"gameTags":["12dbfe5f-2812-4755-b6ee-0f36faf011c3"],"metadata":{"play":89,"type":4,"after":2.7428848725151442,"before":2.4815229714363567,"parent":"b69f9ecf-aa94-46ab-9604-0f0bd1515268","subPlay":0},"created":"2021-03-19T12:07:27.855Z","season":13,"tournament":-1,"type":117,"day":91,"phase":6,"category":1,"description":"Adalberto Tosser is Partying!","nuts":7}