{"id":"4ffb0165-7dfc-4463-9bcf-a2521b2ade03","playerTags":["0813d43c-b938-49da-acef-65b73f27b099"],"teamTags":["bb4a9de5-c924-4923-a0cb-9d1445f1ee5d"],"gameTags":["6c0fc8a3-bed3-419a-815a-4858c6ce23f2"],"metadata":{"play":163,"type":4,"after":2.178492181254967,"before":1.8578788288623933,"parent":"39732992-aa36-4b30-bdf2-aa0f3b3e008b","subPlay":0},"created":"2021-03-12T03:14:00.273Z","season":12,"tournament":-1,"type":117,"day":81,"phase":6,"category":1,"description":"Scratch Deleuze is Partying!","nuts":2}