{"id":"501bf865-1956-49f0-9a7f-e9d62b090623","playerTags":["0ef1bc34-64ee-4c7b-8be2-88322b407a58"],"teamTags":["d9f89a8a-c563-493e-9d64-78e4f9a55d4a"],"gameTags":["3cd1dfac-7b82-4274-8eed-8a0e5a8cfff0"],"metadata":{"play":24,"type":4,"after":2.2570035867283558,"before":1.9895237742639758,"parent":"ae3d157f-275b-4553-b301-d6dce8208119","subPlay":0},"created":"2021-03-12T13:02:01.178Z","season":12,"tournament":-1,"type":117,"day":91,"phase":6,"category":1,"description":"Geraldine Frost is Partying!","nuts":0}