{"id":"5057af4c-b8c2-4b1b-abca-4a6b1d0d2074","playerTags":["0813d43c-b938-49da-acef-65b73f27b099"],"teamTags":["bb4a9de5-c924-4923-a0cb-9d1445f1ee5d"],"gameTags":["e18fe83f-a616-4cee-baa6-77fc847d70bc"],"metadata":{"play":306,"type":4,"after":2.4410922429789736,"before":2.178492181254967,"parent":"e9f6e139-b21e-49b3-85a0-7fa99b9d297a","subPlay":0},"created":"2021-03-12T07:26:01.642Z","season":12,"tournament":-1,"type":117,"day":85,"phase":6,"category":1,"description":"Scratch Deleuze is Partying!","nuts":3}