{"id":"509bc381-b22a-4855-91d6-c0fee7b9078b","playerTags":["2f85d731-81ed-4a07-9e01-e93f1786a366"],"teamTags":["46358869-dce9-4a01-bfba-ac24fc56f57e"],"gameTags":["f474b0fb-43f8-41c5-86d7-35868c4ef772"],"metadata":{"play":207,"type":4,"after":1.797640545466136,"before":1.536032630558537,"parent":"dc20ecfe-5f6f-44b2-aee1-d6808402642a","subPlay":0},"created":"2021-03-12T17:17:49.002Z","season":12,"tournament":-1,"type":117,"day":95,"phase":6,"category":1,"description":"Bees Taswell is Partying!","nuts":1}