{"id":"51496f6d-aa98-4f71-92c1-b80fb55f95db","playerTags":["2f85d731-81ed-4a07-9e01-e93f1786a366"],"teamTags":["46358869-dce9-4a01-bfba-ac24fc56f57e"],"gameTags":["3f21fbcf-bc5c-4bb3-9831-82be44f50b23"],"metadata":{"play":166,"type":4,"after":2.3126057567385767,"before":2.0499894889345835,"parent":"7ee4541e-52aa-4bb6-85f9-736a431d1f23","subPlay":0},"created":"2021-03-19T18:14:18.349Z","season":13,"tournament":-1,"type":117,"day":97,"phase":6,"category":1,"description":"Bees Taswell is Partying!","nuts":6}