{"id":"5302aa49-8e02-41f1-ad0e-6d97c9818f17","playerTags":["cbd19e6f-3d08-4734-b23f-585330028665"],"teamTags":["9debc64f-74b7-4ae1-a4d6-fce0144b6ea5"],"gameTags":["51e11542-ac11-4605-afbc-b418461dd6b1"],"metadata":{"play":137,"type":0,"after":1.0693958048101044,"before":0.9754627654863666,"parent":"3e202010-7ac9-4af2-a5a8-3ed317816900","subPlay":1},"created":"2021-03-08T23:11:29.184Z","season":12,"tournament":-1,"type":117,"day":7,"phase":2,"category":1,"description":"Knight Triumphant drained blood from Ayanna Dumpington.","nuts":0}