{"id":"533ef54b-1a89-4826-a2b0-3dd146320254","playerTags":["88cd6efa-dbf2-4309-aabe-ec1d6f21f98a"],"teamTags":["adc5b394-8f76-416d-9ce9-813706877b84"],"gameTags":["5750b24b-4c01-4a44-8914-3eb587b76353"],"metadata":{"play":195,"type":4,"after":3.057097683773688,"before":2.7994921469271326,"parent":"efcbb430-709b-4291-9536-71b80293f7ef","subPlay":0},"created":"2021-03-12T07:16:29.670Z","season":12,"tournament":-1,"type":117,"day":85,"phase":6,"category":1,"description":"Hewitt Best is Partying!","nuts":3}