{"id":"53430f78-a432-4636-9c77-d0ac6ad43da9","playerTags":["b1b141fc-e867-40d1-842a-cea30a97ca4f"],"teamTags":["bfd38797-8404-4b38-8b82-341da28b1f83"],"gameTags":["608b496a-1b2c-4d5e-9251-011f949baafa"],"metadata":{"play":276,"type":4,"after":3.9208413807668148,"before":3.725405555912008,"parent":"d2eb4b3f-afa5-4a1a-905b-39f5e1179266","subPlay":0},"created":"2021-03-05T20:23:54.970Z","season":11,"tournament":-1,"type":117,"day":98,"phase":6,"category":1,"description":"Richardson Games is Partying!","nuts":3}