{"id":"552693e8-b1d4-4ed2-9781-f7946fc237eb","playerTags":["0eea4a48-c84b-4538-97e7-3303671934d2"],"teamTags":["b72f3061-f573-40d7-832a-5ad475bd7909"],"gameTags":["4f9a90f6-d41f-40ec-9f42-12cb0bd705e0"],"metadata":{"play":67,"type":4,"after":3.330668362482223,"before":3.102446863385772,"parent":"333ca5a6-8f96-4a55-9539-4bc5357c1bbc","subPlay":0},"created":"2021-04-09T02:05:33.269Z","season":14,"tournament":-1,"type":117,"day":81,"phase":6,"category":1,"description":"Helga Moreno is Partying!","nuts":2}