{"id":"552c0604-eed4-4d12-a4b5-f43946cdae77","playerTags":["2d07ccd0-cac7-4ccd-bab6-a078bb983174"],"teamTags":["c73b705c-40ad-4633-a6ed-d357ee2e2bcf"],"gameTags":["04616912-20ac-4eba-a57f-7b27ea165a87"],"metadata":{"play":225,"type":4,"after":3.3181898871926228,"before":3.09029977707323,"parent":"d467808a-7f77-492f-a8d0-c5366516a786","subPlay":0},"created":"2021-04-09T16:19:29.039Z","season":14,"tournament":-1,"type":117,"day":95,"phase":6,"category":1,"description":"Engine Eberhardt is Partying!","nuts":1}