{"id":"571cc58d-70aa-48da-b04d-cb8cb8a8d18e","playerTags":["64f4cd75-0c1e-42cf-9ff0-e41c4756f22a"],"teamTags":["adc5b394-8f76-416d-9ce9-813706877b84"],"gameTags":["362e1976-c6cb-43b1-a84c-be5833212351"],"metadata":{"play":302,"type":4,"after":2.2830567013915744,"before":2.0585424380603343,"parent":"e0ab7734-4577-4ddd-94f4-02444133096e","subPlay":0},"created":"2021-03-12T04:25:27.122Z","season":12,"tournament":-1,"type":117,"day":82,"phase":6,"category":1,"description":"Grey Alvarado is Partying!","nuts":0}