{"id":"59f017e9-3056-4a53-af31-7a1559d2d713","playerTags":["80dff591-2393-448a-8d88-122bd424fa4c"],"teamTags":["23e4cbc1-e9cd-47fa-a35b-bfa06f726cb7"],"gameTags":["ab21a359-4c7d-44c2-bd02-f52c8931e127"],"metadata":{"play":185,"type":4,"after":2.913114194713311,"before":2.675607715271048,"parent":"8551904d-9e8e-45db-9e4b-41e607d555e1","subPlay":0},"created":"2021-03-12T09:15:44.104Z","season":12,"tournament":-1,"type":117,"day":87,"phase":6,"category":1,"description":"Elvis Figueroa is Partying!","nuts":3}