{"id":"5a2f43a2-6340-44d0-bac6-379738b835b1","playerTags":["19241aa4-38e3-45ed-9750-68f4401f80e1"],"teamTags":["c73b705c-40ad-4633-a6ed-d357ee2e2bcf"],"gameTags":["6022c3ab-fcf6-4cb3-bf71-9bbf47ef5190"],"metadata":{"play":39,"type":4,"after":2.4913542261401305,"before":2.21209032682503,"parent":"50c47b47-b60e-467e-98df-fef5dcb652df","subPlay":0},"created":"2021-03-11T22:03:11.779Z","season":12,"tournament":-1,"type":117,"day":76,"phase":6,"category":1,"description":"Ayanna Dumpington is Partying!","nuts":1}