{"id":"5bec55ba-e216-4f55-b5e4-c0754a846740","playerTags":["fedbceb8-e2aa-4868-ac35-74cd0445893f"],"teamTags":["bfd38797-8404-4b38-8b82-341da28b1f83"],"gameTags":["54a5948c-2942-4d15-badc-02d9d367f04f"],"metadata":{"play":2,"type":4,"after":3.660200108306046,"before":3.5437164092813447,"parent":"273b3e28-bc13-48e1-a009-05a868808f64","subPlay":1},"created":"2021-04-06T23:00:06.228Z","season":14,"tournament":-1,"type":117,"day":31,"phase":4,"category":1,"description":"Uncle Plasma entered the Shadows.","nuts":17}