{"id":"5c669f7e-745c-475d-b002-39cf096db48d","playerTags":["24f6829e-7bb4-4e1e-8b59-a07514657e72"],"teamTags":["3f8bbb15-61c0-4e3f-8e4a-907a5fb1565e"],"gameTags":["055f379b-7a10-4880-a3b9-c7fcf7b4b5c0"],"metadata":{"play":66,"type":4,"after":2.9498403996972415,"before":2.7226114168796305,"parent":"76fefcf4-eda4-4d88-b4e7-c804633e0d18","subPlay":0},"created":"2021-03-05T18:05:51.603Z","season":11,"tournament":-1,"type":117,"day":96,"phase":6,"category":1,"description":"King Weatherman is Partying!","nuts":4}