{"id":"5c93491e-8f83-4017-bedc-c736b349c8f5","playerTags":["020ed630-8bae-4441-95cc-0e4ecc27253b"],"teamTags":["bfd38797-8404-4b38-8b82-341da28b1f83"],"gameTags":["c1775ecb-d3c1-4896-b554-2e5e6a62095d"],"metadata":{"play":142,"type":4,"after":3.070889341515352,"before":2.86738925267748,"parent":"468d26a1-f2d5-42c2-b2f0-307fa7c1d78e","subPlay":0},"created":"2021-04-09T18:12:22.706Z","season":14,"tournament":-1,"type":117,"day":97,"phase":6,"category":1,"description":"Simon Haley is Partying!","nuts":10}