{"id":"5ccde1e2-fd3b-4231-a076-689ce52db0f7","playerTags":["ad8d15f4-e041-4a12-a10e-901e6285fdc5"],"teamTags":["ca3f1c8c-c025-4d8e-8eef-5be6accbeb16"],"gameTags":["d00b2402-3756-4489-aeba-5f771da9868b"],"metadata":{"play":24,"type":4,"after":2.4275030847544428,"before":2.17811676173731,"parent":"eac04ed6-2d11-4d63-98b5-4d619db7dfcc","subPlay":0},"created":"2021-04-09T13:02:01.492Z","season":14,"tournament":-1,"type":117,"day":92,"phase":6,"category":1,"description":"Baby Triumphant is Partying!","nuts":74}