{"id":"5d518540-6f88-4123-8f75-f64dc6879b1f","playerTags":["814bae61-071a-449b-981e-e7afc839d6d6"],"teamTags":["23e4cbc1-e9cd-47fa-a35b-bfa06f726cb7"],"gameTags":["c35682b3-b03d-4804-852c-96920f120a99"],"metadata":{"play":217,"type":4,"after":3.8152856293547988,"before":3.5852368355068758,"parent":"8b378710-1ab5-49eb-9ed2-7abd2e3da8dc","subPlay":0},"created":"2021-03-12T17:18:25.078Z","season":12,"tournament":-1,"type":117,"day":95,"phase":6,"category":1,"description":"Ruslan Greatness is Partying!","nuts":2}