{"id":"5daf1e1f-a8a2-4624-873e-a754a7717c5e","playerTags":["c6a19154-7438-4c4f-b786-2dfaf5951f0f"],"teamTags":["8d87c468-699a-47a8-b40d-cfb73a5660ad"],"gameTags":["6b57b95e-8ad9-4caa-acc7-336d8f2d9bb3"],"metadata":{"play":127,"type":0,"after":0.6786760396724256,"before":0.5726504043813886,"parent":"8b85f371-f5ae-47ab-b833-ef4e78e789ec","subPlay":1},"created":"2021-03-12T01:10:43.416Z","season":12,"tournament":-1,"type":117,"day":79,"phase":6,"category":1,"description":"Silvaire Roadhouse drained blood from Huber Frumple.","nuts":1}