{"id":"5f629e9c-dede-4a4d-88ed-22c4f395f530","playerTags":["5ca7e854-dc00-4955-9235-d7fcd732ddcf"],"teamTags":["c73b705c-40ad-4633-a6ed-d357ee2e2bcf"],"gameTags":["068e9e4c-e004-450b-83e1-1f9d0b7549f6"],"metadata":{"play":102,"type":4,"after":1.5763108112301432,"before":1.3368779015279821,"parent":"2761797e-931a-4d16-ac81-71192fe13626","subPlay":0},"created":"2021-03-12T10:08:33.349Z","season":12,"tournament":-1,"type":117,"day":88,"phase":6,"category":1,"description":"Wyatt Quitter is Partying!","nuts":14}