{"id":"601ced87-8a21-4e64-b98c-525d443f2bec","playerTags":["c83b82e8-b8d2-4cb7-9982-97593283acc2"],"teamTags":["46358869-dce9-4a01-bfba-ac24fc56f57e"],"gameTags":["89efaef0-ec95-4773-8427-bda524ffe03e"],"metadata":{"play":262,"type":4,"after":2.4497192527910774,"before":2.202038154953283,"parent":"138012d7-effe-4736-9948-e892541bd86a","subPlay":0},"created":"2021-04-09T18:22:35.390Z","season":14,"tournament":-1,"type":117,"day":97,"phase":6,"category":1,"description":"Kelvin Drumsolo is Partying!","nuts":1}