{"id":"6295499c-d620-4525-8890-c230cdd50da3","playerTags":["fedbceb8-e2aa-4868-ac35-74cd0445893f"],"teamTags":["bfd38797-8404-4b38-8b82-341da28b1f83"],"gameTags":["f1925518-e056-46f6-be9a-fefd09c0c259"],"metadata":{"play":2,"type":4,"after":3.5437164092813447,"before":3.414624629034667,"parent":"788dcd34-df5f-42a6-af70-a692661951ee","subPlay":1},"created":"2021-04-06T22:00:06.165Z","season":14,"tournament":-1,"type":117,"day":30,"phase":4,"category":1,"description":"Uncle Plasma entered the Shadows.","nuts":11}