{"id":"62f863b5-48e0-42cc-a09e-ddf51d49b450","playerTags":["cbd19e6f-3d08-4734-b23f-585330028665"],"teamTags":["b72f3061-f573-40d7-832a-5ad475bd7909"],"gameTags":["2d9b2fcb-2895-40f0-a9c1-1258be3ad825"],"metadata":{"play":48,"type":1,"after":0.7160140250426961,"before":0.5944983955999997,"parent":"969f96b0-16d8-41bb-9278-5abd24d9b63d","subPlay":1},"created":"2021-03-04T05:04:01.872Z","season":11,"tournament":-1,"type":117,"day":60,"phase":4,"category":1,"description":"Knight Triumphant drained blood from Lang Richardson.","nuts":0}