{"id":"630fdc61-afca-46d7-b494-9fdd0d929d92","playerTags":["8cd06abf-be10-4a35-a3ab-1a408a329147"],"teamTags":["3f8bbb15-61c0-4e3f-8e4a-907a5fb1565e"],"gameTags":["0e4bdd8c-bc0e-4fee-b56f-a1beea34da03"],"metadata":{"play":186,"type":4,"after":2.6555955640460738,"before":2.419123166110912,"parent":"53635079-8c66-47cd-81e7-1814405f7b2f","subPlay":0},"created":"2021-04-09T11:15:40.805Z","season":14,"tournament":-1,"type":117,"day":90,"phase":6,"category":1,"description":"Gloria Bugsnax is Partying!","nuts":5}