{"id":"636dc3b2-4088-46a4-beb0-7213b8db5c4f","playerTags":["d2d76815-cbdc-4c4b-9c9e-32ebf2297cc7"],"teamTags":["9debc64f-74b7-4ae1-a4d6-fce0144b6ea5"],"gameTags":["3b3ad672-3846-496e-8c8a-9ac19a563644"],"metadata":{"play":127,"type":4,"after":2.3136209939957517,"before":2.032328244784884,"parent":"0a3be88e-ec5c-48eb-be6a-4a559918b798","subPlay":0},"created":"2021-04-09T16:10:57.708Z","season":14,"tournament":-1,"type":117,"day":95,"phase":6,"category":1,"description":"Denzel Scott is Partying!","nuts":6}