{"id":"643fb8ae-b52e-4d33-94fe-c257666dce5e","playerTags":["f7847de2-df43-4236-8dbe-ae403f5f3ab3"],"teamTags":["bfd38797-8404-4b38-8b82-341da28b1f83"],"gameTags":["e3986b7a-cec1-4dba-8f21-e221eed67038"],"metadata":{"play":265,"type":4,"after":2.820069694172304,"before":2.564321984585966,"parent":"39912bfa-0bda-4586-a687-79c84fdf3519","subPlay":0},"created":"2021-03-05T10:22:32.041Z","season":11,"tournament":-1,"type":117,"day":88,"phase":6,"category":1,"description":"Blood Hamburger is Partying!","nuts":1}