{"id":"64493a8c-aaa7-4a10-b912-a3cac00660be","playerTags":["e2f39815-5291-4dcf-ba19-97dcf0c015e9"],"teamTags":["c73b705c-40ad-4633-a6ed-d357ee2e2bcf"],"gameTags":["5b2b1b6f-e8df-4e2b-ad15-36b91bfab087"],"metadata":{"play":56,"type":4,"after":1.687509562313101,"before":1.36904739341945,"parent":"0ecb5984-a937-4d90-90a9-bceeb603fda0","subPlay":0},"created":"2021-03-12T04:04:37.140Z","season":12,"tournament":-1,"type":117,"day":82,"phase":6,"category":1,"description":"Stijn Strongbody is Partying!","nuts":0}