{"id":"64f48119-f08f-450e-b6f2-8b0ac9bd10ba","playerTags":["fa40d6ea-e24b-4422-9df1-0643ab202c5f"],"teamTags":["c73b705c-40ad-4633-a6ed-d357ee2e2bcf"],"gameTags":["ee9d80d9-5041-4c1c-a439-e2021d75b276"],"metadata":{"play":250,"type":4,"after":1.7852396118709555,"before":1.4205404347493382,"parent":"a78493ea-09ee-4ead-9fe4-1a7926769904","subPlay":0},"created":"2021-03-12T00:21:05.938Z","season":12,"tournament":-1,"type":117,"day":78,"phase":6,"category":1,"description":"Coolname Galvanic is Partying!","nuts":0}