{"id":"665606a5-5894-4ef4-b480-1d1dcfa77fa7","playerTags":["cc11963b-a05b-477b-b154-911dc31960df"],"teamTags":["bfd38797-8404-4b38-8b82-341da28b1f83"],"gameTags":["0cab391d-f1e4-4d69-95a4-19b130b4aff5"],"metadata":{"play":289,"type":4,"after":2.5857603563869738,"before":2.331918776862823,"parent":"7841e0d6-cc9b-41ff-9e52-de4fb734cda7","subPlay":0},"created":"2021-03-19T12:24:41.170Z","season":13,"tournament":-1,"type":117,"day":91,"phase":6,"category":1,"description":"Pudge Nakamoto is Partying!","nuts":1}