{"id":"67ca8807-8300-4079-809c-894f00b3d201","playerTags":["b643a520-af38-42e3-8f7b-f660e52facc9"],"teamTags":["46358869-dce9-4a01-bfba-ac24fc56f57e"],"gameTags":["6d973af8-cb51-4fe1-a99e-e5e84b512e2c"],"metadata":{"play":103,"type":4,"after":2.60174022366719,"before":2.329584059722918,"parent":"11c61d24-fd3e-4116-93a3-192463849f0e","subPlay":0},"created":"2021-03-19T08:08:47.488Z","season":13,"tournament":-1,"type":117,"day":87,"phase":6,"category":1,"description":"Adelaide Judochop is Partying!","nuts":6}