{"id":"67ff0e1b-0046-4a93-b6ca-5c69f0e791c3","playerTags":["4bf352d2-6a57-420a-9d45-b23b2b947375"],"teamTags":["bb4a9de5-c924-4923-a0cb-9d1445f1ee5d"],"gameTags":["9f09911a-512a-4c16-ba2e-d55f4244b6ee"],"metadata":{"play":259,"type":4,"after":3.021595051339485,"before":2.7566283124369524,"parent":"6e063867-d68c-49b6-9565-ca28448f32ff","subPlay":0},"created":"2021-04-09T11:22:29.600Z","season":14,"tournament":-1,"type":117,"day":90,"phase":6,"category":1,"description":"Rivers Rosa is Partying!","nuts":4}