{"id":"68e3f4f3-6d02-4bd8-aed1-6805c74a616a","playerTags":["97f5a9cd-72f0-413e-9e68-a6ee6a663489"],"teamTags":["b024e975-1c4a-4575-8936-a3754a08806a"],"gameTags":["9b671a70-c55f-4beb-bef2-5b1b8c5d4c01"],"metadata":{"play":368,"type":4,"after":2.578394372949629,"before":2.3317684992213734,"parent":"294494cc-2817-4189-b714-e0332f0fc077","subPlay":0},"created":"2021-04-09T17:31:24.219Z","season":14,"tournament":-1,"type":117,"day":96,"phase":6,"category":1,"description":"Kline Greenlemon is Partying!","nuts":1}