{"id":"69b6dc28-ef92-404b-8f68-ec0281ec8ba7","playerTags":["409d1c96-760b-4a96-9a3c-481112ddf37b"],"teamTags":["d9f89a8a-c563-493e-9d64-78e4f9a55d4a"],"gameTags":["6a79932c-2732-41cb-b374-4612e56b4685"],"metadata":{"play":236,"type":4,"after":2.910603926624536,"before":2.6441557477139552,"parent":"aba1ae87-3677-408e-972f-dc595b7acd31","subPlay":0},"created":"2021-04-09T17:20:01.880Z","season":14,"tournament":-1,"type":117,"day":96,"phase":6,"category":1,"description":"Niq Nyong'o is Partying!","nuts":2}