{"id":"6a8b8d4f-0af2-41b1-a802-7b791fe932f3","playerTags":["b60605e6-ff41-4388-a61a-fafd2175f7ad"],"teamTags":["c73b705c-40ad-4633-a6ed-d357ee2e2bcf"],"gameTags":["de7278f6-e054-45bd-a10b-48f136c27290"],"metadata":{"play":145,"type":4,"after":2.1858723650048772,"before":1.9283134867449814,"parent":"6e518131-8035-49a5-b14c-9273ca1d5b7f","subPlay":0},"created":"2021-03-05T19:12:24.138Z","season":11,"tournament":-1,"type":117,"day":97,"phase":6,"category":1,"description":"Elwin McGhee is Partying!","nuts":0}