{"id":"6abee04c-59a6-45d4-9c31-5f733a0fd08b","playerTags":["b60605e6-ff41-4388-a61a-fafd2175f7ad"],"teamTags":["c73b705c-40ad-4633-a6ed-d357ee2e2bcf"],"gameTags":["c434159f-c7ce-4d40-b801-250855f5a503"],"metadata":{"play":185,"type":4,"after":2.4277425438039786,"before":2.1858723650048772,"parent":"6a6eb80b-bbd2-46a9-afdb-00e34e2b99ff","subPlay":0},"created":"2021-03-12T11:15:53.580Z","season":12,"tournament":-1,"type":117,"day":89,"phase":6,"category":1,"description":"Elwin McGhee is Partying!","nuts":0}