{"id":"6b7c8988-d02f-40f3-b62a-0ec5c0e47d84","playerTags":["62ae6aa9-e346-4faa-b07c-1f7623580015"],"teamTags":["c73b705c-40ad-4633-a6ed-d357ee2e2bcf"],"gameTags":["2e5b8a4a-3fef-4756-b2c9-b651c4813e68"],"metadata":{"play":159,"type":4,"after":2.6446862192892024,"before":2.3950167288708912,"parent":"9ea488a8-941c-40b5-b8c8-3f82f8b4e573","subPlay":0},"created":"2021-03-05T06:13:29.775Z","season":11,"tournament":-1,"type":117,"day":84,"phase":6,"category":1,"description":"Gerund Pantheocide is Partying!","nuts":0}