{"id":"6c8109c1-23e7-46e4-8215-2eaeca5442ef","playerTags":["1e8b09bd-fbdd-444e-bd7e-10326bd57156"],"teamTags":["b72f3061-f573-40d7-832a-5ad475bd7909"],"gameTags":["e65b6f38-4f00-472d-8270-e982539f327c"],"metadata":{"play":125,"type":4,"after":0.8557041621537327,"before":0.38091327485159737,"parent":"9728a6b7-29b8-4b94-aa76-04af36dcd4c6","subPlay":0},"created":"2021-03-05T20:10:38.237Z","season":11,"tournament":-1,"type":117,"day":98,"phase":6,"category":1,"description":"Fletcher Yamamoto is Partying!","nuts":1}