{"id":"6d01eeb1-16a0-4f7e-89e2-dc4dc06eb947","playerTags":["9f218ed1-d793-437d-a1b9-79f88f69154d"],"teamTags":["105bc3ff-1320-4e37-8ef0-8d595cb95dd0"],"gameTags":["48c41163-2494-41c4-9b58-e124683f34cb"],"metadata":{"play":242,"type":4,"after":2.5712859063698796,"before":2.2839331663171234,"parent":"bb08f7dc-9a58-4e01-bef6-28c9e3068a15","subPlay":0},"created":"2021-03-19T17:21:04.182Z","season":13,"tournament":-1,"type":117,"day":96,"phase":6,"category":1,"description":"Lotus Mango is Partying!","nuts":2}