{"id":"6d93de6e-76a2-41eb-b69b-4cd45aae5f9d","playerTags":["a199a681-decf-4433-b6ab-5454450bbe5e"],"teamTags":["adc5b394-8f76-416d-9ce9-813706877b84"],"gameTags":["f93f5752-aab4-4972-980f-a57cc70fb37b"],"metadata":{"play":312,"type":4,"after":2.8354287031314964,"before":2.5685762255840157,"parent":"a10ef25b-c33c-4d40-9364-bcca4bcfcbaa","subPlay":0},"created":"2021-03-12T10:26:27.265Z","season":12,"tournament":-1,"type":117,"day":88,"phase":6,"category":1,"description":"Leach Ingram is Partying!","nuts":3}