{"id":"6fef8df2-abd0-493a-b589-cdcb8e11067e","playerTags":["5bc7e5d4-39be-4d64-a242-abb39aca6f42"],"teamTags":["46358869-dce9-4a01-bfba-ac24fc56f57e"],"gameTags":["e9d13610-9821-42f7-933b-927e4f70dd5d"],"metadata":{"play":45,"type":4,"after":2.045289851785957,"before":1.7258911311613372,"parent":"5fac56a9-38ac-4354-b094-b4d3f1d150e3","subPlay":0},"created":"2021-03-19T14:03:56.085Z","season":13,"tournament":-1,"type":117,"day":93,"phase":6,"category":1,"description":"Gia Holbrook is Partying!","nuts":1}