{"id":"70a9bf71-32f4-4809-9bca-0bcb28bf22cf","playerTags":["90c2cec7-0ed5-426a-9de8-754f34d59b39"],"teamTags":["8d87c468-699a-47a8-b40d-cfb73a5660ad"],"gameTags":["6d5cadef-7192-42f1-a1df-3e61df152e1a"],"metadata":{"play":76,"type":4,"after":2.708808488069094,"before":2.446192364646373,"parent":"233337e0-469d-4f9e-b942-c17d94c1713e","subPlay":0},"created":"2021-03-19T06:06:31.805Z","season":13,"tournament":-1,"type":117,"day":85,"phase":6,"category":1,"description":"Tot Fox is Partying!","nuts":3}