{"id":"70aa00f9-982c-4a6a-a10d-8429969a8af7","playerTags":["ff5a37d9-a6dd-49aa-b6fb-b935fd670820"],"teamTags":["3f8bbb15-61c0-4e3f-8e4a-907a5fb1565e"],"gameTags":["a67250be-b9b0-4481-8404-5a2998094ec9"],"metadata":{"play":300,"type":4,"after":2.801261392267737,"before":2.5379442870188256,"parent":"9113e36a-24e0-4e7f-b109-77f1035d8c2a","subPlay":0},"created":"2021-03-05T16:25:32.295Z","season":11,"tournament":-1,"type":117,"day":94,"phase":6,"category":1,"description":"Dunn Keyes is Partying!","nuts":2}