{"id":"727fad44-260b-4f4e-8351-895b3a77702b","playerTags":["db33a54c-3934-478f-bad4-fc313ac2580e"],"teamTags":["b72f3061-f573-40d7-832a-5ad475bd7909"],"gameTags":["8cabb183-c59b-4cfc-881b-49a79c914219"],"metadata":{"play":246,"type":4,"after":2.3743346243747716,"before":2.096771243555059,"parent":"372854c6-f395-4fc5-b3d4-0e810fd65a2f","subPlay":0},"created":"2021-03-12T19:20:46.140Z","season":12,"tournament":-1,"type":117,"day":97,"phase":6,"category":1,"description":"Percival Wheeler is Partying!","nuts":1}