{"id":"7449cf67-06c9-428d-9694-7a70ee5cab84","playerTags":["7e9a514a-7850-4ed0-93ab-f3a6e2f41c03"],"teamTags":["105bc3ff-1320-4e37-8ef0-8d595cb95dd0"],"gameTags":["3966f0f9-ecbe-44f1-a444-e0beac6e4af1"],"metadata":{"play":272,"type":4,"after":3.043555144381865,"before":2.792310328888381,"parent":"bea64f3e-f25e-4110-a9d2-e98c392c59fa","subPlay":0},"created":"2021-04-09T19:24:11.110Z","season":14,"tournament":-1,"type":117,"day":98,"phase":6,"category":1,"description":"Nolanestophia Patterson is Partying!","nuts":5}