{"id":"76899355-f422-4327-8512-1318ce436668","playerTags":["8adb084b-19fe-4295-bcd2-f92afdb62bd7"],"teamTags":["7966eb04-efcc-499b-8f03-d13916330531"],"gameTags":["9d9cccfb-1184-4c13-a9ec-60a153dd89c1"],"metadata":{"play":275,"type":4,"after":2.37973674460268,"before":2.1151699661129024,"parent":"0d3f1cc4-403d-4594-8167-852d87b3be09","subPlay":0},"created":"2021-03-05T13:23:36.813Z","season":11,"tournament":-1,"type":117,"day":91,"phase":6,"category":1,"description":"Logan Rodriguez is Partying!","nuts":4}