{"id":"76a65410-4810-4866-af92-0a848d18927a","playerTags":["62ae6aa9-e346-4faa-b07c-1f7623580015"],"teamTags":["c73b705c-40ad-4633-a6ed-d357ee2e2bcf"],"gameTags":["1ce33a10-006d-4476-af65-388fdc71101e"],"metadata":{"play":256,"type":4,"after":3.1046523638890973,"before":2.897692144094891,"parent":"a9ac5e85-420f-4934-8f1c-54bea8c72de3","subPlay":0},"created":"2021-03-11T23:22:23.453Z","season":12,"tournament":-1,"type":117,"day":77,"phase":6,"category":1,"description":"Gerund Pantheocide is Partying!","nuts":1}