{"id":"76e19e67-1bcf-4204-8e45-fbe0a73d8ea2","playerTags":["c83b82e8-b8d2-4cb7-9982-97593283acc2"],"teamTags":["46358869-dce9-4a01-bfba-ac24fc56f57e"],"gameTags":["f03f4a91-b40e-444e-bdc3-431978b709a8"],"metadata":{"play":66,"type":4,"after":2.202038154953283,"before":1.9293021342592769,"parent":"302284d2-f02b-4cb3-8e50-e6b4f8247a2e","subPlay":0},"created":"2021-04-09T14:05:28.037Z","season":14,"tournament":-1,"type":117,"day":93,"phase":6,"category":1,"description":"Kelvin Drumsolo is Partying!","nuts":1}