{"id":"774a1990-0e52-409d-b06a-ad4ae4254dc6","playerTags":["4e6ad1a1-7c71-49de-8bd5-c286712faf9e"],"teamTags":["7966eb04-efcc-499b-8f03-d13916330531"],"gameTags":["0ad9d87b-423a-49f8-bbb7-7b3834fbf4aa"],"metadata":{"play":267,"type":4,"after":2.55780003100893,"before":2.310688722681859,"parent":"e7f2712d-82cc-48bd-801f-fce41ff359ed","subPlay":0},"created":"2021-03-05T15:22:27.825Z","season":11,"tournament":-1,"type":117,"day":93,"phase":6,"category":1,"description":"Sutton Picklestein is Partying!","nuts":1}