{"id":"77d220ff-4195-4b70-bc79-55e668836461","playerTags":["97f5a9cd-72f0-413e-9e68-a6ee6a663489"],"teamTags":["b024e975-1c4a-4575-8936-a3754a08806a"],"gameTags":["19cf793d-5f2f-432e-bb1a-7472061e3d5d"],"metadata":{"play":276,"type":4,"after":2.3317684992213734,"before":2.0497059623606324,"parent":"2a64a450-73b7-424c-8321-28cf9dc1e778","subPlay":0},"created":"2021-03-05T17:23:17.900Z","season":11,"tournament":-1,"type":117,"day":95,"phase":6,"category":1,"description":"Kline Greenlemon is Partying!","nuts":0}