{"id":"7834fd88-9587-42eb-9d12-d256156869e4","playerTags":["5a26fc61-d75d-4c01-9ce2-1880ffb5550f"],"teamTags":["b63be8c2-576a-4d6e-8daf-814f8bcea96f"],"gameTags":["d8e6d2a7-ec47-49ae-8bcb-442ec3e08575"],"metadata":{"play":244,"type":0,"after":0.7664841838174556,"before":0.6611739293200902,"parent":"be218d16-852f-4585-bd2f-39be2cf65a6b","subPlay":1},"created":"2021-03-17T03:20:31.622Z","season":13,"tournament":-1,"type":117,"day":35,"phase":4,"category":1,"description":"Randy Dennis drained blood from Jasper Blather.","nuts":1}