{"id":"7851d299-8de3-4579-998e-16e946843b66","playerTags":["27839754-c351-43ec-9bff-ca662a2385b9"],"teamTags":["bb4a9de5-c924-4923-a0cb-9d1445f1ee5d"],"gameTags":["156c8545-cadf-4395-9376-ee1b41beec72"],"metadata":{"play":321,"type":4,"after":3.2425115324180616,"before":3.0159079559017394,"parent":"82c229f0-9fdc-46ff-83d7-59f0b3b3633e","subPlay":0},"created":"2021-03-19T16:27:27.388Z","season":13,"tournament":-1,"type":117,"day":95,"phase":6,"category":1,"description":"Loubert Ji-Eun is Partying!","nuts":0}