{"id":"7932f511-8036-41da-9575-e195695b4b18","playerTags":["ae81e172-801a-4236-929a-b990fc7190ce"],"teamTags":["a37f9158-7f82-46bc-908c-c9e2dda7c33b"],"gameTags":["5c44cfa0-d8b3-4ece-a3f6-79b64087c508"],"metadata":{"play":126,"type":4,"after":2.6334812709202886,"before":2.315441848329799,"parent":"9e3ed083-98e5-413d-ac98-3c9004e7967d","subPlay":0},"created":"2021-04-09T17:10:39.200Z","season":14,"tournament":-1,"type":117,"day":96,"phase":6,"category":1,"description":"August Sky is Partying!","nuts":3}