{"id":"7a3ed8e6-3f79-4e10-a7a7-4733082c287d","playerTags":["20e13b56-599b-4a22-b752-8059effc81dc"],"teamTags":["ca3f1c8c-c025-4d8e-8eef-5be6accbeb16"],"gameTags":["8fc05732-2752-4ea2-91da-68d62084c9e4"],"metadata":{"play":72,"type":4,"after":4.0145446011604085,"before":3.7984372532950896,"parent":"25ac6209-ecb0-4acd-aadd-d634d5d8310e","subPlay":0},"created":"2021-04-09T19:06:02.919Z","season":14,"tournament":-1,"type":117,"day":98,"phase":6,"category":1,"description":"Lou Roseheart is Partying!","nuts":16}