{"id":"7a848b7d-77b7-464f-b09b-90976bc6fd9a","playerTags":["5991ccb3-7eed-46d9-9d7c-69dec9b56d4b"],"teamTags":["46358869-dce9-4a01-bfba-ac24fc56f57e"],"gameTags":["d3767a23-a97b-405d-a76e-899dbe7f4f35"],"metadata":{"play":62,"type":4,"after":2.5171038140336504,"before":2.2795557891646157,"parent":"be160670-82df-4c9a-8d74-48f73042bba3","subPlay":0},"created":"2021-03-12T16:05:07.436Z","season":12,"tournament":-1,"type":117,"day":94,"phase":6,"category":1,"description":"Mira Lemma is Partying!","nuts":7}