{"id":"7a94e2f9-344f-43df-9ece-2122bcd7066d","playerTags":["7663c3ca-40a1-4f13-a430-14637dce797a"],"teamTags":["adc5b394-8f76-416d-9ce9-813706877b84"],"gameTags":["2b934e5d-3ee4-4d6a-8ac3-9efb690ed69c"],"metadata":{"play":77,"type":4,"after":2.7497078478786086,"before":2.5153475024309953,"parent":"575de206-91a4-4407-9684-4c7a2c44d70e","subPlay":0},"created":"2021-03-05T16:06:51.418Z","season":11,"tournament":-1,"type":117,"day":94,"phase":6,"category":1,"description":"PolkaDot Zavala is Partying!","nuts":3}