{"id":"7b0e7a8c-cdfd-4e11-abed-9a09a2dc1e05","playerTags":["44c92d97-bb39-469d-a13b-f2dd9ae644d1"],"teamTags":["7966eb04-efcc-499b-8f03-d13916330531"],"gameTags":["0ad9d87b-423a-49f8-bbb7-7b3834fbf4aa"],"metadata":{"play":200,"type":4,"after":2.7598005778445014,"before":2.5146287225069024,"parent":"046baa9c-0eb8-49a6-92e9-76660f297e42","subPlay":0},"created":"2021-03-05T15:16:46.284Z","season":11,"tournament":-1,"type":117,"day":93,"phase":6,"category":1,"description":"Francisco Preston is Partying!","nuts":2}