{"id":"7b45cc10-6476-452a-a8f8-3b8f3e6d2803","playerTags":["fedbceb8-e2aa-4868-ac35-74cd0445893f"],"teamTags":["adc5b394-8f76-416d-9ce9-813706877b84"],"gameTags":["8fcf6d85-770e-4b2d-b1e5-33a14ebe8f45"],"metadata":{"play":2,"type":4,"after":3.9265884721997537,"before":3.790557823321479,"parent":"e3d66afd-897c-4c30-a6f7-8f13b2508467","subPlay":1},"created":"2021-04-07T19:00:06.068Z","season":14,"tournament":-1,"type":117,"day":51,"phase":4,"category":1,"description":"Uncle Plasma entered the Shadows.","nuts":23}