{"id":"7bc9d214-9af9-432e-b068-16190f4739a8","playerTags":["266abcc0-8abc-4570-b32e-e5668e5d38f3"],"teamTags":["46358869-dce9-4a01-bfba-ac24fc56f57e"],"gameTags":["3f21fbcf-bc5c-4bb3-9831-82be44f50b23"],"metadata":{"play":140,"type":4,"after":3.19821785438919,"before":2.9322695552901354,"parent":"d06886d6-df96-4092-86b3-bd360b5ab34c","subPlay":0},"created":"2021-03-19T18:12:07.697Z","season":13,"tournament":-1,"type":117,"day":97,"phase":6,"category":1,"description":"Zoey Kirchner is Partying!","nuts":9}