{"id":"7dbb8106-fe5e-4678-82f1-9b8d520dcf72","playerTags":["9c813008-b2a9-4257-80e7-a709c67189fe"],"teamTags":["46358869-dce9-4a01-bfba-ac24fc56f57e"],"gameTags":["3f21fbcf-bc5c-4bb3-9831-82be44f50b23"],"metadata":{"play":229,"type":4,"after":1.7735692184880927,"before":1.496893212670889,"parent":"b1a8c901-9942-4d31-8112-33fd21508c4d","subPlay":0},"created":"2021-03-19T18:19:35.000Z","season":13,"tournament":-1,"type":117,"day":97,"phase":6,"category":1,"description":"Bottles Suljak is Partying!","nuts":3}