{"id":"7e48ff07-913f-41a7-9928-414f51f3d4b7","playerTags":["864b3be8-e836-426e-ae56-20345b41d03d"],"teamTags":["105bc3ff-1320-4e37-8ef0-8d595cb95dd0"],"gameTags":["ba431d14-46e0-416f-b776-32c33a034857"],"metadata":{"play":229,"type":4,"after":4.783069373647709,"before":4.605629972779729,"parent":"2986dbc9-5438-4083-b368-6ddb4bba87b0","subPlay":0},"created":"2021-03-12T12:19:20.563Z","season":12,"tournament":-1,"type":117,"day":90,"phase":6,"category":1,"description":"Goodwin Morin is Partying!","nuts":12}