{"id":"8258d19c-bad9-4fd4-b580-a85eeff3121d","playerTags":["f70dd57b-55c4-4a62-a5ea-7cc4bf9d8ac1"],"teamTags":["bfd38797-8404-4b38-8b82-341da28b1f83"],"gameTags":["1f844849-30ba-4181-aa27-ea53d48fce17"],"metadata":{"play":123,"type":4,"after":3.242236386210018,"before":3.0117427841078426,"parent":"a786b0c2-a356-4195-a24b-717f8dd9db54","subPlay":0},"created":"2021-03-05T18:10:42.821Z","season":11,"tournament":-1,"type":117,"day":96,"phase":6,"category":1,"description":"Tillman Henderson is Partying!","nuts":4}