{"id":"826b0438-9f3a-41fd-b1a0-a6d893d72e6e","playerTags":["2b157c5c-9a6a-45a6-858f-bf4cf4cbc0bd"],"teamTags":["b72f3061-f573-40d7-832a-5ad475bd7909"],"gameTags":["e0713d7c-1211-4034-8eb5-3d55e63cb0bc"],"metadata":{"play":268,"type":4,"after":2.4154972007811364,"before":2.127173836577538,"parent":"8a704b24-40fe-406d-8945-662ee22782cc","subPlay":0},"created":"2021-03-12T15:22:36.717Z","season":12,"tournament":-1,"type":117,"day":93,"phase":6,"category":1,"description":"-rtiz Lopez is Partying!","nuts":2}