{"id":"84ae7961-01c7-49d7-86f1-df3902f2090a","playerTags":["c3ae0552-59e8-44bf-ba66-48a96aff35e6"],"teamTags":["b72f3061-f573-40d7-832a-5ad475bd7909"],"gameTags":["98245503-5da7-4cf4-8d3a-20bbd961929b"],"metadata":{"play":36,"type":4,"after":2.1204744881442386,"before":1.8362179972393249,"parent":"8755204c-24e4-4902-987e-ace74f8421e0","subPlay":0},"created":"2021-03-05T14:02:56.898Z","season":11,"tournament":-1,"type":117,"day":92,"phase":6,"category":1,"description":"Bontgomery Mullock is Partying!","nuts":1}