{"id":"84b0dc04-702b-409a-b5e3-5a864aef4b69","playerTags":["d86f836e-4edf-4dbd-9743-14f30461ee14"],"teamTags":["c73b705c-40ad-4633-a6ed-d357ee2e2bcf"],"gameTags":["962cfad6-1a6b-4618-8727-2a0df5fabc85"],"metadata":{"play":107,"type":4,"after":2.4487756027606338,"before":2.1895921878468476,"parent":"23217440-b6bf-4b5b-ad8f-0e29eac32a06","subPlay":0},"created":"2021-03-12T08:09:02.820Z","season":12,"tournament":-1,"type":117,"day":86,"phase":6,"category":1,"description":"Lance Serotonin is Partying!","nuts":0}