{"id":"84da9ca8-12eb-4139-a4a1-99af3e53c95f","playerTags":["4ca52626-58cd-449d-88bb-f6d631588640"],"teamTags":["bfd38797-8404-4b38-8b82-341da28b1f83"],"gameTags":["6cca6460-266a-4e2c-8a6b-0c0cc1097f5f"],"metadata":{"play":125,"type":4,"after":2.253758588738248,"before":1.9271126288420342,"parent":"da8e895b-42a0-4b46-94d2-e2b5de40a6cf","subPlay":0},"created":"2021-03-19T08:10:56.848Z","season":13,"tournament":-1,"type":117,"day":87,"phase":6,"category":1,"description":"Velasquez Alstott is Partying!","nuts":1}