{"id":"85f6f953-d9e6-4886-b811-8a93891c2102","playerTags":["e16c3f28-eecd-4571-be1a-606bbac36b2b"],"teamTags":["7966eb04-efcc-499b-8f03-d13916330531"],"gameTags":["fcc5bf82-6426-47c8-a29c-f597e328c682"],"metadata":{"play":309,"type":4,"after":1.7790013425405755,"before":1.498836222465818,"parent":"fd7fdcce-a6d2-4da1-84c1-c2643b224fab","subPlay":0},"created":"2021-03-12T18:26:16.484Z","season":12,"tournament":-1,"type":117,"day":96,"phase":6,"category":1,"description":"Wyatt Glover is Partying!","nuts":4}