{"id":"86f79846-b7ee-49f4-a9ea-fb781a2d9df0","playerTags":["5e4dfa16-f1b9-400f-b8ef-a1613c2b026a"],"teamTags":["bfd38797-8404-4b38-8b82-341da28b1f83"],"gameTags":["ddb02063-d004-42e8-918a-66f9fc5d2ab7"],"metadata":{"play":284,"type":4,"after":2.3149657774521715,"before":2.0295975510764688,"parent":"dfbedb79-fd90-4491-8073-e14fabb976ed","subPlay":0},"created":"2021-04-09T11:24:02.835Z","season":14,"tournament":-1,"type":117,"day":90,"phase":6,"category":1,"description":"Snyder Briggs is Partying!","nuts":4}