{"id":"87502d6f-0727-4521-b8a8-87bfae9ca015","playerTags":["3d293d6c-3a20-43ab-a895-2b7f1f28779f"],"teamTags":["d9f89a8a-c563-493e-9d64-78e4f9a55d4a"],"gameTags":["296e303d-9338-46d5-be4c-142214df0e89"],"metadata":{"play":66,"type":4,"after":2.56380522591503,"before":2.2987047349851872,"parent":"db8e1a02-424e-4671-bd8b-4284bb195545","subPlay":0},"created":"2021-03-19T16:05:32.303Z","season":13,"tournament":-1,"type":117,"day":95,"phase":6,"category":1,"description":"Slosh Truk is Partying!","nuts":1}