{"id":"87908423-df0a-4a94-8da4-e36cb1c3428b","playerTags":["ac69dba3-6225-4afd-ab4b-23fc78f730fb"],"teamTags":["7966eb04-efcc-499b-8f03-d13916330531"],"gameTags":["19cf793d-5f2f-432e-bb1a-7472061e3d5d"],"metadata":{"play":54,"type":4,"after":2.417337655835338,"before":2.1587175897045916,"parent":"7aeb6450-3705-481c-a42f-72751005f61c","subPlay":0},"created":"2021-03-05T17:04:32.303Z","season":11,"tournament":-1,"type":117,"day":95,"phase":6,"category":1,"description":"Bevan Wise is Partying!","nuts":2}