{"id":"8795d3aa-4247-4413-9b28-e87f9486e4f8","playerTags":["6f9de777-e812-4c84-915c-ef283c9f0cde"],"teamTags":["105bc3ff-1320-4e37-8ef0-8d595cb95dd0"],"gameTags":["17e2ac45-a420-403a-bded-aad4fe196b6d"],"metadata":{"play":64,"type":4,"after":3.013495669952476,"before":2.769607949027375,"parent":"b0d790ea-940f-4a4a-9458-a00f5d04775f","subPlay":0},"created":"2021-03-12T18:05:31.324Z","season":12,"tournament":-1,"type":117,"day":96,"phase":6,"category":1,"description":"Arturo Huerta is Partying!","nuts":0}