{"id":"87d11deb-5ac7-4bfa-8b99-ba7de99c144f","playerTags":["88cd6efa-dbf2-4309-aabe-ec1d6f21f98a"],"teamTags":["adc5b394-8f76-416d-9ce9-813706877b84"],"gameTags":["b6f5af1a-79e8-4f05-a6c7-9b55c42124ab"],"metadata":{"play":88,"type":4,"after":3.283025292884371,"before":3.057097683773688,"parent":"c18a61d0-71d7-4291-8545-2518b202d9fd","subPlay":0},"created":"2021-03-19T16:07:46.431Z","season":13,"tournament":-1,"type":117,"day":95,"phase":6,"category":1,"description":"Hewitt Best is Partying!","nuts":4}