{"id":"897ab66d-85c1-443d-a453-ea20a148a401","playerTags":["6a567da6-7c96-44d3-85de-e5a08a919250"],"teamTags":["c73b705c-40ad-4633-a6ed-d357ee2e2bcf"],"gameTags":["5c44cfa0-d8b3-4ece-a3f6-79b64087c508"],"metadata":{"play":139,"type":4,"after":1.9970120669277724,"before":1.7191308612282379,"parent":"e0e8eb30-139f-4a54-b177-101b95e8e628","subPlay":0},"created":"2021-04-09T17:11:44.553Z","season":14,"tournament":-1,"type":117,"day":96,"phase":6,"category":1,"description":"Cudi Di Batterino is Partying!","nuts":5}