{"id":"8a65ab09-3d53-40bf-a751-bf1c1af1df23","playerTags":["d86f836e-4edf-4dbd-9743-14f30461ee14"],"teamTags":["c73b705c-40ad-4633-a6ed-d357ee2e2bcf"],"gameTags":["56c6d161-4012-48a5-a940-13b842d8a314"],"metadata":{"play":23,"type":4,"after":2.741380805962566,"before":2.4971592247817074,"parent":"8e5c2c89-409f-42f3-9505-9e962554eb3b","subPlay":0},"created":"2021-03-05T20:01:51.548Z","season":11,"tournament":-1,"type":117,"day":98,"phase":6,"category":1,"description":"Lance Serotonin is Partying!","nuts":0}