{"id":"8a78aef8-4abc-4b25-be74-45c845448618","playerTags":["99766c1b-c590-4261-b1b7-3e9c7fc35608"],"teamTags":["46358869-dce9-4a01-bfba-ac24fc56f57e"],"gameTags":["8977ccce-3b77-4b26-a153-12aa62ef96b0"],"metadata":{"play":100,"type":4,"after":2.0931785773672495,"before":1.7647882573171678,"parent":"71d75e57-51ba-4be7-ab72-b623e902b0fc","subPlay":0},"created":"2021-03-12T08:08:41.921Z","season":12,"tournament":-1,"type":117,"day":86,"phase":6,"category":1,"description":"Jasper Blather is Partying!","nuts":1}