{"id":"8b827b6d-1117-460a-937e-756374f07415","playerTags":["c83b82e8-b8d2-4cb7-9982-97593283acc2"],"teamTags":["46358869-dce9-4a01-bfba-ac24fc56f57e"],"gameTags":["3f21fbcf-bc5c-4bb3-9831-82be44f50b23"],"metadata":{"play":282,"type":4,"after":1.9293021342592769,"before":1.6292608705130882,"parent":"b548cef3-f401-4364-91d9-beda0383e4d0","subPlay":0},"created":"2021-03-19T18:24:01.462Z","season":13,"tournament":-1,"type":117,"day":97,"phase":6,"category":1,"description":"Kelvin Drumsolo is Partying!","nuts":4}