{"id":"8bcf1364-6548-4a4c-89eb-6d7a17c817ee","playerTags":["24f6829e-7bb4-4e1e-8b59-a07514657e72"],"teamTags":["7966eb04-efcc-499b-8f03-d13916330531"],"gameTags":["24dfe1d7-c312-486e-b8db-73baefe64e9f"],"metadata":{"play":128,"type":4,"after":3.203792548571253,"before":2.9498403996972415,"parent":"3b3e5f4a-b296-44b3-a591-36ff84c8c705","subPlay":0},"created":"2021-03-12T20:10:57.890Z","season":12,"tournament":-1,"type":117,"day":98,"phase":6,"category":1,"description":"King Weatherman is Partying!","nuts":6}