{"id":"8d9ba7b2-13fc-4867-ac4c-19c83947723d","playerTags":["0813d43c-b938-49da-acef-65b73f27b099"],"teamTags":["bb4a9de5-c924-4923-a0cb-9d1445f1ee5d"],"gameTags":["156c8545-cadf-4395-9376-ee1b41beec72"],"metadata":{"play":227,"type":4,"after":2.940125922823543,"before":2.6986075064400374,"parent":"983f484a-0d92-4328-adcd-7191dff41daa","subPlay":0},"created":"2021-03-19T16:19:20.211Z","season":13,"tournament":-1,"type":117,"day":95,"phase":6,"category":1,"description":"Scratch Deleuze is Partying!","nuts":6}