{"id":"8dd9fe14-f6ba-4cf5-8929-5a21fb49faf3","playerTags":["cc11963b-a05b-477b-b154-911dc31960df"],"teamTags":["bfd38797-8404-4b38-8b82-341da28b1f83"],"gameTags":["e881128d-3cfc-4311-a7a9-0e6b6dee1f25"],"metadata":{"play":225,"type":4,"after":2.802113947849672,"before":2.5857603563869738,"parent":"9a3811e8-ac6c-4f68-9ceb-d90a98d04582","subPlay":0},"created":"2021-03-19T15:19:10.364Z","season":13,"tournament":-1,"type":117,"day":94,"phase":6,"category":1,"description":"Pudge Nakamoto is Partying!","nuts":1}