{"id":"8deb1ed0-3677-405c-ac25-00262b78bba0","playerTags":["73265ee3-bb35-40d1-b696-1f241a6f5966"],"teamTags":["b72f3061-f573-40d7-832a-5ad475bd7909"],"gameTags":["f93f5752-aab4-4972-980f-a57cc70fb37b"],"metadata":{"play":23,"type":4,"after":2.36013199681945,"before":2.0985400891424617,"parent":"d06330a6-6f3d-4241-8573-299c16b0fc37","subPlay":0},"created":"2021-03-12T10:01:51.670Z","season":12,"tournament":-1,"type":117,"day":88,"phase":6,"category":1,"description":"Parker Meng is Partying!","nuts":1}