{"id":"923ac911-d071-45d4-b9a7-84cf0145d90f","playerTags":["27839754-c351-43ec-9bff-ca662a2385b9"],"teamTags":["bb4a9de5-c924-4923-a0cb-9d1445f1ee5d"],"gameTags":["3cffe926-74bf-4da1-9b58-c5a440563b7f"],"metadata":{"play":52,"type":4,"after":2.5401385991400174,"before":2.2090996683601185,"parent":"32b1540c-94f5-4755-b05d-c567a924a589","subPlay":0},"created":"2021-03-12T15:04:17.148Z","season":12,"tournament":-1,"type":117,"day":93,"phase":6,"category":1,"description":"Loubert Ji-Eun is Partying!","nuts":0}