{"id":"94c27476-7673-44b8-94fc-a9384852d818","playerTags":["6f9de777-e812-4c84-915c-ef283c9f0cde"],"teamTags":["105bc3ff-1320-4e37-8ef0-8d595cb95dd0"],"gameTags":["48c41163-2494-41c4-9b58-e124683f34cb"],"metadata":{"play":134,"type":4,"after":3.2763876281661544,"before":3.013495669952476,"parent":"82bcce38-9e39-4928-9278-64cde36c8448","subPlay":0},"created":"2021-03-19T17:11:42.405Z","season":13,"tournament":-1,"type":117,"day":96,"phase":6,"category":1,"description":"Arturo Huerta is Partying!","nuts":3}