{"id":"95a31dee-f1b9-4b28-8dde-ad115990a0fb","playerTags":["c6e2e389-ed04-4626-a5ba-fe398fe89568"],"teamTags":["23e4cbc1-e9cd-47fa-a35b-bfa06f726cb7"],"gameTags":["6089571b-6a64-437b-9249-46febb5c6329"],"metadata":{"play":164,"type":4,"after":2.962637182810731,"before":2.722326642701835,"parent":"e19716a8-c229-4ee9-8170-20a9b0c145ec","subPlay":0},"created":"2021-04-09T16:14:03.716Z","season":14,"tournament":-1,"type":117,"day":95,"phase":6,"category":1,"description":"Henry Marshallow is Partying!","nuts":1}