{"id":"95f99782-f542-4fbd-acf9-1aad84808f6f","playerTags":["733d80f1-2485-40f7-828b-fd7cd8243a01"],"teamTags":["b024e975-1c4a-4575-8936-a3754a08806a"],"gameTags":["b2691a94-f4ae-41b9-be2d-ebdf85519871"],"metadata":{"play":250,"type":4,"after":3.0066182573977,"before":2.786089712884109,"parent":"fcfb8f13-bb97-4960-9727-a6a6185c15e7","subPlay":0},"created":"2021-03-05T19:22:01.789Z","season":11,"tournament":-1,"type":117,"day":97,"phase":6,"category":1,"description":"Rai Spliff is Partying!","nuts":0}