{"id":"968b64cd-2e6f-40f2-a8f7-4b445285e70a","playerTags":["9c813008-b2a9-4257-80e7-a709c67189fe"],"teamTags":["46358869-dce9-4a01-bfba-ac24fc56f57e"],"gameTags":["09179236-2e27-4cc1-b7ba-133f87768e1b"],"metadata":{"play":122,"type":4,"after":2.0230476045619463,"before":1.7735692184880927,"parent":"fce93fef-c1ce-4c98-8aac-a5f0c5f00d6c","subPlay":0},"created":"2021-04-09T16:10:09.450Z","season":14,"tournament":-1,"type":117,"day":95,"phase":6,"category":1,"description":"Bottles Suljak is Partying!","nuts":2}