{"id":"9827d435-154c-495f-924c-b484701c9d0d","playerTags":["4ca52626-58cd-449d-88bb-f6d631588640"],"teamTags":["bfd38797-8404-4b38-8b82-341da28b1f83"],"gameTags":["6cc2464a-870b-43e6-97bb-fe6dd9ed0662"],"metadata":{"play":262,"type":4,"after":2.5094846209001487,"before":2.253758588738248,"parent":"8e13156e-234e-4622-9a0c-ee0745661e9c","subPlay":0},"created":"2021-04-09T14:22:16.755Z","season":14,"tournament":-1,"type":117,"day":93,"phase":6,"category":1,"description":"Velasquez Alstott is Partying!","nuts":3}