{"id":"9868d033-735f-471d-85a5-e512b477465f","playerTags":["fcb08e4f-df3a-446c-ab50-58a496ac5f3f"],"teamTags":["9debc64f-74b7-4ae1-a4d6-fce0144b6ea5"],"gameTags":["9af1f8b7-e850-4830-9f7c-b124de6081b1"],"metadata":{"play":138,"type":4,"after":1.9344232789602909,"before":1.654667777143592,"parent":"c3cdafc5-e833-4e2d-9dfc-e2c4cd557d25","subPlay":0},"created":"2021-04-09T18:12:02.686Z","season":14,"tournament":-1,"type":117,"day":97,"phase":6,"category":1,"description":"Bennett Bluesky is Partying!","nuts":2}