{"id":"9969065b-2c8c-46cf-aca2-44c4dd7ceabc","playerTags":["425f3f84-bab0-4cf2-91c1-96e78cf5cd02"],"teamTags":["8d87c468-699a-47a8-b40d-cfb73a5660ad"],"gameTags":["8455830d-a95e-42c1-b5d7-c712ecb6a0d6"],"metadata":{"play":210,"type":4,"after":2.4072247970991167,"before":2.1177318948785064,"parent":"930ae643-900e-44cf-b6dd-82fbc1b293ca","subPlay":0},"created":"2021-03-19T19:17:59.290Z","season":13,"tournament":-1,"type":117,"day":98,"phase":6,"category":1,"description":"-uis Aceved- is Partying!","nuts":1}