{"id":"9a63c6a2-c055-4e04-9ac3-a9c360ca5ac0","playerTags":["c675fcdf-6117-49a6-ac32-99a89a3a88aa"],"teamTags":["979aee4a-6d80-4863-bf1c-ee1a78e06024"],"gameTags":["ea81dcc6-4eac-4013-9a47-2d3b767aef11"],"metadata":{"play":67,"type":4,"after":3.752039314517324,"before":3.5352827727015597,"parent":"09d2ebbd-3032-4076-8d5d-7779facd86b4","subPlay":0},"created":"2021-04-09T11:05:37.841Z","season":14,"tournament":-1,"type":117,"day":90,"phase":6,"category":1,"description":"Valentine Games is Partying!","nuts":6}