{"id":"9ad19c8e-ced4-4249-a538-8f21110ade81","playerTags":["09f2787a-3352-41a6-8810-d80e97b253b5"],"teamTags":["7966eb04-efcc-499b-8f03-d13916330531"],"gameTags":["28617181-653e-46e5-9383-dc0f7629aeb9"],"metadata":{"play":286,"type":4,"after":3.7747742883579662,"before":3.563157062949,"parent":"1b0739e4-5c5d-44da-925b-affcbaae444b","subPlay":0},"created":"2021-04-12T18:24:09.963Z","season":15,"tournament":-1,"type":117,"day":3,"phase":2,"category":1,"description":"Curry Aliciakeyes is Partying!","nuts":30}