{"id":"9b50301e-c924-484f-a591-218854bfb95e","playerTags":["aa6c2662-75f8-4506-aa06-9a0993313216"],"teamTags":["7966eb04-efcc-499b-8f03-d13916330531"],"gameTags":["9c6ba61a-4c6f-4fa8-95d4-78b09c9a89ca"],"metadata":{"play":182,"type":4,"after":3.145093982431712,"before":2.888937629583079,"parent":"9205a64a-d33b-499d-b3e8-813c96c150b8","subPlay":0},"created":"2021-03-12T17:15:19.935Z","season":12,"tournament":-1,"type":117,"day":95,"phase":6,"category":1,"description":"Eizabeth Elliott is Partying!","nuts":2}