{"id":"9b803a4c-f25f-47b3-8da7-76b41af633ea","playerTags":["fedbceb8-e2aa-4868-ac35-74cd0445893f"],"teamTags":["bfd38797-8404-4b38-8b82-341da28b1f83"],"gameTags":["4163f23d-caf0-496f-b3e8-ef0ef9e0cf61"],"metadata":{"play":2,"type":4,"after":3.790557823321479,"before":3.660200108306046,"parent":"a324dcf0-d7f6-41af-a391-ce0aab73d19f","subPlay":1},"created":"2021-04-07T00:00:06.277Z","season":14,"tournament":-1,"type":117,"day":32,"phase":4,"category":1,"description":"Uncle Plasma entered the Shadows.","nuts":9}