{"id":"9c03480f-e5de-44ba-98b5-9b54b4ac1c2b","playerTags":["ca26d8cc-8668-48c9-a061-28f6fdf5f44d"],"teamTags":["23e4cbc1-e9cd-47fa-a35b-bfa06f726cb7"],"gameTags":["6c986027-2100-4372-bc90-1adad22489e2"],"metadata":{"play":102,"type":4,"after":2.7502557507628884,"before":2.4823664095669957,"parent":"0ca19537-c38c-4a8b-8687-2d2dab39e748","subPlay":0},"created":"2021-04-09T17:08:33.899Z","season":14,"tournament":-1,"type":117,"day":96,"phase":6,"category":1,"description":"Doc Anice is Partying!","nuts":0}