{"id":"9c194073-a7d7-4107-9bfc-1e2390e29eb6","playerTags":["b8ab86c6-9054-4832-9b96-508dbd4eb624"],"teamTags":["bfd38797-8404-4b38-8b82-341da28b1f83"],"gameTags":["6e1b9f5f-7ddc-4136-8751-00ae9c893bf9"],"metadata":{"play":67,"type":4,"after":2.3503567144136253,"before":2.105031533454931,"parent":"76c63543-1c52-4b5f-ae27-aca134ecfa03","subPlay":0},"created":"2021-03-19T05:06:14.904Z","season":13,"tournament":-1,"type":117,"day":84,"phase":6,"category":1,"description":"Esme Ramsey is Partying!","nuts":2}