{"id":"9c258864-c65e-4959-8745-bf1b8e09321b","playerTags":["6ebac746-6685-4d0f-8e84-6b21299b5169"],"teamTags":["d9f89a8a-c563-493e-9d64-78e4f9a55d4a"],"gameTags":["e5a8e9f1-a065-4552-9333-4772dcb9de69"],"metadata":{"play":243,"type":4,"after":2.848950153919153,"before":2.6055706667057073,"parent":"1b4ddbb5-74f6-4e38-8a1d-3c578ceaf654","subPlay":0},"created":"2021-03-19T12:20:40.503Z","season":13,"tournament":-1,"type":117,"day":91,"phase":6,"category":1,"description":"Hercules Alighieri is Partying!","nuts":5}