{"id":"9c43313e-851b-4a35-bd4e-fdce00d3183d","playerTags":["87e6ae4b-67de-4973-aa56-0fc9835a1e1e"],"teamTags":["adc5b394-8f76-416d-9ce9-813706877b84"],"gameTags":["234692b8-3427-4e67-ab39-afd9defc2641"],"metadata":{"play":146,"type":4,"after":3.4305853408667604,"before":3.1951086555225334,"parent":"c296389e-a0e8-4a7b-ba55-8be1e79cac8a","subPlay":0},"created":"2021-03-12T17:12:09.626Z","season":12,"tournament":-1,"type":117,"day":95,"phase":6,"category":1,"description":"Marco Stink is Partying!","nuts":0}