{"id":"9cbae63c-616a-4e44-b874-835a45b3e6da","playerTags":["99766c1b-c590-4261-b1b7-3e9c7fc35608"],"teamTags":["46358869-dce9-4a01-bfba-ac24fc56f57e"],"gameTags":["d90ffd04-b647-4eb0-9327-39b515618af9"],"metadata":{"play":125,"type":4,"after":1.7647882573171678,"before":1.254336409171759,"parent":"114fa330-9a6b-45ce-823b-4d3bb80d9d3c","subPlay":0},"created":"2021-03-12T07:10:28.559Z","season":12,"tournament":-1,"type":117,"day":85,"phase":6,"category":1,"description":"Jasper Blather is Partying!","nuts":1}