{"id":"9f1b45dc-700f-4cae-81c9-f64e50d60749","playerTags":["8b53ce82-4b1a-48f0-999d-1774b3719202"],"teamTags":["105bc3ff-1320-4e37-8ef0-8d595cb95dd0"],"gameTags":["beea2123-8125-4992-a0c0-abd66dfd4374"],"metadata":{"play":349,"type":4,"after":1.627212875057386,"before":1.185847961717537,"parent":"103fe385-f131-4348-b8de-465fd3b6d930","subPlay":0},"created":"2021-04-08T19:30:48.096Z","season":14,"tournament":-1,"type":117,"day":74,"phase":6,"category":1,"description":"Oliver Mueller is Partying!","nuts":13}