{"id":"9fe49974-1819-475c-b07b-89a31c5cabb9","playerTags":["405dfadf-d435-4307-82f6-8eba2287e87a"],"teamTags":["23e4cbc1-e9cd-47fa-a35b-bfa06f726cb7"],"gameTags":["c35682b3-b03d-4804-852c-96920f120a99"],"metadata":{"play":205,"type":4,"after":3.3721559357309885,"before":3.1452683114128606,"parent":"0d616580-f658-46c5-8eb5-c6383dbdcc2d","subPlay":0},"created":"2021-03-12T17:17:24.772Z","season":12,"tournament":-1,"type":117,"day":95,"phase":6,"category":1,"description":"Jaxon Buckley is Partying!","nuts":3}