{"id":"a04f97dd-887f-4542-9b3e-6072c87daa75","playerTags":["020ed630-8bae-4441-95cc-0e4ecc27253b"],"teamTags":["bfd38797-8404-4b38-8b82-341da28b1f83"],"gameTags":["b0b272eb-0242-4b27-a5b0-1146cd4237f7"],"metadata":{"play":262,"type":4,"after":2.86738925267748,"before":2.624565300611009,"parent":"f492606f-0c27-4c08-92f1-05c0104356eb","subPlay":0},"created":"2021-03-19T16:22:39.583Z","season":13,"tournament":-1,"type":117,"day":95,"phase":6,"category":1,"description":"Simon Haley is Partying!","nuts":3}