{"id":"a0bf8a06-9206-49a8-94a7-f48369973d4d","playerTags":["7158d158-e7bf-4e9b-9259-62e5b25e3de8"],"teamTags":["b72f3061-f573-40d7-832a-5ad475bd7909"],"gameTags":["40297c3e-cca5-44de-97bb-97af0f2f7d1b"],"metadata":{"play":50,"type":4,"after":2.827209695814926,"before":2.602555840088807,"parent":"c203feac-68ef-4dd4-806b-db255142ff31","subPlay":0},"created":"2021-04-09T05:04:16.925Z","season":14,"tournament":-1,"type":117,"day":84,"phase":6,"category":1,"description":"Karato Bean is Partying!","nuts":2}