{"id":"a142b820-2d56-4091-b5b1-f1d6ac9ab3a5","playerTags":["28162da7-eafa-4eb1-8bc1-5a625f03ae57"],"teamTags":["36569151-a2fb-43c1-9df7-2df512424c82"],"gameTags":["183482cf-777a-438d-bf61-31cb6256f22e"],"metadata":{"play":119,"type":4,"after":2.019973865846098,"before":1.707346487573705,"parent":"b9e2ac08-a34f-4407-b7c3-b129f2dc315a","subPlay":0},"created":"2021-03-19T13:09:58.421Z","season":13,"tournament":-1,"type":117,"day":92,"phase":6,"category":1,"description":"Mags Banananana is Partying!","nuts":0}