{"id":"a20d0cd7-5696-4523-9a3b-b85753886df3","playerTags":["409d1c96-760b-4a96-9a3c-481112ddf37b"],"teamTags":["d9f89a8a-c563-493e-9d64-78e4f9a55d4a"],"gameTags":["5014d8ae-86b5-417b-a094-fd38ee1fa228"],"metadata":{"play":300,"type":4,"after":2.388128813435406,"before":2.0954532126965524,"parent":"3a3e0d08-9c2f-49d1-9704-e93562b5781d","subPlay":0},"created":"2021-03-12T20:25:40.778Z","season":12,"tournament":-1,"type":117,"day":98,"phase":6,"category":1,"description":"Niq Nyong'o is Partying!","nuts":1}