{"id":"a31e6414-4731-49ee-9290-9a91a64d6391","playerTags":["7a75d626-d4fd-474f-a862-473138d8c376"],"teamTags":["979aee4a-6d80-4863-bf1c-ee1a78e06024"],"gameTags":["ea81dcc6-4eac-4013-9a47-2d3b767aef11"],"metadata":{"play":172,"type":4,"after":4.492787978213499,"before":4.272716912753734,"parent":"56c0add6-ff9f-4ea9-a196-449cd7f4072c","subPlay":0},"created":"2021-04-09T11:14:30.520Z","season":14,"tournament":-1,"type":117,"day":90,"phase":6,"category":1,"description":"Beck Whitney is Partying!","nuts":3}