{"id":"a38cd6c5-1020-4529-869a-4c5222cce8a4","playerTags":["af6b3edc-ed52-4edc-b0c9-14e0a5ae0ee3"],"teamTags":["b63be8c2-576a-4d6e-8daf-814f8bcea96f"],"gameTags":["df718e8c-552d-490f-b3e0-951b2cb30f66"],"metadata":{"play":198,"type":4,"after":3.513465930390714,"before":3.215334377490819,"parent":"95e2af9e-f3ad-4c40-85a6-ad27f3ffd36c","subPlay":0},"created":"2021-03-19T18:16:59.004Z","season":13,"tournament":-1,"type":117,"day":97,"phase":6,"category":1,"description":"Rivers Clembons is Partying!","nuts":1}