{"id":"a41aa280-9b30-490a-963f-085245003610","playerTags":["c0732e36-3731-4f1a-abdc-daa9563b6506"],"teamTags":["979aee4a-6d80-4863-bf1c-ee1a78e06024"],"gameTags":["4cc2a839-361e-444f-bab7-40961d3b3def"],"metadata":{"play":246,"type":2,"after":0.9090514663347379,"before":0.8337778761505514,"parent":"1292176d-a8b3-4c5d-a79d-e29e964d1f8d","subPlay":1},"created":"2021-03-02T02:20:55.440Z","season":11,"tournament":-1,"type":117,"day":10,"phase":2,"category":1,"description":"Nagomi Mcdaniel drained blood from Rodriguez Internet.","nuts":4}