{"id":"a47da805-fbc7-42d7-9af8-bbfee55f762c","playerTags":["7a75d626-d4fd-474f-a862-473138d8c376"],"teamTags":["b63be8c2-576a-4d6e-8daf-814f8bcea96f"],"gameTags":["6855af9c-aea3-4bb4-9c17-07135bd4556e"],"metadata":{"play":165,"type":4,"after":3.857185716232659,"before":3.578612551853232,"parent":"e7f63e2c-05ea-4b6a-8a75-02c30de50f21","subPlay":0},"created":"2021-03-05T16:14:04.164Z","season":11,"tournament":-1,"type":117,"day":94,"phase":6,"category":1,"description":"Beck Whitney is Partying!","nuts":0}