{"id":"a6127480-8f07-4b51-82df-a23f931b2643","playerTags":["4b6f0a4e-de18-44ad-b497-03b1f470c43c"],"teamTags":["adc5b394-8f76-416d-9ce9-813706877b84"],"gameTags":["aa8c893c-f8c2-48f6-9b50-7b7b19b38539"],"metadata":{"play":388,"type":4,"after":2.397862204048922,"before":2.129739031055331,"parent":"a9d4fd8b-7f1c-41d1-938b-5b6f716d6ec2","subPlay":0},"created":"2021-03-05T18:32:54.874Z","season":11,"tournament":-1,"type":117,"day":96,"phase":6,"category":1,"description":"Rodriguez Internet is Partying!","nuts":2}