{"id":"a718d605-ba01-4d27-8147-f22e75fb8cb2","playerTags":["91f5298e-a2ec-4f54-a541-1818702d1b6d"],"teamTags":["d9f89a8a-c563-493e-9d64-78e4f9a55d4a"],"gameTags":["49397c9b-0fb5-4ca6-a71a-728ab6d9c76b"],"metadata":{"play":134,"type":4,"after":1.7872882721871746,"before":1.3336597352569322,"parent":"a12e5c46-3f9b-4043-b483-dcef73ed403c","subPlay":0},"created":"2021-03-12T10:11:23.418Z","season":12,"tournament":-1,"type":117,"day":88,"phase":6,"category":1,"description":"Mint Shupe is Partying!","nuts":1}