{"id":"a920779c-ac5d-4548-9a48-d5b3c59f90aa","playerTags":["e16c3f28-eecd-4571-be1a-606bbac36b2b"],"teamTags":["7966eb04-efcc-499b-8f03-d13916330531"],"gameTags":["0ad9d87b-423a-49f8-bbb7-7b3834fbf4aa"],"metadata":{"play":28,"type":4,"after":1.555557979541302,"before":1.2554488073252872,"parent":"24e9d956-b874-4029-91f1-0289a7e18c2e","subPlay":0},"created":"2021-03-05T15:02:16.883Z","season":11,"tournament":-1,"type":117,"day":93,"phase":6,"category":1,"description":"Wyatt Glover is Partying!","nuts":1}