{"id":"a9399ac7-f3b2-497c-b9b1-6810d754c9d4","playerTags":["d23a1f7e-0071-444e-8361-6ae01f13036f"],"teamTags":["a37f9158-7f82-46bc-908c-c9e2dda7c33b"],"gameTags":["e7b247e6-626a-4c4f-8a32-408621769e53"],"metadata":{"play":270,"type":4,"after":2.2835251745184926,"before":1.9768289119830365,"parent":"241547fd-1fef-4e9b-ad17-e9def90a6633","subPlay":0},"created":"2021-03-19T14:23:14.953Z","season":13,"tournament":-1,"type":117,"day":93,"phase":6,"category":1,"description":"Edric Tosser is Partying!","nuts":1}