{"id":"a966da1d-7953-4ef5-98bb-1a75a0a2f1c4","playerTags":["63512571-2eca-4bc4-8ad9-a5308a22ae22"],"teamTags":["7966eb04-efcc-499b-8f03-d13916330531"],"gameTags":["6428ee9c-4e5e-4ee7-be9e-1df68daeaa9d"],"metadata":{"play":293,"type":4,"after":2.7611027672849904,"before":2.4776129776398985,"parent":"fe203685-d0cd-4acc-80c8-3d22dc289c0e","subPlay":0},"created":"2021-04-12T17:25:29.669Z","season":15,"tournament":-1,"type":117,"day":2,"phase":2,"category":1,"description":"Oscar Dollie is Partying!","nuts":24}