{"id":"ab050d02-064a-470c-8193-a998f8a127f6","playerTags":["b1b141fc-e867-40d1-842a-cea30a97ca4f"],"teamTags":["bfd38797-8404-4b38-8b82-341da28b1f83"],"gameTags":["c331efe0-fc08-4a7d-8796-4f88327bd0cc"],"metadata":{"play":276,"type":4,"after":3.725405555912008,"before":3.515777033801368,"parent":"f03aeca8-e1d7-41ce-af5f-d2e3af8bb04e","subPlay":0},"created":"2021-03-05T11:23:36.519Z","season":11,"tournament":-1,"type":117,"day":89,"phase":6,"category":1,"description":"Richardson Games is Partying!","nuts":3}