{"id":"ab36447d-7554-4206-8eb9-c215124e4e26","playerTags":["b643a520-af38-42e3-8f7b-f660e52facc9"],"teamTags":["46358869-dce9-4a01-bfba-ac24fc56f57e"],"gameTags":["d0ee54ba-3913-4b87-b1dd-15753c20d89b"],"metadata":{"play":270,"type":4,"after":2.0594709115892558,"before":1.7676999304954981,"parent":"5df79f39-63fe-4d77-aefc-ae7aa973146b","subPlay":0},"created":"2021-03-12T13:22:51.434Z","season":12,"tournament":-1,"type":117,"day":91,"phase":6,"category":1,"description":"Adelaide Judochop is Partying!","nuts":4}