{"id":"ac582624-4498-46a2-9cf2-09c6ee221eca","playerTags":["68f98a04-204f-4675-92a7-8823f2277075"],"teamTags":["ca3f1c8c-c025-4d8e-8eef-5be6accbeb16"],"gameTags":["04616912-20ac-4eba-a57f-7b27ea165a87"],"metadata":{"play":136,"type":4,"after":3.2835213950918516,"before":3.073429289756743,"parent":"106c35f5-f610-4a23-830e-ff22d17796fe","subPlay":0},"created":"2021-04-09T16:11:43.028Z","season":14,"tournament":-1,"type":117,"day":95,"phase":6,"category":1,"description":"Isaac Johnson is Partying!","nuts":14}