{"id":"ac6e2c09-3bcc-4b8f-af25-932eed8fc573","playerTags":["020ed630-8bae-4441-95cc-0e4ecc27253b"],"teamTags":["bfd38797-8404-4b38-8b82-341da28b1f83"],"gameTags":["fd8d22dc-89c7-41dd-83da-5ad9337527c1"],"metadata":{"play":109,"type":4,"after":2.4061894137782027,"before":2.185191901690237,"parent":"96f96332-220c-48bf-92b1-bd0fda1faa03","subPlay":0},"created":"2021-03-19T11:09:12.941Z","season":13,"tournament":-1,"type":117,"day":90,"phase":6,"category":1,"description":"Simon Haley is Partying!","nuts":1}