{"id":"ad55a288-1ac3-45ca-bc0f-03e264db816f","playerTags":["b348c037-eefc-4b81-8edd-dfa96188a97e"],"teamTags":["a37f9158-7f82-46bc-908c-c9e2dda7c33b"],"gameTags":["1b38ddee-adc5-4c4b-ba55-857d2a734f91"],"metadata":{"play":21,"type":4,"after":2.72903010196187,"before":2.492015983321323,"parent":"6e9508be-0f2a-4224-908c-d63017ba6b4e","subPlay":0},"created":"2021-04-09T16:01:41.764Z","season":14,"tournament":-1,"type":117,"day":95,"phase":6,"category":1,"description":"Lowe Forbes is Partying!","nuts":60}