{"id":"adafcd4f-4267-4280-9db9-a3dea0d9b4ff","playerTags":["042962c8-4d8b-44a6-b854-6ccef3d82716"],"teamTags":["b024e975-1c4a-4575-8936-a3754a08806a"],"gameTags":["9b671a70-c55f-4beb-bef2-5b1b8c5d4c01"],"metadata":{"play":174,"type":4,"after":4.246726997209298,"before":4.0395615925888855,"parent":"32c7dc73-7580-4be3-93aa-38169fffdadf","subPlay":0},"created":"2021-04-09T17:14:54.540Z","season":14,"tournament":-1,"type":117,"day":96,"phase":6,"category":1,"description":"Ronan Jaylee is Partying!","nuts":1}