{"id":"adf120f4-5177-497e-8a6a-7cc9bf56f1e6","playerTags":["bc29afc1-c954-4def-978b-a59ae5def3c3"],"teamTags":["d9f89a8a-c563-493e-9d64-78e4f9a55d4a"],"gameTags":["fa9dab2a-409c-4886-979c-f1c584518d5d"],"metadata":{"play":232,"type":4,"after":3.44664435966752,"before":3.2152421714466017,"parent":"9d6ed95f-e2f4-4cbd-be18-d14659124f9d","subPlay":0},"created":"2021-03-19T13:20:03.794Z","season":13,"tournament":-1,"type":117,"day":92,"phase":6,"category":1,"description":"Rigby Friedrich is Partying!","nuts":5}