{"id":"ae152245-1e73-4fc6-8cf2-fb15154f634a","playerTags":["b8ab86c6-9054-4832-9b96-508dbd4eb624"],"teamTags":["bfd38797-8404-4b38-8b82-341da28b1f83"],"gameTags":["b95b44ad-81e2-43cb-9bad-b1e72e2cd7cd"],"metadata":{"play":240,"type":4,"after":2.105031533454931,"before":1.848583923990287,"parent":"8d035111-59ce-4eab-926b-0d9c699123dd","subPlay":0},"created":"2021-03-12T16:20:11.182Z","season":12,"tournament":-1,"type":117,"day":94,"phase":6,"category":1,"description":"Esme Ramsey is Partying!","nuts":2}