{"id":"af4fee8c-389c-4f49-b06b-394f3e631ba5","playerTags":["c675fcdf-6117-49a6-ac32-99a89a3a88aa"],"teamTags":["979aee4a-6d80-4863-bf1c-ee1a78e06024"],"gameTags":["43b85488-2e26-4faf-9c4c-58d1c62cde70"],"metadata":{"play":100,"type":4,"after":3.999119396331004,"before":3.752039314517324,"parent":"ad0051f2-2b3a-4be8-93b0-8d8f8c58586c","subPlay":0},"created":"2021-04-09T14:08:18.905Z","season":14,"tournament":-1,"type":117,"day":93,"phase":6,"category":1,"description":"Valentine Games is Partying!","nuts":9}