{"id":"afd4395b-6fc4-4326-b39b-8e07334dcd03","playerTags":["20e13b56-599b-4a22-b752-8059effc81dc"],"teamTags":["ca3f1c8c-c025-4d8e-8eef-5be6accbeb16"],"gameTags":["a69d4c34-48b8-47c6-913f-d33d56524b3c"],"metadata":{"play":43,"type":4,"after":3.556101791999649,"before":3.3120898341192553,"parent":"3e28e59a-30ed-4d11-856c-9d1c1afdf545","subPlay":0},"created":"2021-04-09T14:03:36.881Z","season":14,"tournament":-1,"type":117,"day":93,"phase":6,"category":1,"description":"Lou Roseheart is Partying!","nuts":14}