{"id":"b0e7c7b5-3a82-4c5c-8fa4-1d7a3b990179","playerTags":["19241aa4-38e3-45ed-9750-68f4401f80e1"],"teamTags":["c73b705c-40ad-4633-a6ed-d357ee2e2bcf"],"gameTags":["b9d1ae2a-82ca-4620-9504-3bc53baed351"],"metadata":{"play":26,"type":4,"after":2.1180811159133643,"before":1.7519503749580934,"parent":"60587491-8122-4a98-9b4c-3865ad8cbeb7","subPlay":0},"created":"2021-04-09T18:02:07.254Z","season":14,"tournament":-1,"type":117,"day":97,"phase":6,"category":1,"description":"Ayanna Dumpington is Partying!","nuts":1}