{"id":"b138f86b-310d-4eef-bb21-9c1f45d485e1","playerTags":["888fce7a-0d21-478a-9b45-4662193fe9aa"],"teamTags":["46358869-dce9-4a01-bfba-ac24fc56f57e"],"gameTags":["d329df99-f164-4899-8f91-a93e2e4dd65f"],"metadata":{"play":276,"type":4,"after":3.3717384833456756,"before":3.1399754693085895,"parent":"8d79e237-d37a-4abd-bd5d-0d95b320f41e","subPlay":0},"created":"2021-04-09T13:23:31.813Z","season":14,"tournament":-1,"type":117,"day":92,"phase":6,"category":1,"description":"Jolene Willowtree is Partying!","nuts":9}