{"id":"b2811592-fdc7-4b60-8713-177097fe2f99","playerTags":["f2a27a7e-bf04-4d31-86f5-16bfa3addbe7"],"teamTags":["adc5b394-8f76-416d-9ce9-813706877b84"],"gameTags":["5750b24b-4c01-4a44-8914-3eb587b76353"],"metadata":{"play":121,"type":4,"after":4.324934277670609,"before":4.098745922934496,"parent":"133c2ac9-cb7c-4606-8605-e8944be9c5b0","subPlay":0},"created":"2021-03-12T07:10:13.134Z","season":12,"tournament":-1,"type":117,"day":85,"phase":6,"category":1,"description":"Winnie Hess is Partying!","nuts":2}