{"id":"b2974128-046d-41e2-a02e-2fda724630a1","playerTags":["405dfadf-d435-4307-82f6-8eba2287e87a"],"teamTags":["23e4cbc1-e9cd-47fa-a35b-bfa06f726cb7"],"gameTags":["a6e5a6c1-9ecb-4d1b-a1fb-b9d8564b9562"],"metadata":{"play":127,"type":4,"after":2.9115646354651754,"before":2.658930933249024,"parent":"83c27cd2-934d-4d0c-aaef-ce7bdf0f2ceb","subPlay":0},"created":"2021-03-12T08:10:57.428Z","season":12,"tournament":-1,"type":117,"day":86,"phase":6,"category":1,"description":"Jaxon Buckley is Partying!","nuts":3}