{"id":"b35e0381-0248-418e-8ee1-ff61fb7d35a5","playerTags":["c18961e9-ef3f-4954-bd6b-9fe01c615186"],"teamTags":["105bc3ff-1320-4e37-8ef0-8d595cb95dd0"],"gameTags":["c0dd07d2-7c70-4415-ae42-3288e0bc225b"],"metadata":{"play":262,"type":4,"after":1.3347062055363836,"before":0.9346828436094171,"parent":"0a725075-6a47-4cc1-9fed-0029a7ecda2f","subPlay":0},"created":"2021-04-09T04:22:07.108Z","season":14,"tournament":-1,"type":117,"day":83,"phase":6,"category":1,"description":"Carmelo Plums is Partying!","nuts":2}