{"id":"b5286b90-670e-483e-92b1-4c19a68d85dd","playerTags":["cfb42325-592a-4119-9b40-4cdc19959b09"],"teamTags":["c73b705c-40ad-4633-a6ed-d357ee2e2bcf"],"gameTags":["088c172d-41fb-42d8-923d-bbd69347653a"],"metadata":{"play":104,"type":4,"after":2.381782817965546,"before":2.1243069415070077,"parent":"ed413fcb-33c0-4595-89eb-24d137b9f1fd","subPlay":0},"created":"2021-03-05T09:09:02.291Z","season":11,"tournament":-1,"type":117,"day":87,"phase":6,"category":1,"description":"Nandy Slumps is Partying!","nuts":0}