{"id":"b52af046-038e-4cd4-b7c7-86ed40d4bc56","playerTags":["ef9f8b95-9e73-49cd-be54-60f84858a285"],"teamTags":["a37f9158-7f82-46bc-908c-c9e2dda7c33b"],"gameTags":["e7b247e6-626a-4c4f-8a32-408621769e53"],"metadata":{"play":33,"type":4,"after":3.109884684785051,"before":2.8795441066873533,"parent":"a1decfa6-17b7-477a-9da4-e0b9ffad5ac3","subPlay":0},"created":"2021-03-19T14:02:46.423Z","season":13,"tournament":-1,"type":117,"day":93,"phase":6,"category":1,"description":"Collins Melon is Partying!","nuts":7}