{"id":"b5f11918-824f-4993-8f25-8cc6eb5a8cc0","playerTags":["3c331c87-1634-46c4-87ce-e4b9c59e2969"],"teamTags":["b72f3061-f573-40d7-832a-5ad475bd7909"],"gameTags":["ab8d30e9-1054-44fd-984a-f560f7ad76b2"],"metadata":{"play":238,"type":4,"after":2.621016770339203,"before":2.343558052766111,"parent":"371449cc-4805-4e4c-b921-e59c54502fcd","subPlay":0},"created":"2021-03-05T17:20:30.531Z","season":11,"tournament":-1,"type":117,"day":95,"phase":6,"category":1,"description":"Yosh Carpenter is Partying!","nuts":2}