{"id":"b6a8ba63-8f6a-4096-9c7e-12fa8c42211a","playerTags":["03b80a57-77ea-4913-9be4-7a85c3594745"],"teamTags":["878c1bf6-0d21-4659-bfee-916c8314d69c"],"gameTags":["a6332d2b-42a0-4d4b-8781-c270b8a438fe"],"metadata":{"play":41,"type":1,"after":0.40181901293321626,"before":0.2863731683301328,"parent":"b44feb3f-6d5e-4e44-8812-fdc5ba7178ba","subPlay":1},"created":"2021-03-11T00:03:26.797Z","season":12,"tournament":-1,"type":117,"day":55,"phase":4,"category":1,"description":"Halexandrey Walton drained blood from Igneus Delacruz.","nuts":3}