{"id":"b6f0ac91-02a1-4818-997b-466d3b804589","playerTags":["ef9f8b95-9e73-49cd-be54-60f84858a285"],"teamTags":["a37f9158-7f82-46bc-908c-c9e2dda7c33b"],"gameTags":["5c44cfa0-d8b3-4ece-a3f6-79b64087c508"],"metadata":{"play":53,"type":4,"after":4.721947081727368,"before":4.485738419726655,"parent":"cc2f3876-209e-4bb3-a7af-1bfdbc33a258","subPlay":0},"created":"2021-04-09T17:04:22.921Z","season":14,"tournament":-1,"type":117,"day":96,"phase":6,"category":1,"description":"Collins Melon is Partying!","nuts":20}