{"id":"b7acb5d8-c033-418c-88f5-ca2ca6daaa86","playerTags":["7b55d484-6ea9-4670-8145-986cb9e32412"],"teamTags":["979aee4a-6d80-4863-bf1c-ee1a78e06024"],"gameTags":["daa0f99a-3b05-46d3-a7cf-d03e4ba7d42e"],"metadata":{"play":178,"type":4,"after":3.3192342440945755,"before":3.084479010320054,"parent":"5bc0d4e9-1d2b-47d3-9385-32661efd0061","subPlay":0},"created":"2021-03-19T19:14:50.438Z","season":13,"tournament":-1,"type":117,"day":98,"phase":6,"category":1,"description":"Stevenson Heat is Partying!","nuts":4}