{"id":"b8296e42-fed2-4a3c-a296-2c93a74759a9","playerTags":["6ebac746-6685-4d0f-8e84-6b21299b5169"],"teamTags":["d9f89a8a-c563-493e-9d64-78e4f9a55d4a"],"gameTags":["07b01fcb-e9ad-4ad7-8701-b86c01dec7ff"],"metadata":{"play":97,"type":4,"after":2.3324948604198434,"before":2.0443827347160335,"parent":"c068e7bf-8b0a-4a14-9a5a-1b839fe3f3c8","subPlay":0},"created":"2021-03-12T07:08:03.203Z","season":12,"tournament":-1,"type":117,"day":85,"phase":6,"category":1,"description":"Hercules Alighieri is Partying!","nuts":2}