{"id":"b8303fb6-801a-4e69-8aa8-4b0b7238e458","playerTags":["d47dd08e-833c-4302-a965-a391d345455c"],"teamTags":["bfd38797-8404-4b38-8b82-341da28b1f83"],"gameTags":["ddb02063-d004-42e8-918a-66f9fc5d2ab7"],"metadata":{"play":268,"type":4,"after":2.892295434453886,"before":2.6653999780852966,"parent":"29c84767-f97b-4294-8e38-ecc7ad5bfbe2","subPlay":0},"created":"2021-04-09T11:22:37.648Z","season":14,"tournament":-1,"type":117,"day":90,"phase":6,"category":1,"description":"Stu Trololol is Partying!","nuts":4}