{"id":"b9300822-3860-4249-9258-486b984691fd","playerTags":["fa477c92-39b6-4a52-b065-40af2f29840a"],"teamTags":["bfd38797-8404-4b38-8b82-341da28b1f83"],"gameTags":["4d50b00a-4297-4497-8a69-c24b2eef3b95"],"metadata":{"play":16,"type":4,"after":1.7628007239902586,"before":1.4327372286603302,"parent":"9146cc73-3124-404d-8090-5db48dc7499a","subPlay":0},"created":"2021-03-05T12:01:16.546Z","season":11,"tournament":-1,"type":117,"day":90,"phase":6,"category":1,"description":"Howell Franklin is Partying!","nuts":7}