{"id":"b9c618f8-0927-4fa3-adb8-4ba4ffb642e0","playerTags":["3d3be7b8-1cbf-450d-8503-fce0daf46cbf"],"teamTags":["f02aeae2-5e6a-4098-9842-02d2273f25c7"],"gameTags":["b447bea2-a887-4c23-8bfb-b2eaada6e4c7"],"metadata":{"play":72,"type":4,"after":2.742387048324999,"before":2.4996552522272384,"parent":"98d87382-3b47-4b07-880e-f737cc5deca8","subPlay":0},"created":"2021-03-12T15:06:20.950Z","season":12,"tournament":-1,"type":117,"day":93,"phase":6,"category":1,"description":"Zack Sanders is Partying!","nuts":0}