{"id":"bbd0f983-e42d-47bc-a7cc-19d69eca3467","playerTags":["405dfadf-d435-4307-82f6-8eba2287e87a"],"teamTags":["23e4cbc1-e9cd-47fa-a35b-bfa06f726cb7"],"gameTags":["6a8ca967-7821-48d0-a7db-ba7aeed9e71e"],"metadata":{"play":13,"type":4,"after":3.1452683114128606,"before":2.9115646354651754,"parent":"81f37550-c381-4149-9b2a-007cbbf10b29","subPlay":0},"created":"2021-03-12T11:01:01.232Z","season":12,"tournament":-1,"type":117,"day":89,"phase":6,"category":1,"description":"Jaxon Buckley is Partying!","nuts":3}