{"id":"bc4252ba-ea3f-4a3b-8c4e-80c57008c12c","playerTags":["da67c196-4cac-428b-8c18-2a411055ea35"],"teamTags":["c73b705c-40ad-4633-a6ed-d357ee2e2bcf"],"gameTags":["f9ad295b-2cc0-4432-9b91-2c61d2c1691e"],"metadata":{"play":130,"type":4,"after":2.7168394007427072,"before":2.4850414514278074,"parent":"b99adccd-6854-47c0-bdc5-d5f2cd6b8b93","subPlay":0},"created":"2021-03-12T20:10:58.637Z","season":12,"tournament":-1,"type":117,"day":98,"phase":6,"category":1,"description":"Yusef Fenestrate is Partying!","nuts":2}