{"id":"bea38c01-78bf-4567-9528-ff254240dafe","playerTags":["04931546-1b4a-469f-b391-7ed67afe824c"],"teamTags":["3f8bbb15-61c0-4e3f-8e4a-907a5fb1565e"],"gameTags":["8c867837-f599-46e7-8533-a5f098a37d00"],"metadata":{"play":302,"type":1,"after":0.5438059171145768,"before":0.410087992044169,"parent":"6bda41c2-a912-441d-b6be-ce256e7e33ec","subPlay":1},"created":"2021-03-10T15:25:36.951Z","season":12,"tournament":-1,"type":117,"day":46,"phase":4,"category":1,"description":"Glabe Moon drained blood from Logan Horseman.","nuts":1}