{"id":"bf3cd6da-a82a-4df6-a9cd-881f87c3e0e8","playerTags":["cbd19e6f-3d08-4734-b23f-585330028665"],"teamTags":["9debc64f-74b7-4ae1-a4d6-fce0144b6ea5"],"gameTags":["b3436fc8-0876-4cd2-8605-333360d53344"],"metadata":{"play":83,"type":3,"after":0.808499861351681,"before":0.7073178077814727,"parent":"921b6b1f-145d-4fb6-b852-caa7f344ba77","subPlay":1},"created":"2021-03-11T16:07:06.903Z","season":12,"tournament":-1,"type":117,"day":71,"phase":4,"category":1,"description":"Knight Triumphant drained blood from Combs Estes.","nuts":0}