{"id":"bf4627b0-d191-4e9a-a9ca-9286ee2d77e7","playerTags":["7a75d626-d4fd-474f-a862-473138d8c376"],"teamTags":["b63be8c2-576a-4d6e-8daf-814f8bcea96f"],"gameTags":["6e7af9cc-aa7d-42e0-b735-7f72dd0ff45f"],"metadata":{"play":259,"type":0,"after":1.1634736835692823,"before":1.0702876037746565,"parent":"9a53c044-5f8a-45c5-890e-463cec47c65f","subPlay":1},"created":"2021-03-11T18:21:59.756Z","season":12,"tournament":-1,"type":117,"day":72,"phase":6,"category":1,"description":"Beck Whitney drained blood from Gloria Bugsnax.","nuts":0}