{"id":"bf6b3923-e9b1-4cdf-8f9f-c22f43808e87","playerTags":["4a95d9d8-3dcc-488d-b1cb-19690271ae4c"],"teamTags":["d9f89a8a-c563-493e-9d64-78e4f9a55d4a"],"gameTags":["6a79932c-2732-41cb-b374-4612e56b4685"],"metadata":{"play":200,"type":4,"after":2.7953517601481166,"before":2.5437266541445087,"parent":"fff9ed6f-677f-444c-8150-9c57c51896e7","subPlay":0},"created":"2021-04-09T17:17:00.799Z","season":14,"tournament":-1,"type":117,"day":96,"phase":6,"category":1,"description":"Frankie Hambone is Partying!","nuts":1}