{"id":"bf9ba676-af04-4c09-8a44-b31d72ddd3b8","playerTags":["bf6a24d1-4e89-4790-a4ba-eeb2870cbf6f"],"teamTags":["878c1bf6-0d21-4659-bfee-916c8314d69c"],"gameTags":["a67250be-b9b0-4481-8404-5a2998094ec9"],"metadata":{"play":27,"type":4,"after":1.8663125711113968,"before":1.6185569689563941,"parent":"0377c9cc-2438-416d-b609-52478f86ee68","subPlay":0},"created":"2021-03-05T16:02:16.399Z","season":11,"tournament":-1,"type":117,"day":94,"phase":6,"category":1,"description":"Rat Mason is Partying!","nuts":3}