{"id":"c00a426d-c99c-4bd2-9f4b-57ef1dbc1f52","playerTags":["9c3273a0-2711-4958-b716-bfcf60857013"],"teamTags":["a37f9158-7f82-46bc-908c-c9e2dda7c33b"],"gameTags":["826548b2-6dbb-4436-87ea-7ebdd6a304ed"],"metadata":{"play":91,"type":4,"after":2.285356021227398,"before":1.9442598639003785,"parent":"4b4f829a-37fe-4cab-a93f-73d537cc1a9a","subPlay":0},"created":"2021-03-19T13:07:52.050Z","season":13,"tournament":-1,"type":117,"day":92,"phase":6,"category":1,"description":"Kathy Mathews is Partying!","nuts":7}