{"id":"c0a992c9-d628-4c7c-a996-db7808a9c9bc","playerTags":["cfb42325-592a-4119-9b40-4cdc19959b09"],"teamTags":["c73b705c-40ad-4633-a6ed-d357ee2e2bcf"],"gameTags":["068e9e4c-e004-450b-83e1-1f9d0b7549f6"],"metadata":{"play":156,"type":4,"after":2.901387892018523,"before":2.6392377878061786,"parent":"2b67598f-c22d-4d72-a023-1b8d51f2ec2b","subPlay":0},"created":"2021-03-12T10:13:09.298Z","season":12,"tournament":-1,"type":117,"day":88,"phase":6,"category":1,"description":"Nandy Slumps is Partying!","nuts":0}