{"id":"c0fceeba-c79a-4be9-92bf-6ebdc9fede53","playerTags":["948ce8a8-19cd-4f81-b84f-88cce02c47bc"],"teamTags":["d9f89a8a-c563-493e-9d64-78e4f9a55d4a"],"gameTags":["78db17e6-719f-422e-830c-d70233df30b7"],"metadata":{"play":258,"type":4,"after":2.562036699048903,"before":2.273633689241329,"parent":"dacda9f8-5528-4b95-913d-2b3f932035bd","subPlay":0},"created":"2021-03-19T11:22:23.969Z","season":13,"tournament":-1,"type":117,"day":90,"phase":6,"category":1,"description":"Flattery McKinley is Partying!","nuts":3}