{"id":"c25a8855-b01d-44f0-a691-c3cea38ab054","playerTags":["b8ab86c6-9054-4832-9b96-508dbd4eb624"],"teamTags":["bfd38797-8404-4b38-8b82-341da28b1f83"],"gameTags":["0b4a26a8-46d3-4d2c-a6eb-5e1d3682f1df"],"metadata":{"play":114,"type":4,"after":2.607123095783505,"before":2.3503567144136253,"parent":"2f4b55fb-a467-4e4a-9448-7015db41af99","subPlay":0},"created":"2021-03-19T17:09:47.591Z","season":13,"tournament":-1,"type":117,"day":96,"phase":6,"category":1,"description":"Esme Ramsey is Partying!","nuts":5}