{"id":"c2dd0b8e-c6f0-4400-84e4-b60306c0e7c4","playerTags":["924de86d-260b-495b-80e1-57af5767703c"],"teamTags":["bb4a9de5-c924-4923-a0cb-9d1445f1ee5d"],"gameTags":["d06facea-e61b-41b9-9c21-bcd16537418d"],"metadata":{"play":138,"type":4,"after":2.4608110657050513,"before":2.1897907665155385,"parent":"69a161b3-bd3d-486f-9c8b-923c67cc9202","subPlay":0},"created":"2021-03-12T14:11:48.257Z","season":12,"tournament":-1,"type":117,"day":92,"phase":6,"category":1,"description":"Patchwork Southwick is Partying!","nuts":0}