{"id":"c3f378bb-a0ac-41bd-8165-645798c38e63","playerTags":["fcbe1d14-04c4-4331-97ad-46e170610633"],"teamTags":["23e4cbc1-e9cd-47fa-a35b-bfa06f726cb7"],"gameTags":["d0445450-cf87-4611-adae-ce7a8ad076d1"],"metadata":{"play":112,"type":4,"after":2.4029212574400622,"before":2.14347198527096,"parent":"e4a0b194-bc17-4660-a8c2-d88b2279aba6","subPlay":0},"created":"2021-03-12T14:09:32.881Z","season":12,"tournament":-1,"type":117,"day":92,"phase":6,"category":1,"description":"Jode Preston is Partying!","nuts":0}