{"id":"c42ab25f-f4f3-4bb7-93cb-9d3b59041ecf","playerTags":["a5f8ce83-02b2-498c-9e48-533a1d81aebf"],"teamTags":["979aee4a-6d80-4863-bf1c-ee1a78e06024"],"gameTags":["ea81dcc6-4eac-4013-9a47-2d3b767aef11"],"metadata":{"play":284,"type":4,"after":3.154973383204866,"before":2.9321506594275997,"parent":"6711abb2-dd82-4adc-a1a2-dc603b441c15","subPlay":0},"created":"2021-04-09T11:24:12.086Z","season":14,"tournament":-1,"type":117,"day":90,"phase":6,"category":1,"description":"Evelton McBlase is Partying!","nuts":2}