{"id":"c595e0e9-5436-47ff-922c-272d02522f21","playerTags":["09f2787a-3352-41a6-8810-d80e97b253b5"],"teamTags":["7966eb04-efcc-499b-8f03-d13916330531"],"gameTags":["6c986027-2100-4372-bc90-1adad22489e2"],"metadata":{"play":197,"type":4,"after":3.563157062949,"before":3.3228150664092375,"parent":"9899138f-63a5-4100-a1a3-1c62f8294b26","subPlay":0},"created":"2021-04-09T17:16:54.892Z","season":14,"tournament":-1,"type":117,"day":96,"phase":6,"category":1,"description":"Curry Aliciakeyes is Partying!","nuts":4}