{"id":"c73b5034-de66-4404-a616-c09252073947","playerTags":["de21c97e-f575-43b7-8be7-ecc5d8c4eaff"],"teamTags":["bb4a9de5-c924-4923-a0cb-9d1445f1ee5d"],"gameTags":["4ebf35bb-ba88-4ada-be5d-423ba368c94a"],"metadata":{"play":422,"type":4,"after":2.8480468465053197,"before":2.6030571600637273,"parent":"04ec0021-c235-4782-8e7c-156f594cdfdb","subPlay":0},"created":"2021-03-11T12:36:23.828Z","season":12,"tournament":-1,"type":117,"day":67,"phase":4,"category":1,"description":"Pitching Mach-ne is Partying!","nuts":1}