{"id":"c7bdcb9c-e93b-4692-9a8e-79938e9e0ddb","playerTags":["27839754-c351-43ec-9bff-ca662a2385b9"],"teamTags":["bb4a9de5-c924-4923-a0cb-9d1445f1ee5d"],"gameTags":["b41f32e3-1ffb-4a6b-8772-c15e1def82d5"],"metadata":{"play":7,"type":4,"after":2.7967848040578405,"before":2.5401385991400174,"parent":"835a69a7-92bf-4a3b-8754-0567d4349f5a","subPlay":0},"created":"2021-03-12T16:00:31.158Z","season":12,"tournament":-1,"type":117,"day":94,"phase":6,"category":1,"description":"Loubert Ji-Eun is Partying!","nuts":0}