{"id":"c875a226-a5b7-4e40-a32e-798590c1d8e0","playerTags":["87e6ae4b-67de-4973-aa56-0fc9835a1e1e"],"teamTags":["adc5b394-8f76-416d-9ce9-813706877b84"],"gameTags":["98b3ca86-7cb9-4054-aff0-648a97af1b1b"],"metadata":{"play":186,"type":4,"after":3.6538197308777702,"before":3.4305853408667604,"parent":"d9019c8d-27ea-4d78-b2d1-450eba7e1dcc","subPlay":0},"created":"2021-03-19T19:16:03.240Z","season":13,"tournament":-1,"type":117,"day":98,"phase":6,"category":1,"description":"Marco Stink is Partying!","nuts":2}