{"id":"c9815239-449e-4e6b-bc08-8750ddfde3d7","playerTags":["82d1b7b4-ce00-4536-8631-a025f05150ce"],"teamTags":["b024e975-1c4a-4575-8936-a3754a08806a"],"gameTags":["0ad9d87b-423a-49f8-bbb7-7b3834fbf4aa"],"metadata":{"play":286,"type":4,"after":3.1746115807696498,"before":2.916124116087441,"parent":"24093af9-1788-48c1-86bf-aa1e187ddd6b","subPlay":0},"created":"2021-03-05T15:24:03.336Z","season":11,"tournament":-1,"type":117,"day":93,"phase":6,"category":1,"description":"Sam Scandal is Partying!","nuts":1}