{"id":"c9ec5edc-3cc1-4bf3-a322-308a745f3f1d","playerTags":["4b01cc3f-c59f-486d-9c00-b8a82624e620"],"teamTags":["d9f89a8a-c563-493e-9d64-78e4f9a55d4a"],"gameTags":["07ffcfcc-62dc-47cc-91a2-f5b7b2285630"],"metadata":{"play":22,"type":4,"after":2.019145131614155,"before":1.7356078100357353,"parent":"4b269f19-f436-4563-b630-2afaac2df421","subPlay":0},"created":"2021-04-09T10:01:51.730Z","season":14,"tournament":-1,"type":117,"day":89,"phase":6,"category":1,"description":"Siobhan Chark is Partying!","nuts":4}