{"id":"ca2ab388-c4fe-4971-ae4e-7d1309650ba2","playerTags":["cfb42325-592a-4119-9b40-4cdc19959b09"],"teamTags":["c73b705c-40ad-4633-a6ed-d357ee2e2bcf"],"gameTags":["16f9913f-a596-45cc-a824-3adb1ef7d94a"],"metadata":{"play":226,"type":4,"after":2.6392377878061786,"before":2.381782817965546,"parent":"79d37513-cd78-4371-b0d8-67df83f85a50","subPlay":0},"created":"2021-03-05T17:19:01.735Z","season":11,"tournament":-1,"type":117,"day":95,"phase":6,"category":1,"description":"Nandy Slumps is Partying!","nuts":0}