{"id":"cb0eca50-338f-4091-a8e5-c744d723a6e1","playerTags":["41bdb527-1fb2-487d-8237-093958e737e4"],"teamTags":["b024e975-1c4a-4575-8936-a3754a08806a"],"gameTags":["9201443c-5af4-4805-83fc-7c89200e149a"],"metadata":{"play":254,"type":4,"after":2.5300125669874625,"before":2.2903916810243805,"parent":"52f9a210-d6cc-450b-94e8-60f8ce11da74","subPlay":0},"created":"2021-04-09T18:21:41.182Z","season":14,"tournament":-1,"type":117,"day":97,"phase":6,"category":1,"description":"----y- M--l--d is Partying!","nuts":2}