{"id":"cbd0ce61-9ff9-4c0f-9ef1-cd0f3e41b8ac","playerTags":["a1fba555-a48c-44f3-afb6-522ea256947c"],"teamTags":["46358869-dce9-4a01-bfba-ac24fc56f57e"],"gameTags":["8977ccce-3b77-4b26-a153-12aa62ef96b0"],"metadata":{"play":124,"type":4,"after":2.53670646019593,"before":2.256410228158705,"parent":"999e1b45-a17e-4645-a6d9-f8574a3880bb","subPlay":0},"created":"2021-03-12T08:10:42.564Z","season":12,"tournament":-1,"type":117,"day":86,"phase":6,"category":1,"description":"Mindy Kugel is Partying!","nuts":5}