{"id":"ccb92707-049e-4d9d-8c5c-0c34b37a1c6d","playerTags":["d0ffc9c2-e677-4230-a639-b0ae11650501"],"teamTags":["bb4a9de5-c924-4923-a0cb-9d1445f1ee5d"],"gameTags":["2b405fd4-b582-4b4c-a64b-c3153f68c9a0"],"metadata":{"play":268,"type":4,"after":2.5227794940806803,"before":2.2887745183359156,"parent":"2257fc85-e029-44ab-8dda-ebbf1dde8622","subPlay":0},"created":"2021-03-11T16:22:50.543Z","season":12,"tournament":-1,"type":117,"day":71,"phase":4,"category":1,"description":"Kaz Fiasco is Partying!","nuts":1}