{"id":"cccdba20-b202-42a6-9629-afc5523f9832","playerTags":["97dfc1f6-ac94-4cdc-b0d5-1cb9f8984aa5"],"teamTags":["8d87c468-699a-47a8-b40d-cfb73a5660ad"],"gameTags":["8ab998f5-0b24-4c1d-80e4-53a40777b927"],"metadata":{"play":134,"type":4,"after":2.8081561436073597,"before":2.5458737748631926,"parent":"a082fe05-e108-49c8-807d-34d12c36dc97","subPlay":0},"created":"2021-03-19T07:11:23.130Z","season":13,"tournament":-1,"type":117,"day":86,"phase":6,"category":1,"description":"Brock Forbes is Partying!","nuts":7}