{"id":"cd4cfc34-bb5c-44f8-84ae-5e988d8361b0","playerTags":["eaaef47e-82cc-4c90-b77d-75c3fb279e83"],"teamTags":["bfd38797-8404-4b38-8b82-341da28b1f83"],"gameTags":["fd8d22dc-89c7-41dd-83da-5ad9337527c1"],"metadata":{"play":162,"type":4,"after":1.681082763313189,"before":1.3017025438499696,"parent":"5d4d0282-cb9a-419f-86f3-6a685ca3469d","subPlay":0},"created":"2021-03-19T11:13:39.280Z","season":13,"tournament":-1,"type":117,"day":90,"phase":6,"category":1,"description":"Herring Winfield is Partying!","nuts":2}