{"id":"cde18d35-82e8-406f-9032-bc8224d148ab","playerTags":["ee55248b-318a-4bfb-8894-1cc70e4e0720"],"teamTags":["b72f3061-f573-40d7-832a-5ad475bd7909"],"gameTags":["41c3f499-1983-41fd-a16d-e787b6ec5673"],"metadata":{"play":101,"type":4,"after":1.2098979784771609,"before":0.8756399322421584,"parent":"062f5a86-0824-43aa-86fe-64213bf10ba6","subPlay":0},"created":"2021-03-05T12:08:28.607Z","season":11,"tournament":-1,"type":117,"day":90,"phase":6,"category":1,"description":"Theo King is Partying!","nuts":1}