{"id":"ce23435e-4588-4a38-a9b8-1334dcbf7637","playerTags":["a1ed3396-114a-40bc-9ff0-54d7e1ad1718"],"teamTags":["b024e975-1c4a-4575-8936-a3754a08806a"],"gameTags":["3dc75ac0-dc44-4234-81b9-f8a3ee5e13db"],"metadata":{"play":8,"type":4,"after":2.176557564542732,"before":1.8171937164788818,"parent":"46938a11-9749-4d01-a30b-66dc57266fa9","subPlay":0},"created":"2021-03-05T10:00:36.429Z","season":11,"tournament":-1,"type":117,"day":88,"phase":6,"category":1,"description":"Patel Beyonce is Partying!","nuts":1}