{"id":"cfadc016-c4b9-4b4d-b9a0-782d8b67570f","playerTags":["3d293d6c-3a20-43ab-a895-2b7f1f28779f"],"teamTags":["d9f89a8a-c563-493e-9d64-78e4f9a55d4a"],"gameTags":["fa9dab2a-409c-4886-979c-f1c584518d5d"],"metadata":{"play":178,"type":4,"after":2.2987047349851872,"before":2.044226479237183,"parent":"1a536beb-55de-433d-b615-2b92e624fd6b","subPlay":0},"created":"2021-03-19T13:15:23.056Z","season":13,"tournament":-1,"type":117,"day":92,"phase":6,"category":1,"description":"Slosh Truk is Partying!","nuts":1}