{"id":"d021c9dc-1add-4a17-b0aa-9e7a9b0e5531","playerTags":["4a95d9d8-3dcc-488d-b1cb-19690271ae4c"],"teamTags":["d9f89a8a-c563-493e-9d64-78e4f9a55d4a"],"gameTags":["ec7ace57-a4e8-46dc-a131-70bc87619d65"],"metadata":{"play":192,"type":4,"after":2.5437266541445087,"before":2.234294656829978,"parent":"4d792792-6557-4c10-8589-8062ea1aef5b","subPlay":0},"created":"2021-03-12T02:16:14.787Z","season":12,"tournament":-1,"type":117,"day":80,"phase":6,"category":1,"description":"Frankie Hambone is Partying!","nuts":1}