{"id":"d1b0c114-26e9-4534-a1b1-4f6bb5c25237","playerTags":["1301ee81-406e-43d9-b2bb-55ca6e0f7765"],"teamTags":["105bc3ff-1320-4e37-8ef0-8d595cb95dd0"],"gameTags":["63232349-13c0-4bfb-b15b-d07104f2251c"],"metadata":{"play":74,"type":4,"after":3.7015785617668255,"before":3.4702775254946823,"parent":"ceba8b00-23ae-418b-b231-e6f89241f677","subPlay":0},"created":"2021-04-09T14:06:26.729Z","season":14,"tournament":-1,"type":117,"day":93,"phase":6,"category":1,"description":"Malik Destiny is Partying!","nuts":4}