{"id":"d2044036-cf93-487e-9348-f7301a7555b0","playerTags":["ac69dba3-6225-4afd-ab4b-23fc78f730fb"],"teamTags":["7966eb04-efcc-499b-8f03-d13916330531"],"gameTags":["0d9eee96-dce9-4db7-b279-574e863d4d49"],"metadata":{"play":245,"type":4,"after":2.67795379743428,"before":2.417337655835338,"parent":"f3c74844-2eed-469e-afea-6ea9033a40bd","subPlay":0},"created":"2021-03-12T15:20:31.736Z","season":12,"tournament":-1,"type":117,"day":93,"phase":6,"category":1,"description":"Bevan Wise is Partying!","nuts":1}