{"id":"d36cb6c1-4aff-40fd-abfb-8796f94ae305","playerTags":["84a2b5f6-4955-4007-9299-3d35ae7135d3"],"teamTags":["8d87c468-699a-47a8-b40d-cfb73a5660ad"],"gameTags":["4b32928c-274a-4b75-9abf-8ecdc0ef85b6"],"metadata":{"play":22,"type":4,"after":3.1928140417103945,"before":2.9397103838660987,"parent":"1c07fe4a-bd14-4e91-84e9-7a59484ec2a9","subPlay":0},"created":"2021-03-19T05:01:46.394Z","season":13,"tournament":-1,"type":117,"day":84,"phase":6,"category":1,"description":"Kennedy Loser is Partying!","nuts":4}