{"id":"d3d081c2-d171-49fb-9aed-5f4bea9f18fd","playerTags":["4ecee7be-93e4-4f04-b114-6b333e0e6408"],"teamTags":["979aee4a-6d80-4863-bf1c-ee1a78e06024"],"gameTags":["4163fa5c-ea14-42df-8812-7bf5d889e063"],"metadata":{"play":4,"type":4,"after":2.1148980279266953,"before":1.7119322367648835,"parent":"f384632b-a914-4431-bd14-e6a381a6b096","subPlay":0},"created":"2021-04-09T19:00:16.500Z","season":14,"tournament":-1,"type":117,"day":98,"phase":6,"category":1,"description":"Sutton Dreamy is Partying!","nuts":3}