{"id":"d426a92b-ebff-4e6f-a7d5-20be582a3069","playerTags":["3188d641-4fcc-4d5e-887d-5f454b4c4ff8"],"teamTags":["c73b705c-40ad-4633-a6ed-d357ee2e2bcf"],"gameTags":["c26411ec-54fd-494a-832a-c4ad22995297"],"metadata":{"play":43,"type":4,"after":2.2363455607383917,"before":1.9045042464838216,"parent":"d75e9a0e-03d1-4f5f-867a-41fb6d284c70","subPlay":0},"created":"2021-03-12T02:03:36.811Z","season":12,"tournament":-1,"type":117,"day":80,"phase":6,"category":1,"description":"Silvaire Semiquaver is Partying!","nuts":1}