{"id":"d4698feb-5e95-42fa-b957-0a051dd39fa0","playerTags":["948ce8a8-19cd-4f81-b84f-88cce02c47bc"],"teamTags":["d9f89a8a-c563-493e-9d64-78e4f9a55d4a"],"gameTags":["296e303d-9338-46d5-be4c-142214df0e89"],"metadata":{"play":122,"type":4,"after":2.8086124764185643,"before":2.562036699048903,"parent":"7129a510-fcb7-4a4e-a868-fee60b49e858","subPlay":0},"created":"2021-03-19T16:10:13.681Z","season":13,"tournament":-1,"type":117,"day":95,"phase":6,"category":1,"description":"Flattery McKinley is Partying!","nuts":3}