{"id":"d4adbaaa-d5f6-413c-880b-0ef19636590e","playerTags":["ef9f8b95-9e73-49cd-be54-60f84858a285"],"teamTags":["a37f9158-7f82-46bc-908c-c9e2dda7c33b"],"gameTags":["e84461f5-39c5-4c1d-944c-5964cc7cdca6"],"metadata":{"play":188,"type":4,"after":4.485738419726655,"before":4.264276827878094,"parent":"509ab7e9-df55-48f2-967c-b163db4a5c3c","subPlay":0},"created":"2021-04-09T13:15:55.383Z","season":14,"tournament":-1,"type":117,"day":92,"phase":6,"category":1,"description":"Collins Melon is Partying!","nuts":13}