{"id":"d4b80294-1070-4ea4-be00-a73210b02207","playerTags":["070758a0-092a-4a2c-8a16-253c835887cb"],"teamTags":["bfd38797-8404-4b38-8b82-341da28b1f83"],"gameTags":["0cab391d-f1e4-4d69-95a4-19b130b4aff5"],"metadata":{"play":79,"type":4,"after":1.9767355208398762,"before":1.6976187058134244,"parent":"c03039e2-b5e7-4894-a6d6-021069646788","subPlay":0},"created":"2021-03-19T12:06:37.595Z","season":13,"tournament":-1,"type":117,"day":91,"phase":6,"category":1,"description":"Alx Keming is Partying!","nuts":4}