{"id":"d5d87ce1-c8f4-47bf-94ce-40edcd5a1fef","playerTags":["167751d5-210c-4a6e-9568-e92d61bab185"],"teamTags":["979aee4a-6d80-4863-bf1c-ee1a78e06024"],"gameTags":["7de2dd11-55fd-4ea2-9bb9-c3acd1416cc7"],"metadata":{"play":289,"type":4,"after":3.2203988300934805,"before":2.9470459710482073,"parent":"0d9e5240-1807-45bd-bd75-49194c334727","subPlay":0},"created":"2021-04-09T18:25:00.254Z","season":14,"tournament":-1,"type":117,"day":97,"phase":6,"category":1,"description":"Jacob Winner is Partying!","nuts":3}