{"id":"d6837f1d-de17-430e-b9ca-d21e982874c6","playerTags":["63512571-2eca-4bc4-8ad9-a5308a22ae22"],"teamTags":["7966eb04-efcc-499b-8f03-d13916330531"],"gameTags":["af314f92-db43-4568-9504-61865d3e090b"],"metadata":{"play":391,"type":4,"after":2.606063664855906,"before":2.266029863677978,"parent":"873dba30-b3f3-457f-a518-a68ce2be95d4","subPlay":0},"created":"2021-03-05T18:34:16.177Z","season":11,"tournament":-1,"type":117,"day":96,"phase":6,"category":1,"description":"Oscar Dollie is Partying!","nuts":2}