{"id":"d68639dd-72f3-48c6-bfb5-bbf1b21954c4","playerTags":["bd24e18b-800d-4f15-878d-e334fb4803c4"],"teamTags":["b72f3061-f573-40d7-832a-5ad475bd7909"],"gameTags":["39b5d815-9a79-44e3-b754-b3764edb02d9"],"metadata":{"play":370,"type":4,"after":1.8623264243272168,"before":1.508272414700346,"parent":"076c472b-94a1-4643-abbf-f09693a7f0bd","subPlay":0},"created":"2021-03-05T11:32:18.363Z","season":11,"tournament":-1,"type":117,"day":89,"phase":6,"category":1,"description":"Helga Burton is Partying!","nuts":1}