{"id":"d73d6533-9759-471a-9e5c-b42d77768f4d","playerTags":["d86f836e-4edf-4dbd-9743-14f30461ee14"],"teamTags":["c73b705c-40ad-4633-a6ed-d357ee2e2bcf"],"gameTags":["f9ad295b-2cc0-4432-9b91-2c61d2c1691e"],"metadata":{"play":191,"type":4,"after":2.694717187054083,"before":2.4487756027606338,"parent":"20d28c55-44d3-4fea-98d2-9f4f0f75252b","subPlay":0},"created":"2021-03-12T20:16:14.497Z","season":12,"tournament":-1,"type":117,"day":98,"phase":6,"category":1,"description":"Lance Serotonin is Partying!","nuts":1}