{"id":"d78c3573-79a5-4bcb-b1e7-e32eed644074","playerTags":["7a75d626-d4fd-474f-a862-473138d8c376"],"teamTags":["979aee4a-6d80-4863-bf1c-ee1a78e06024"],"gameTags":["ea81dcc6-4eac-4013-9a47-2d3b767aef11"],"metadata":{"play":4,"type":4,"after":4.272716912753734,"before":4.055351648133431,"parent":"72cbd9ed-d35e-434b-89d5-86a698e0c442","subPlay":0},"created":"2021-04-09T11:00:16.331Z","season":14,"tournament":-1,"type":117,"day":90,"phase":6,"category":1,"description":"Beck Whitney is Partying!","nuts":3}