{"id":"d80454a1-87f7-4953-85b7-95ade06719b2","playerTags":["9c23702b-f0c2-4668-8bcc-61bbdbbfd93e"],"teamTags":["c73b705c-40ad-4633-a6ed-d357ee2e2bcf"],"gameTags":["b9d1ae2a-82ca-4620-9504-3bc53baed351"],"metadata":{"play":125,"type":4,"after":2.7295115207541207,"before":2.496514123490361,"parent":"98727325-42f6-41a2-9ab7-4e6edda0f4d1","subPlay":0},"created":"2021-04-09T18:10:29.276Z","season":14,"tournament":-1,"type":117,"day":97,"phase":6,"category":1,"description":"Grollis Zephyr is Partying!","nuts":1}