{"id":"d897286e-ce56-4b66-a895-24d4437706b8","playerTags":["27839754-c351-43ec-9bff-ca662a2385b9"],"teamTags":["bb4a9de5-c924-4923-a0cb-9d1445f1ee5d"],"gameTags":["f42fc7fd-ebf5-450c-94a9-47e0057c1059"],"metadata":{"play":166,"type":4,"after":3.466789740835659,"before":3.2425115324180616,"parent":"5c34931c-bd22-4ec4-8cab-8fb1ea4331bc","subPlay":0},"created":"2021-03-19T17:14:32.729Z","season":13,"tournament":-1,"type":117,"day":96,"phase":6,"category":1,"description":"Loubert Ji-Eun is Partying!","nuts":0}