{"id":"daba8b01-fdd5-434f-9663-42b2f8eb8c8f","playerTags":["56eba639-ea73-474d-bcee-ec68c0528b02"],"teamTags":["d9f89a8a-c563-493e-9d64-78e4f9a55d4a"],"gameTags":["6a79932c-2732-41cb-b374-4612e56b4685"],"metadata":{"play":42,"type":4,"after":2.859745933198058,"before":2.6109463417565024,"parent":"d292dca6-b263-4581-87f1-1021cd8660cc","subPlay":0},"created":"2021-04-09T17:03:32.324Z","season":14,"tournament":-1,"type":117,"day":96,"phase":6,"category":1,"description":"Ankle Halifax is Partying!","nuts":0}