{"id":"dc2f81c9-f702-4a2d-aec3-93b260e386a1","playerTags":["c675fcdf-6117-49a6-ac32-99a89a3a88aa"],"teamTags":["878c1bf6-0d21-4659-bfee-916c8314d69c"],"gameTags":["a67250be-b9b0-4481-8404-5a2998094ec9"],"metadata":{"play":94,"type":4,"after":3.258135567232456,"before":2.9317444737825333,"parent":"a68fd38a-629b-4da5-b4cd-c9d91b122f18","subPlay":0},"created":"2021-03-05T16:07:57.953Z","season":11,"tournament":-1,"type":117,"day":94,"phase":6,"category":1,"description":"Valentine Games is Partying!","nuts":3}