{"id":"dc3b375b-567c-496f-9dfe-c6b0b99e278d","playerTags":["3822990b-5ee0-404a-9e06-846bb29f3faf"],"teamTags":["bb4a9de5-c924-4923-a0cb-9d1445f1ee5d"],"gameTags":["6ae8752e-804e-4ded-acdf-2468cb3dc63e"],"metadata":{"play":218,"type":4,"after":2.9924641116938084,"before":2.7146172794896275,"parent":"85b6784a-6e26-4388-97c4-be2b03694043","subPlay":0},"created":"2021-04-09T13:18:31.085Z","season":14,"tournament":-1,"type":117,"day":92,"phase":6,"category":1,"description":"Cantus Hojo is Partying!","nuts":5}