{"id":"dc4d9a91-7683-4750-832c-f8840849ee66","playerTags":["94baa9ac-ff96-4f56-a987-10358e917d91"],"teamTags":["b72f3061-f573-40d7-832a-5ad475bd7909"],"gameTags":["15ed10e1-1434-49e5-ab0f-70145d707e51"],"metadata":{"play":12,"type":4,"after":4.130115716269209,"before":3.883108303185333,"parent":"fe796404-411d-435b-95b8-61d17170edc2","subPlay":0},"created":"2021-03-12T12:00:56.140Z","season":12,"tournament":-1,"type":117,"day":90,"phase":6,"category":1,"description":"Gabriel Griffith is Partying!","nuts":3}