{"id":"dcd3e14e-32e4-4c1f-8132-a5c4d99714d7","playerTags":["1068f44b-34a0-42d8-a92e-2be748681a6f"],"teamTags":["b024e975-1c4a-4575-8936-a3754a08806a"],"gameTags":["b2691a94-f4ae-41b9-be2d-ebdf85519871"],"metadata":{"play":230,"type":4,"after":2.525458874199392,"before":2.2766821085351476,"parent":"5fe0a48f-d2ac-4e5d-b563-a54b3cd2483f","subPlay":0},"created":"2021-03-05T19:20:21.343Z","season":11,"tournament":-1,"type":117,"day":97,"phase":6,"category":1,"description":"Allison Abbott is Partying!","nuts":0}