{"id":"ddf6497f-8e1d-4712-a832-d48545e10fe9","playerTags":["d6c69d2d-9344-4b19-85a4-6cfcbaead5d2"],"teamTags":["adc5b394-8f76-416d-9ce9-813706877b84"],"gameTags":["6980cc6c-da35-4eac-902b-531ba98e2cf1"],"metadata":{"play":308,"type":4,"after":3.0381669148384294,"before":2.7912442464667735,"parent":"45076a45-75fd-4845-b3f2-e5573c4ac7f6","subPlay":0},"created":"2021-03-12T16:25:57.579Z","season":12,"tournament":-1,"type":117,"day":94,"phase":6,"category":1,"description":"Joshua Watson is Partying!","nuts":1}