{"id":"de189b21-1a1b-4584-89a4-3e8fb5cb835f","playerTags":["de21c97e-f575-43b7-8be7-ecc5d8c4eaff"],"teamTags":["bb4a9de5-c924-4923-a0cb-9d1445f1ee5d"],"gameTags":["6c0fc8a3-bed3-419a-815a-4858c6ce23f2"],"metadata":{"play":46,"type":4,"after":3.1322394080729943,"before":2.8480468465053197,"parent":"4711ff13-3a2a-4092-b8af-49cd7bbee948","subPlay":0},"created":"2021-03-12T03:03:51.657Z","season":12,"tournament":-1,"type":117,"day":81,"phase":6,"category":1,"description":"Pitching Machine is Partying!","nuts":0}