{"id":"df3222f5-d0f7-4868-90a5-19a01db053de","playerTags":["678170e4-0688-436d-a02d-c0467f9af8c0"],"teamTags":["a37f9158-7f82-46bc-908c-c9e2dda7c33b"],"gameTags":["e5b4308b-9df9-4c59-8873-37bbb55b7f2b"],"metadata":{"play":291,"type":4,"after":2.667823714760659,"before":2.448835259556847,"parent":"4e0efda1-4734-420e-bc58-69edb14810da","subPlay":0},"created":"2021-03-19T19:25:34.612Z","season":13,"tournament":-1,"type":117,"day":98,"phase":6,"category":1,"description":"Baby Doyle is Partying!","nuts":13}