{"id":"df55de33-16da-4d69-b86a-a73aeff69669","playerTags":["7a75d626-d4fd-474f-a862-473138d8c376"],"teamTags":["979aee4a-6d80-4863-bf1c-ee1a78e06024"],"gameTags":["4163fa5c-ea14-42df-8812-7bf5d889e063"],"metadata":{"play":144,"type":4,"after":4.705426402888649,"before":4.492787978213499,"parent":"d15c292b-8cd3-40e0-9f55-77be9cec319f","subPlay":0},"created":"2021-04-09T19:12:00.211Z","season":14,"tournament":-1,"type":117,"day":98,"phase":6,"category":1,"description":"Beck Whitney is Partying!","nuts":6}