{"id":"e04fbb7f-2a28-4305-ad18-d88e8ded7d40","playerTags":["4f328502-d347-4d2c-8fad-6ae59431d781"],"teamTags":["a37f9158-7f82-46bc-908c-c9e2dda7c33b"],"gameTags":["ed28e440-672c-4893-8acb-688007e5144c"],"metadata":{"play":67,"type":4,"after":1.2268865973915941,"before":0.8168553474245722,"parent":"528bbd84-72a8-4527-8ca2-17a4ce8585c5","subPlay":0},"created":"2021-03-12T19:05:32.642Z","season":12,"tournament":-1,"type":117,"day":97,"phase":6,"category":1,"description":"Stephens Lightner is Partying!","nuts":0}