{"id":"e15834dd-b2db-4a32-9261-9ec924a733ff","playerTags":["042962c8-4d8b-44a6-b854-6ccef3d82716"],"teamTags":["b024e975-1c4a-4575-8936-a3754a08806a"],"gameTags":["1580d7b6-ef30-40ee-8fc8-eae417b37fbc"],"metadata":{"play":282,"type":4,"after":3.167527434563488,"before":2.9319869130487586,"parent":"329b733c-b99e-41f1-b1d7-44abeb59d31a","subPlay":0},"created":"2021-03-05T11:24:01.866Z","season":11,"tournament":-1,"type":117,"day":89,"phase":6,"category":1,"description":"Ronan Jaylee is Partying!","nuts":2}