{"id":"e36d08d9-16cb-4b85-bf70-d1b780aa3dfb","playerTags":["03f920cc-411f-44ef-ae66-98a44e883291"],"teamTags":["bfd38797-8404-4b38-8b82-341da28b1f83"],"gameTags":["9d9cccfb-1184-4c13-a9ec-60a153dd89c1"],"metadata":{"play":358,"type":4,"after":2.4444864443935717,"before":2.1462986682281158,"parent":"054df717-848b-4e1a-aec4-1473ab19d92a","subPlay":0},"created":"2021-03-05T13:30:34.371Z","season":11,"tournament":-1,"type":117,"day":91,"phase":6,"category":1,"description":"Cornelius Games is Partying!","nuts":1}