{"id":"e468c074-3759-44a6-aee3-79a1a466848f","playerTags":["266abcc0-8abc-4570-b32e-e5668e5d38f3"],"teamTags":["46358869-dce9-4a01-bfba-ac24fc56f57e"],"gameTags":["d329df99-f164-4899-8f91-a93e2e4dd65f"],"metadata":{"play":22,"type":4,"after":3.700551723555521,"before":3.4556305072048623,"parent":"05478066-55a2-4cb7-ae94-81edb74a5380","subPlay":0},"created":"2021-04-09T13:01:46.930Z","season":14,"tournament":-1,"type":117,"day":92,"phase":6,"category":1,"description":"Zoey Kirchner is Partying!","nuts":9}