{"id":"e6ae68ff-57af-4b6a-8626-ab3abd1b251c","playerTags":["04931546-1b4a-469f-b391-7ed67afe824c"],"teamTags":["3f8bbb15-61c0-4e3f-8e4a-907a5fb1565e"],"gameTags":["fd26b8b2-2cfe-4f8e-9143-695133ae4c1c"],"metadata":{"play":301,"type":0,"after":0.7039161828960596,"before":0.606492420692574,"parent":"ab4cddb9-ca3c-4145-bd8d-498da24f4c8b","subPlay":1},"created":"2021-03-03T18:26:00.541Z","season":11,"tournament":-1,"type":117,"day":49,"phase":4,"category":1,"description":"Glabe Moon drained blood from Conner Haley.","nuts":1}