{"id":"e6d23dd9-4507-4606-a2d1-fb852a5054b0","playerTags":["c182f33c-aea5-48a2-97ed-dc74fa29b3c0"],"teamTags":["ca3f1c8c-c025-4d8e-8eef-5be6accbeb16"],"gameTags":["8fc05732-2752-4ea2-91da-68d62084c9e4"],"metadata":{"play":224,"type":4,"after":3.143001608314624,"before":2.929956599337734,"parent":"9e66137b-eb44-4e61-9ef2-819aa624d2f4","subPlay":0},"created":"2021-04-09T19:18:47.113Z","season":14,"tournament":-1,"type":117,"day":98,"phase":6,"category":1,"description":"Swamuel Mora is Partying!","nuts":9}