{"id":"e79f48ec-8756-43c8-917a-52efa51c53fd","playerTags":["20e13b56-599b-4a22-b752-8059effc81dc"],"teamTags":["ca3f1c8c-c025-4d8e-8eef-5be6accbeb16"],"gameTags":["04616912-20ac-4eba-a57f-7b27ea165a87"],"metadata":{"play":109,"type":4,"after":3.7984372532950896,"before":3.556101791999649,"parent":"0b604ff8-af3f-4a4c-945d-43a84f7c745a","subPlay":0},"created":"2021-04-09T16:09:22.634Z","season":14,"tournament":-1,"type":117,"day":95,"phase":6,"category":1,"description":"Lou Roseheart is Partying!","nuts":14}