{"id":"e7e6edc5-3ed6-4eb5-a607-0eb0ceca01fc","playerTags":["ccd6068b-2735-4072-bfe5-571a5d57c285"],"teamTags":["bb4a9de5-c924-4923-a0cb-9d1445f1ee5d"],"gameTags":["b508b99f-4611-4647-9d99-3d7456477d94"],"metadata":{"play":123,"type":4,"after":2.1772659054870034,"before":1.8709486366814887,"parent":"eb428a78-7dd8-4d37-a9f2-12dc5b592fd3","subPlay":0},"created":"2021-03-12T10:10:28.235Z","season":12,"tournament":-1,"type":117,"day":88,"phase":6,"category":1,"description":"Ephraim Ladd is Partying!","nuts":0}