{"id":"e8469609-19d7-4ba3-ab43-ef37b9002e26","playerTags":["91f5298e-a2ec-4f54-a541-1818702d1b6d"],"teamTags":["d9f89a8a-c563-493e-9d64-78e4f9a55d4a"],"gameTags":["2de4638a-d95a-4a8c-9c2b-01519a46c74b"],"metadata":{"play":227,"type":4,"after":2.3641800978307415,"before":2.0816212547761803,"parent":"b69d9025-5fe9-4b46-8dd1-afbec750c309","subPlay":0},"created":"2021-03-19T18:19:38.692Z","season":13,"tournament":-1,"type":117,"day":97,"phase":6,"category":1,"description":"Mint Shupe is Partying!","nuts":4}