{"id":"e8ea5fa0-96b2-4fdb-bca0-60470c015f70","playerTags":["7e9a514a-7850-4ed0-93ab-f3a6e2f41c03"],"teamTags":["105bc3ff-1320-4e37-8ef0-8d595cb95dd0"],"gameTags":["68957dd1-6f96-4465-be4b-4658f0586736"],"metadata":{"play":210,"type":4,"after":2.5560547510271805,"before":2.269150850428474,"parent":"41ce744c-f1e0-40e6-8c2c-99ba24527259","subPlay":0},"created":"2021-04-09T05:18:04.582Z","season":14,"tournament":-1,"type":117,"day":84,"phase":6,"category":1,"description":"Nolanestophia Patterson is Partying!","nuts":3}