{"id":"e9e26dbe-7632-40e1-b28c-f9003b23d46b","playerTags":["b323f897-ccf9-4200-8870-249cbe19f904"],"teamTags":["23e4cbc1-e9cd-47fa-a35b-bfa06f726cb7"],"gameTags":["6a8ca967-7821-48d0-a7db-ba7aeed9e71e"],"metadata":{"play":76,"type":4,"after":2.84142451813915,"before":2.5991670944479384,"parent":"01c68e73-baa0-422d-a510-25b302997355","subPlay":0},"created":"2021-03-12T11:06:22.501Z","season":12,"tournament":-1,"type":117,"day":89,"phase":6,"category":1,"description":"Huber Frumple is Partying!","nuts":2}