{"id":"ea06645c-3e73-4dae-9ad4-fbe24a00dd6d","playerTags":["0f61d948-4f0c-4550-8410-ae1c7f9f5613"],"teamTags":["a37f9158-7f82-46bc-908c-c9e2dda7c33b"],"gameTags":["c434159f-c7ce-4d40-b801-250855f5a503"],"metadata":{"play":385,"type":4,"after":2.6394353285100616,"before":2.3715993315754815,"parent":"e244e446-11e0-43d6-85e0-a73112dc3b87","subPlay":0},"created":"2021-03-12T11:32:53.216Z","season":12,"tournament":-1,"type":117,"day":89,"phase":6,"category":1,"description":"Tamara Crankit is Partying!","nuts":3}