{"id":"eb8ef738-6f85-4c73-9069-2ca6871a96a0","playerTags":["11de4da3-8208-43ff-a1ff-0b3480a0fbf1"],"teamTags":["b72f3061-f573-40d7-832a-5ad475bd7909"],"gameTags":["f93f5752-aab4-4972-980f-a57cc70fb37b"],"metadata":{"play":226,"type":4,"after":3.8590008880291204,"before":3.6333075999240325,"parent":"8b0c8e9c-48ea-419f-afdc-5a2f0f2c228f","subPlay":0},"created":"2021-03-12T10:19:05.708Z","season":12,"tournament":-1,"type":117,"day":88,"phase":6,"category":1,"description":"Don Mitchell is Partying!","nuts":5}