{"id":"ebeea932-3cca-48d7-964e-7c0dc9c361f7","playerTags":["2f85d731-81ed-4a07-9e01-e93f1786a366"],"teamTags":["46358869-dce9-4a01-bfba-ac24fc56f57e"],"gameTags":["fcc5bf82-6426-47c8-a29c-f597e328c682"],"metadata":{"play":122,"type":4,"after":2.0499894889345835,"before":1.797640545466136,"parent":"0807078c-59b8-458b-a0b7-0ce61a8aea06","subPlay":0},"created":"2021-03-12T18:10:22.902Z","season":12,"tournament":-1,"type":117,"day":96,"phase":6,"category":1,"description":"Bees Taswell is Partying!","nuts":1}