{"id":"ed149787-88c6-4606-b901-66eb5ad0883f","playerTags":["9f218ed1-d793-437d-a1b9-79f88f69154d"],"teamTags":["c73b705c-40ad-4633-a6ed-d357ee2e2bcf"],"gameTags":["962cfad6-1a6b-4618-8727-2a0df5fabc85"],"metadata":{"play":284,"type":4,"after":2.2839331663171234,"before":2.013328079328115,"parent":"6ada847b-3102-4835-b8b2-f8f8812613cb","subPlay":0},"created":"2021-03-12T08:24:15.718Z","season":12,"tournament":-1,"type":117,"day":86,"phase":6,"category":1,"description":"Lotus Mango is Partying!","nuts":1}