{"id":"ed5bb044-ae4b-40c8-a57f-2453d44ac4b1","playerTags":["99766c1b-c590-4261-b1b7-3e9c7fc35608"],"teamTags":["46358869-dce9-4a01-bfba-ac24fc56f57e"],"gameTags":["af0366b4-139e-46c8-bce3-5f41b9648e87"],"metadata":{"play":85,"type":4,"after":2.3554046034303155,"before":2.0931785773672495,"parent":"0bcb79ee-ce41-41b0-a7c6-abb86fc4345b","subPlay":0},"created":"2021-03-12T10:07:07.883Z","season":12,"tournament":-1,"type":117,"day":88,"phase":6,"category":1,"description":"Jasper Blather is Partying!","nuts":1}