{"id":"ede5f3a0-8f5a-4b52-8431-c0d237e2341e","playerTags":["fa477c92-39b6-4a52-b065-40af2f29840a"],"teamTags":["bfd38797-8404-4b38-8b82-341da28b1f83"],"gameTags":["eeb69592-511f-428c-b9aa-ef0dba6a5e8a"],"metadata":{"play":208,"type":4,"after":2.291810940949291,"before":2.0322180963787924,"parent":"75e3270c-8219-4411-be68-f806201481be","subPlay":0},"created":"2021-03-12T19:17:25.962Z","season":12,"tournament":-1,"type":117,"day":97,"phase":6,"category":1,"description":"Howell Franklin is Partying!","nuts":12}