{"id":"efb458e0-cacb-4f70-81b0-72a4c44575b5","playerTags":["f7847de2-df43-4236-8dbe-ae403f5f3ab3"],"teamTags":["bfd38797-8404-4b38-8b82-341da28b1f83"],"gameTags":["c331efe0-fc08-4a7d-8796-4f88327bd0cc"],"metadata":{"play":164,"type":4,"after":3.0640127305775113,"before":2.820069694172304,"parent":"725711f0-ba20-4b63-ace2-32dd5cfffb49","subPlay":0},"created":"2021-03-05T11:13:59.318Z","season":11,"tournament":-1,"type":117,"day":89,"phase":6,"category":1,"description":"Blood Hamburger is Partying!","nuts":1}