{"id":"eff4cfbb-a48f-494e-aee9-a7df818a13ab","playerTags":["ebe6ac02-3b83-4da8-b1e5-f89053bbd5c8"],"teamTags":["d9f89a8a-c563-493e-9d64-78e4f9a55d4a"],"gameTags":["0a056e29-6713-4218-bf98-c7d68b45e67e"],"metadata":{"play":173,"type":4,"after":3.402643366770715,"before":3.18201969729044,"parent":"58f55f9a-568c-4031-82e6-8757a33fdd05","subPlay":0},"created":"2021-04-09T07:14:34.879Z","season":14,"tournament":-1,"type":117,"day":86,"phase":6,"category":1,"description":"Jan Canberra is Partying!","nuts":5}