{"id":"f0073bc2-e9f3-41c6-835e-b7481256dd1b","playerTags":["28964497-0efe-420c-9c1d-8574f224a4e9"],"teamTags":["3f8bbb15-61c0-4e3f-8e4a-907a5fb1565e"],"gameTags":["e84461f5-39c5-4c1d-944c-5964cc7cdca6"],"metadata":{"play":228,"type":4,"after":2.4530527402227245,"before":2.221871831845651,"parent":"393e8a48-ac97-476f-b12b-f35bc2e24ac5","subPlay":0},"created":"2021-04-09T13:19:16.460Z","season":14,"tournament":-1,"type":117,"day":92,"phase":6,"category":1,"description":"Inez Owens is Partying!","nuts":3}