{"id":"f015ac12-324f-4c3f-a668-7b33f02dbfa2","playerTags":["11de4da3-8208-43ff-a1ff-0b3480a0fbf1"],"teamTags":["b72f3061-f573-40d7-832a-5ad475bd7909"],"gameTags":["27415597-00ee-4b69-b0d0-c0dc32626b56"],"metadata":{"play":278,"type":4,"after":3.6333075999240325,"before":3.3826510242802224,"parent":"24de4c74-a35d-4eae-96aa-caf20afff872","subPlay":0},"created":"2021-03-05T09:24:24.438Z","season":11,"tournament":-1,"type":117,"day":87,"phase":6,"category":1,"description":"Don Mitchell is Partying!","nuts":3}