{"id":"f27ea35c-b37e-4d81-92f1-e3341bdcf327","playerTags":["13a05157-6172-4431-947b-a058217b4aa5"],"teamTags":["979aee4a-6d80-4863-bf1c-ee1a78e06024"],"gameTags":["0c09dab4-36b8-4f39-96ca-33b0969ce305"],"metadata":{"play":113,"type":4,"after":2.159498992216208,"before":1.8940632610755108,"parent":"fb7d7262-5e55-4838-b932-0c542ad4ec91","subPlay":0},"created":"2021-04-09T15:09:33.701Z","season":14,"tournament":-1,"type":117,"day":94,"phase":6,"category":1,"description":"Spears Taylor is Partying!","nuts":4}