{"id":"f478ba5f-b7b7-453e-bebc-4e7b148d2239","playerTags":["89ec77d8-c186-4027-bd45-f407b4800c2c"],"teamTags":["7966eb04-efcc-499b-8f03-d13916330531"],"gameTags":["9d9cccfb-1184-4c13-a9ec-60a153dd89c1"],"metadata":{"play":328,"type":4,"after":3.189369628678546,"before":2.964161551218561,"parent":"9ec645c6-f294-4c8c-b99b-ddfc686cf15e","subPlay":0},"created":"2021-03-05T13:28:03.411Z","season":11,"tournament":-1,"type":117,"day":91,"phase":6,"category":1,"description":"James Mora is Partying!","nuts":3}