{"id":"f505a298-5b91-4823-8dd4-cf0ab4070626","playerTags":["405dfadf-d435-4307-82f6-8eba2287e87a"],"teamTags":["23e4cbc1-e9cd-47fa-a35b-bfa06f726cb7"],"gameTags":["6089571b-6a64-437b-9249-46febb5c6329"],"metadata":{"play":198,"type":4,"after":3.597072249957045,"before":3.3721559357309885,"parent":"1939e12e-48c8-461b-9e0e-3ef020295815","subPlay":0},"created":"2021-04-09T16:16:54.641Z","season":14,"tournament":-1,"type":117,"day":95,"phase":6,"category":1,"description":"Jaxon B-ck-ey is Partying!","nuts":4}