{"id":"f5379a35-f8d5-49a0-9850-77aa0c341873","playerTags":["8cd06abf-be10-4a35-a3ab-1a408a329147"],"teamTags":["3f8bbb15-61c0-4e3f-8e4a-907a5fb1565e"],"gameTags":["d022b5e3-3ab2-48e9-baae-85cc48e3d01a"],"metadata":{"play":80,"type":4,"after":2.507003630298495,"before":2.25137685072641,"parent":"de5a364d-1843-432d-b959-729bb00efb58","subPlay":0},"created":"2021-03-05T15:06:42.946Z","season":11,"tournament":-1,"type":117,"day":93,"phase":6,"category":1,"description":"Gloria Bugsnax is Partying!","nuts":2}