{"id":"f5c514d6-dd40-4d9c-88c9-2a63668691fa","playerTags":["c549f280-82ba-4d8e-a4ce-c49e56461fb6"],"teamTags":["c73b705c-40ad-4633-a6ed-d357ee2e2bcf"],"gameTags":["ee9d80d9-5041-4c1c-a439-e2021d75b276"],"metadata":{"play":43,"type":4,"after":2.3163043163071313,"before":2.0743235371166646,"parent":"e687bb98-41ed-457f-9084-ec437113bfb1","subPlay":0},"created":"2021-03-12T00:03:31.898Z","season":12,"tournament":-1,"type":117,"day":78,"phase":6,"category":1,"description":"Val Hitherto is Partying!","nuts":1}