{"id":"f5cad3eb-d2eb-4d14-9726-3f3286a87be5","playerTags":["57a19a22-f2cd-4e59-aa84-15cb0af30ba3"],"teamTags":["bb4a9de5-c924-4923-a0cb-9d1445f1ee5d"],"gameTags":["dffe241d-c213-44a7-a228-d235f4eb0b03"],"metadata":{"play":238,"type":4,"after":2.5026111007281604,"before":2.2588274757662603,"parent":"ee9dd84b-879f-4367-907d-fee1afb3afea","subPlay":0},"created":"2021-03-12T06:20:10.647Z","season":12,"tournament":-1,"type":117,"day":84,"phase":6,"category":1,"description":"Vessalius Sundae is Partying!","nuts":0}