{"id":"f5dc2b9b-c545-461d-bdbe-8b61c4870b09","playerTags":["19241aa4-38e3-45ed-9750-68f4401f80e1"],"teamTags":["c73b705c-40ad-4633-a6ed-d357ee2e2bcf"],"gameTags":["f9ad295b-2cc0-4432-9b91-2c61d2c1691e"],"metadata":{"play":52,"type":4,"after":2.733723522583272,"before":2.4913542261401305,"parent":"2b7fd675-fe75-416e-94af-6be11398546e","subPlay":0},"created":"2021-03-12T20:04:22.004Z","season":12,"tournament":-1,"type":117,"day":98,"phase":6,"category":1,"description":"Ayanna Dumpington is Partying!","nuts":0}