{"id":"f6d9a3bf-7dbc-46f8-9c38-9e9d51258a28","playerTags":["15d3a844-df6b-4193-a8f5-9ab129312d8d"],"teamTags":["bfd38797-8404-4b38-8b82-341da28b1f83"],"gameTags":["f5e829ce-8c73-41ca-9b73-4aeee47fdaec"],"metadata":{"play":86,"type":4,"after":2.325299067913641,"before":1.9877761491255117,"parent":"a235e4a5-2de7-42d6-a438-a68b33b00c3a","subPlay":0},"created":"2021-03-12T18:07:12.641Z","season":12,"tournament":-1,"type":117,"day":96,"phase":6,"category":1,"description":"Sebastian Woodman is Partying!","nuts":0}