{"id":"f73bf36f-0a71-4ce5-b7e5-1fd9a97ecfe8","playerTags":["5a26fc61-d75d-4c01-9ce2-1880ffb5550f"],"teamTags":["b63be8c2-576a-4d6e-8daf-814f8bcea96f"],"gameTags":["7d3ced3e-5e58-4670-b4b2-7fd5b1471d32"],"metadata":{"play":57,"type":4,"after":2.1164974607474285,"before":1.7994019602620832,"parent":"3cec8295-3bf7-4d51-8d26-6ea481ab8f1d","subPlay":0},"created":"2021-03-05T20:05:01.337Z","season":11,"tournament":-1,"type":117,"day":98,"phase":6,"category":1,"description":"Randy Dennis is Partying!","nuts":0}