{"id":"f929bd87-97fb-4307-ba61-b82d4ed8282f","playerTags":["04e14d7b-5021-4250-a3cd-932ba8e0a889"],"teamTags":["105bc3ff-1320-4e37-8ef0-8d595cb95dd0"],"gameTags":["fb88756a-6aa1-4ec5-b988-0a1285e045f3"],"metadata":{"play":129,"type":4,"after":2.224824172683491,"before":1.9380740081731687,"parent":"68cd465e-21bd-4d89-a274-0767f025373b","subPlay":0},"created":"2021-03-12T17:10:58.250Z","season":12,"tournament":-1,"type":117,"day":95,"phase":6,"category":1,"description":"Jaylen Hotdogfingers is Partying!","nuts":13}