{"id":"fa07bf37-942b-4f3e-b6dd-51021c05b845","playerTags":["7d388846-8f4c-407f-aacb-b844d2561c5e"],"teamTags":["b024e975-1c4a-4575-8936-a3754a08806a"],"gameTags":["9a3c8e44-21e6-449c-be1e-bebd6387136f"],"metadata":{"play":240,"type":4,"after":2.0482703959337933,"before":1.7237175590310474,"parent":"881107dd-3d78-453e-adde-7c02c521678b","subPlay":0},"created":"2021-03-05T20:20:54.025Z","season":11,"tournament":-1,"type":117,"day":98,"phase":6,"category":1,"description":"Kit Adamses is Partying!","nuts":1}