{"id":"fa3ad1e0-6c5f-4451-96cd-77254bb5e45a","playerTags":["72ca8ed5-a8c7-4571-9745-80de5a49b2d1"],"teamTags":["f02aeae2-5e6a-4098-9842-02d2273f25c7"],"gameTags":["32316db8-f145-43a4-b68e-8b14c0c2b135"],"metadata":{"play":25,"type":4,"after":1.4499303862292003,"before":1.178954689777234,"parent":"3431901d-49cd-47d3-ae8c-5df6de58f1f2","subPlay":0},"created":"2021-03-12T20:02:01.668Z","season":12,"tournament":-1,"type":117,"day":98,"phase":6,"category":1,"description":"Kaj Statter Jr. is Partying!","nuts":3}