{"id":"fbed9ce0-7f66-4a78-bdb9-8012d591cde9","playerTags":["338694b7-6256-4724-86b6-3884299a5d9e"],"teamTags":["46358869-dce9-4a01-bfba-ac24fc56f57e"],"gameTags":["d0ee54ba-3913-4b87-b1dd-15753c20d89b"],"metadata":{"play":216,"type":4,"after":2.8157653138176983,"before":2.5212412132820576,"parent":"9d585922-0c04-4398-a854-75a1c38f93fa","subPlay":0},"created":"2021-03-12T13:18:20.191Z","season":12,"tournament":-1,"type":117,"day":91,"phase":6,"category":1,"description":"PolkaDot Patterson is Partying!","nuts":6}