{"id":"fc6b3988-69e7-4166-a1a5-5533b0b3e9b5","playerTags":["0ef1bc34-64ee-4c7b-8be2-88322b407a58"],"teamTags":["d9f89a8a-c563-493e-9d64-78e4f9a55d4a"],"gameTags":["db643943-e5aa-4c35-b4c8-f1b432d5c046"],"metadata":{"play":37,"type":4,"after":1.9895237742639758,"before":1.7478812024667234,"parent":"d5993b37-2fe9-4662-83c9-f352dff2c974","subPlay":0},"created":"2021-03-12T06:03:06.472Z","season":12,"tournament":-1,"type":117,"day":84,"phase":6,"category":1,"description":"Geraldine Frost is Partying!","nuts":1}