{"id":"fc80a7f4-590f-41f8-94a7-c686303de735","playerTags":["f9930cb1-7ed2-4b9a-bf4f-7e35f2586d71"],"teamTags":["8d87c468-699a-47a8-b40d-cfb73a5660ad"],"gameTags":["c71120c0-9104-4914-be57-161ed15a3cdb"],"metadata":{"play":74,"type":4,"after":2.5733408183510442,"before":2.2898306440112974,"parent":"7cb7d49b-04ef-45f0-b521-ca48a0fac762","subPlay":0},"created":"2021-03-19T18:06:17.223Z","season":13,"tournament":-1,"type":117,"day":97,"phase":6,"category":1,"description":"Finn James is Partying!","nuts":4}