{"id":"fd6b94f1-415c-4382-82e6-6d7211d35a41","playerTags":["f38c5d80-093f-46eb-99d6-942aa45cd921"],"teamTags":["36569151-a2fb-43c1-9df7-2df512424c82"],"gameTags":["3de02fa4-f3d9-4ca7-9fc9-dbae8f7ada67"],"metadata":{"play":223,"type":4,"after":2.977648774760305,"before":2.7467739967514477,"parent":"ecf765a3-cc54-4b2d-93e3-42a57458f151","subPlay":0},"created":"2021-03-19T18:19:09.608Z","season":13,"tournament":-1,"type":117,"day":97,"phase":6,"category":1,"description":"Andrew Solis is Partying!","nuts":2}