{"id":"fe237cca-0546-4f0f-9de5-3af98ae60913","playerTags":["a1fba555-a48c-44f3-afb6-522ea256947c"],"teamTags":["46358869-dce9-4a01-bfba-ac24fc56f57e"],"gameTags":["a4d22ade-f313-425f-b665-9e48e5000540"],"metadata":{"play":41,"type":4,"after":2.7711513241639256,"before":2.53670646019593,"parent":"a23b542e-cf7c-4311-9152-93d9e583ebb1","subPlay":0},"created":"2021-04-09T15:03:27.005Z","season":14,"tournament":-1,"type":117,"day":94,"phase":6,"category":1,"description":"Mindy Kugel is Partying!","nuts":2}