{"id":"fe5047d3-b432-4e33-9772-97506bc33fb5","playerTags":["57290370-6723-4d33-929e-b4fc190e6a9a"],"teamTags":["adc5b394-8f76-416d-9ce9-813706877b84"],"gameTags":["2b934e5d-3ee4-4d6a-8ac3-9efb690ed69c"],"metadata":{"play":224,"type":4,"after":3.075623252325967,"before":2.8163692169013874,"parent":"1901825c-6983-46b6-8b08-145a755f3178","subPlay":0},"created":"2021-03-05T16:19:10.456Z","season":11,"tournament":-1,"type":117,"day":94,"phase":6,"category":1,"description":"Mooney Doctor II is Partying!","nuts":1}