{"id":"feb334f2-51b4-4f8d-881f-0959fb6a0f74","playerTags":["2f3d7bc7-6ffb-40c3-a94f-5e626be413c9"],"teamTags":["a37f9158-7f82-46bc-908c-c9e2dda7c33b"],"gameTags":["b9d1ae2a-82ca-4620-9504-3bc53baed351"],"metadata":{"play":115,"type":4,"after":1.7705364312251262,"before":1.423939422870878,"parent":"918e699f-8500-4e6a-a79b-8adc2f5ca1a1","subPlay":0},"created":"2021-04-09T18:09:38.998Z","season":14,"tournament":-1,"type":117,"day":97,"phase":6,"category":1,"description":"Elijah Valenzuela is Partying!","nuts":1}