{"id":"ff0f50d7-f2a3-4ad7-ad3a-9f44d8459782","playerTags":["15d3a844-df6b-4193-a8f5-9ab129312d8d"],"teamTags":["bfd38797-8404-4b38-8b82-341da28b1f83"],"gameTags":["b25f256f-d84d-4ddf-a387-757c78b9e6b3"],"metadata":{"play":113,"type":4,"after":1.9877761491255117,"before":1.6442257983431794,"parent":"cfd8dd32-843f-4692-9787-d2d37b3039a4","subPlay":0},"created":"2021-03-05T14:09:28.744Z","season":11,"tournament":-1,"type":117,"day":92,"phase":6,"category":1,"description":"Sebastian Woodman is Partying!","nuts":0}