{"id":"ff137205-bcbd-46b0-809a-8246f651c724","playerTags":["020ed630-8bae-4441-95cc-0e4ecc27253b"],"teamTags":["bfd38797-8404-4b38-8b82-341da28b1f83"],"gameTags":["055028c9-60d6-419c-9570-2801b7c9f05b"],"metadata":{"play":191,"type":4,"after":2.185191901690237,"before":1.9457376108662672,"parent":"3c8815b2-376b-49e3-b4c2-32c3190c6685","subPlay":0},"created":"2021-03-12T12:16:04.985Z","season":12,"tournament":-1,"type":117,"day":90,"phase":6,"category":1,"description":"Simon Haley is Partying!","nuts":0}