{"id":"ff1808fd-8d28-4b6d-9b58-2f971ed18fce","playerTags":["c07ab5a8-ece3-4c4d-b2d2-98e3a7cf864f"],"teamTags":["57ec08cc-0411-4643-b304-0e80dbc15ac7"],"gameTags":["5d490ab1-73bc-4a66-a2f9-d6a71b90fe17"],"metadata":{"play":221,"type":4,"after":2.4498998149170665,"before":2.1761768049985393,"parent":"a70452bc-33fa-4ee7-afa0-fa93c5c64e61","subPlay":0},"created":"2021-04-09T15:18:36.662Z","season":14,"tournament":-1,"type":117,"day":94,"phase":6,"category":1,"description":"Wichita Toaster is Partying!","nuts":1}