{"id":"ff35751e-cfec-4f75-bbcd-ca85ce648739","playerTags":["09f2787a-3352-41a6-8810-d80e97b253b5"],"teamTags":["7966eb04-efcc-499b-8f03-d13916330531"],"gameTags":["b94dfe15-6444-4d42-b288-475c304dcfad"],"metadata":{"play":27,"type":4,"after":3.3228150664092375,"before":3.077732500309367,"parent":"b9c9ddb4-442e-4b4c-a4f3-ef2c74533c7c","subPlay":0},"created":"2021-03-05T19:02:16.463Z","season":11,"tournament":-1,"type":117,"day":97,"phase":6,"category":1,"description":"Curry Aliciakeyes is Partying!","nuts":0}