{"id":"ffb7bb89-f75d-4cc3-a177-cd2978b17b54","playerTags":["1a93a2d2-b5b6-479b-a595-703e4a2f3885"],"teamTags":["8d87c468-699a-47a8-b40d-cfb73a5660ad"],"gameTags":["630d926a-a868-42fd-837e-eacac827054f"],"metadata":{"play":217,"type":4,"after":3.235747343374223,"before":2.978994775737527,"parent":"580a2472-d095-4659-b69f-149fd2642990","subPlay":0},"created":"2021-03-19T10:18:15.563Z","season":13,"tournament":-1,"type":117,"day":89,"phase":6,"category":1,"description":"Pedro Davids is Partying!","nuts":1}