{"id":"00ad3e0f-d021-4b89-a888-6052b6adbb83","playerTags":["817dee99-9ccf-4f41-84e3-dc9773237bc8"],"teamTags":["a37f9158-7f82-46bc-908c-c9e2dda7c33b"],"gameTags":["110c6196-5183-478d-af01-46bd99f05f65"],"metadata":{"play":59,"type":4,"after":1.920725606072116,"before":2.6741554201742206,"parent":"7b189c09-49c0-43d6-86d9-66bbf0b0b803","subPlay":0},"created":"2021-03-03T11:05:01.796Z","season":11,"tournament":-1,"type":118,"day":42,"phase":4,"category":1,"description":"Holden Stanton had an allergic reaction.","nuts":0}