{"id":"0173467e-b6d0-4f16-87b1-0f31e18d9f29","playerTags":["a1628d97-16ca-4a75-b8df-569bae02bef9"],"teamTags":["36569151-a2fb-43c1-9df7-2df512424c82"],"gameTags":["9b231463-979d-41d7-9ee0-65e7d7209682"],"metadata":{"play":413,"type":4,"after":0.011858893021462417,"before":0.011858893021462417,"parent":"dcc42544-18cc-49db-bf67-20c7ad3e7a2f","subPlay":0},"created":"2021-04-13T13:36:30.688Z","season":15,"tournament":-1,"type":118,"day":21,"phase":2,"category":1,"description":"CONSUMERS ATTACK\nCHORBY SOUL","nuts":65}