{"id":"0266ba6b-5700-45ce-8288-911b487580ec","playerTags":["a1628d97-16ca-4a75-b8df-569bae02bef9"],"teamTags":["105bc3ff-1320-4e37-8ef0-8d595cb95dd0"],"gameTags":["2a291828-e5c9-4867-9a1a-42fcd8254d82"],"metadata":{"play":192,"type":4,"after":0.011858893021462417,"before":0.011858893021462417,"parent":"83c26b77-5548-4212-963e-9e42da4c36eb","subPlay":0},"created":"2021-04-06T16:16:28.641Z","season":14,"tournament":-1,"type":118,"day":25,"phase":2,"category":1,"description":"CONSUMERS ATTACK\nCHORBY SOUL","nuts":93}