{"id":"02675a55-51d6-4760-a41e-578cd315981e","playerTags":["a1628d97-16ca-4a75-b8df-569bae02bef9"],"teamTags":["105bc3ff-1320-4e37-8ef0-8d595cb95dd0"],"gameTags":["0723339c-8613-4a8e-b3e7-7f98b04267f7"],"metadata":{"play":253,"type":4,"after":0.011858893021462417,"before":0.011858893021462417,"parent":"c6a70143-bf28-4954-b7e2-4236e4fa9996","subPlay":0},"created":"2021-04-06T13:21:30.692Z","season":14,"tournament":-1,"type":118,"day":22,"phase":2,"category":1,"description":"CONSUMERS ATTACK\nCHORBY SOUL","nuts":79}