{"id":"02bf24e9-ee74-4f7a-8252-08b316d01a15","playerTags":["a1628d97-16ca-4a75-b8df-569bae02bef9"],"teamTags":["36569151-a2fb-43c1-9df7-2df512424c82"],"gameTags":["82cef8cb-d89c-4216-9a55-69498cfdb7f0"],"metadata":{"play":127,"type":4,"after":0.011858893021462417,"before":0.011858893021462417,"parent":"71e97d46-bc24-4060-adf2-d15ba2268c6a","subPlay":0},"created":"2021-04-15T10:10:48.325Z","season":15,"tournament":-1,"type":118,"day":64,"phase":4,"category":1,"description":"CONSUMERS ATTACK\nCHORBY SOUL","nuts":11}