{"id":"038f70fc-66f4-4ed4-aa49-28879609f5d5","playerTags":["a1628d97-16ca-4a75-b8df-569bae02bef9"],"teamTags":["36569151-a2fb-43c1-9df7-2df512424c82"],"gameTags":["67a3da1d-218a-40ba-8f39-92fb935e888c"],"metadata":{"play":100,"type":4,"after":0.011858893021462417,"before":0.011858893021462417,"parent":"94b7b206-0acb-4e25-bcae-aa72dd87ca42","subPlay":0},"created":"2021-04-15T12:08:32.380Z","season":15,"tournament":-1,"type":118,"day":66,"phase":4,"category":1,"description":"CONSUMERS ATTACK\nCHORBY SOUL","nuts":2}