{"id":"04445601-6ba8-4d53-937e-c08eed67e1a9","playerTags":["a1628d97-16ca-4a75-b8df-569bae02bef9"],"teamTags":["105bc3ff-1320-4e37-8ef0-8d595cb95dd0"],"gameTags":["16a1f1a9-0af9-4ea6-9727-e1ea7ba0aecd"],"metadata":{"play":102,"type":4,"after":0.011858893021462417,"before":0.016320081594619656,"parent":"12cc062d-879a-4a9b-bbcb-66dcbb206290","subPlay":0},"created":"2021-04-05T22:08:33.350Z","season":14,"tournament":-1,"type":118,"day":7,"phase":2,"category":1,"description":"CONSUMERS ATTACK\nCHORBY SOUL","nuts":132}