{"id":"04aae054-8b1b-4ee5-bf9e-6a33208739e6","playerTags":["a1628d97-16ca-4a75-b8df-569bae02bef9"],"teamTags":["105bc3ff-1320-4e37-8ef0-8d595cb95dd0"],"gameTags":["777a6795-a926-4157-a768-d2fdb3dfd8d4"],"metadata":{"play":225,"type":4,"after":0.011858893021462417,"before":0.011858893021462417,"parent":"65a7b9ef-6987-4ab0-b224-647c054622c8","subPlay":0},"created":"2021-04-09T12:19:24.641Z","season":14,"tournament":-1,"type":118,"day":91,"phase":6,"category":1,"description":"CONSUMERS ATTACK\nCHORBY SOUL","nuts":25}