{"id":"08919ba9-fd6e-4925-aafc-9c7d8971c90f","playerTags":["36786f44-9066-4028-98d9-4fa84465ab9e"],"teamTags":["eb67ae5e-c4bf-46ca-bbbc-425cd34182ff"],"gameTags":["7639ef34-8a9a-40b9-8a99-c373f1c649e1"],"metadata":{"play":189,"type":4,"after":1.814042634670714,"before":1.8715481889113748,"parent":"2e00dace-8f2d-454e-a189-1247f31c2a11","subPlay":2},"created":"2021-04-13T06:16:32.064Z","season":15,"tournament":-1,"type":118,"day":15,"phase":2,"category":1,"description":"Beasley Gloom was compressed by gamma!","nuts":14}