{"id":"08a0d70f-6056-4e25-98e9-149fc7307a96","playerTags":["e7ecf646-e5e4-49ef-a0e3-10a78e87f5f4"],"teamTags":["b024e975-1c4a-4575-8936-a3754a08806a"],"gameTags":["3dc75ac0-dc44-4234-81b9-f8a3ee5e13db"],"metadata":{"play":49,"type":4,"after":0.6150194429193618,"before":1.4235985067938595,"parent":"8f7d93af-bf9c-44c6-a93c-4baad1b6409b","subPlay":0},"created":"2021-03-05T10:04:07.243Z","season":11,"tournament":-1,"type":118,"day":88,"phase":6,"category":1,"description":"Gallup Crueller had an allergic reaction.","nuts":0}