{"id":"0b179b29-0149-4503-a8c0-616b1e26d45f","playerTags":["a1628d97-16ca-4a75-b8df-569bae02bef9"],"teamTags":["105bc3ff-1320-4e37-8ef0-8d595cb95dd0"],"gameTags":["35b37922-caa7-4b7c-b9ce-cd24a951f321"],"metadata":{"play":78,"type":4,"after":0.011858893021462417,"before":0.011858893021462417,"parent":"1b920b42-d512-4b73-8a30-97f729522278","subPlay":0},"created":"2021-04-06T04:06:27.800Z","season":14,"tournament":-1,"type":118,"day":13,"phase":2,"category":1,"description":"CONSUMERS ATTACK\nCHORBY SOUL","nuts":64}