{"id":"0ba49313-3a30-4e57-87fa-9c2cc61b1f1d","playerTags":["a1628d97-16ca-4a75-b8df-569bae02bef9"],"teamTags":["105bc3ff-1320-4e37-8ef0-8d595cb95dd0"],"gameTags":["7424239b-f067-4e1d-b4aa-7b366ea13d8e"],"metadata":{"play":277,"type":4,"after":0.011858893021462417,"before":0.011858893021462417,"parent":"69570782-0b90-46ec-b8cf-f2357b821fa9","subPlay":0},"created":"2021-04-08T09:23:31.390Z","season":14,"tournament":-1,"type":118,"day":65,"phase":4,"category":1,"description":"CONSUMERS ATTACK\nCHORBY SOUL","nuts":23}