{"id":"0bb45e5f-e91c-415a-967a-bd2166541738","playerTags":["a1628d97-16ca-4a75-b8df-569bae02bef9"],"teamTags":["36569151-a2fb-43c1-9df7-2df512424c82"],"gameTags":["6584d893-7f6f-4d91-b6d8-7d15b4c6b77f"],"metadata":{"play":274,"type":4,"after":0.011858893021462417,"before":0.011858893021462417,"parent":"fefe74d6-7f79-491b-80e3-5fc6e4969d48","subPlay":0},"created":"2021-04-14T07:23:44.459Z","season":15,"tournament":-1,"type":118,"day":37,"phase":4,"category":1,"description":"CONSUMERS ATTACK\nCHORBY SOUL","nuts":12}