{"id":"0bb9c5a2-7903-4b6a-bb19-8bf86e601d3d","playerTags":["a1628d97-16ca-4a75-b8df-569bae02bef9"],"teamTags":["105bc3ff-1320-4e37-8ef0-8d595cb95dd0"],"gameTags":["47380eb2-ea13-4698-9608-3be346c6e323"],"metadata":{"play":152,"type":4,"after":0.011858893021462417,"before":0.011858893021462417,"parent":"eb36c11d-f168-4ad7-890b-e3d6207396ae","subPlay":0},"created":"2021-04-07T22:12:40.353Z","season":14,"tournament":-1,"type":118,"day":54,"phase":4,"category":1,"description":"CONSUMERS ATTACK\nCHORBY SOUL","nuts":63}