{"id":"0d112ab4-9490-4ba9-baf4-3c45ef5ce1b6","playerTags":["a1628d97-16ca-4a75-b8df-569bae02bef9"],"teamTags":["36569151-a2fb-43c1-9df7-2df512424c82"],"gameTags":["4f7c0088-bf47-4190-a8d4-c24f78b32e92"],"metadata":{"play":227,"type":4,"after":0.011858893021462417,"before":0.011858893021462417,"parent":"f32c42eb-12cd-413a-ba27-5d464541a725","subPlay":0},"created":"2021-04-14T00:19:24.624Z","season":15,"tournament":-1,"type":118,"day":31,"phase":4,"category":1,"description":"CONSUMERS ATTACK\nCHORBY SOUL","nuts":9}