{"id":"0d679351-7d9b-4673-8a95-bc00924312d4","playerTags":["5a26fc61-d75d-4c01-9ce2-1880ffb5550f"],"teamTags":["b63be8c2-576a-4d6e-8daf-814f8bcea96f"],"gameTags":["f8763bbf-0171-4e60-bcfe-fdd30bec2824"],"metadata":{"play":167,"type":4,"after":1.7994019602620832,"before":2.6413063553815346,"parent":"88f6bdc7-1641-46ec-9ad1-1ba9c72a13a1","subPlay":0},"created":"2021-03-05T08:14:09.780Z","season":11,"tournament":-1,"type":118,"day":86,"phase":6,"category":1,"description":"Randy Dennis had an allergic reaction.","nuts":0}