{"id":"0d7644d4-00ca-4433-b811-adeac175c843","playerTags":["d6c69d2d-9344-4b19-85a4-6cfcbaead5d2"],"teamTags":["57ec08cc-0411-4643-b304-0e80dbc15ac7"],"gameTags":["0cb63eb3-b631-42aa-b0ac-0107fce96a1b"],"metadata":{"play":205,"type":3,"after":0.6134248488108761,"before":0.7183417191520743,"parent":"6e199b28-6292-4e7b-9f26-5f661b9c2703","subPlay":0},"created":"2021-03-03T05:17:29.553Z","season":11,"tournament":-1,"type":118,"day":36,"phase":4,"category":1,"description":"Joshua Watson had blood drained by Combs Estes.","nuts":0}