{"id":"0f61e1f0-67e2-49e1-9fb8-9d73e4dd420f","playerTags":["b323f897-ccf9-4200-8870-249cbe19f904"],"teamTags":["23e4cbc1-e9cd-47fa-a35b-bfa06f726cb7"],"gameTags":["a59bf383-84d5-40f6-88d4-b7e39e042d29"],"metadata":{"play":247,"type":4,"after":2.3890341494377227,"before":2.84142451813915,"parent":"576b7421-faec-4780-815f-d43bb6a5038d","subPlay":0},"created":"2021-04-09T18:20:56.873Z","season":14,"tournament":-1,"type":118,"day":97,"phase":6,"category":1,"description":"CONSUMERS ATTACK\nHUBER FRUMPLE","nuts":0}