{"id":"11e0275f-a5d1-49f5-bcdd-08901e8ff6f5","playerTags":["a1628d97-16ca-4a75-b8df-569bae02bef9"],"teamTags":["105bc3ff-1320-4e37-8ef0-8d595cb95dd0"],"gameTags":["9469bcaf-a21e-4272-8506-d5e7f26e9ef4"],"metadata":{"play":158,"type":4,"after":0.011858893021462417,"before":0.011858893021462417,"parent":"f21b8f82-1a20-4054-83b8-6ed23f3898a6","subPlay":0},"created":"2021-04-07T14:13:29.296Z","season":14,"tournament":-1,"type":118,"day":46,"phase":4,"category":1,"description":"CONSUMERS ATTACK\nCHORBY SOUL","nuts":61}