{"id":"124f2691-0629-45cf-8c1d-335f8226489b","playerTags":["a1628d97-16ca-4a75-b8df-569bae02bef9"],"teamTags":["105bc3ff-1320-4e37-8ef0-8d595cb95dd0"],"gameTags":["960279ca-5e85-4aef-8aa9-d2ef84f224ed"],"metadata":{"play":205,"type":4,"after":0.011858893021462417,"before":0.011858893021462417,"parent":"c509bd40-8f33-408c-bf41-233273134c81","subPlay":0},"created":"2021-04-07T13:17:30.981Z","season":14,"tournament":-1,"type":118,"day":45,"phase":4,"category":1,"description":"CONSUMERS ATTACK\nCHORBY SOUL","nuts":85}