{"id":"1398b0a5-6886-49d3-8010-7c0429e2c121","playerTags":["0cc5bd39-e90d-42f9-9dd8-7e703f316436"],"teamTags":["b63be8c2-576a-4d6e-8daf-814f8bcea96f"],"gameTags":["bef3b1df-a849-41de-aff7-712422569ff7"],"metadata":{"play":134,"type":4,"after":0.7628015700982482,"before":1.6492352499192475,"parent":"13980dd9-5617-4824-89d1-35c82367f3cb","subPlay":0},"created":"2021-04-15T13:11:18.779Z","season":15,"tournament":-1,"type":118,"day":67,"phase":4,"category":1,"description":"D-n Ell--tt had an allergic reaction.","nuts":0}