{"id":"13dab035-f42f-4caa-a04d-690663f5049b","playerTags":["b39b5aae-8571-4c90-887a-6a00f2a2f6fd"],"teamTags":["b024e975-1c4a-4575-8936-a3754a08806a"],"gameTags":["92a3fff6-7241-4e74-a27e-1ae5e8b83e3f"],"metadata":{"play":270,"type":4,"after":2.27185086903958,"before":2.824485072814347,"parent":"2dfe07b8-5ee3-4008-a0da-73db28319f2c","subPlay":0},"created":"2021-04-09T19:23:01.337Z","season":14,"tournament":-1,"type":118,"day":98,"phase":6,"category":1,"description":"CONSUMERS ATTACK\nDICKERSON MORSE","nuts":1}