{"id":"1421ee7f-e01f-4ac3-b5bb-7e3b64e87fa2","playerTags":["b082ca6e-eb11-4eab-8d6a-30f8be522ec4"],"teamTags":["747b8e4a-7e50-4638-a973-ea7950a3e739"],"gameTags":["9badb1e8-c540-4490-ba74-f8910409f4bc"],"metadata":{"play":32,"type":4,"after":2.280612753845989,"before":2.7851969158648604,"parent":"21ef14aa-d3a7-48f6-bc66-23231b526bbf","subPlay":0},"created":"2021-04-09T03:02:37.085Z","season":14,"tournament":-1,"type":118,"day":82,"phase":6,"category":1,"description":"CONSUMERS ATTACK\nNICHOLAS MORA","nuts":5}