{"id":"1684e391-7735-4f67-9927-772ec2128927","playerTags":["a1628d97-16ca-4a75-b8df-569bae02bef9"],"teamTags":["105bc3ff-1320-4e37-8ef0-8d595cb95dd0"],"gameTags":["c6e2b74f-01ad-4b97-8e03-1bd0fc1e7cd1"],"metadata":{"play":270,"type":4,"after":0.011858893021462417,"before":0.011858893021462417,"parent":"c86b1733-258b-4ea4-875e-17d1dd509136","subPlay":0},"created":"2021-04-08T21:23:06.468Z","season":14,"tournament":-1,"type":118,"day":76,"phase":6,"category":1,"description":"CONSUMERS ATTACK\nCHORBY SOUL","nuts":64}