{"id":"16c8db34-69b5-4616-9783-673a07ad6a56","playerTags":["a1628d97-16ca-4a75-b8df-569bae02bef9"],"teamTags":["105bc3ff-1320-4e37-8ef0-8d595cb95dd0"],"gameTags":["e633f5b0-03f7-4962-97b3-5fdc8c3f0a86"],"metadata":{"play":162,"type":4,"after":0.011858893021462417,"before":0.011858893021462417,"parent":"78133319-50d0-4c12-a3d6-4c062df85d72","subPlay":0},"created":"2021-04-08T12:14:02.694Z","season":14,"tournament":-1,"type":118,"day":68,"phase":4,"category":1,"description":"CONSUMERS ATTACK\nCHORBY SOUL","nuts":26}