{"id":"17ae5274-55d1-4f2d-90ca-8496961a4207","playerTags":["06ced607-7f96-41e7-a8cd-b501d11d1a7e"],"teamTags":["9debc64f-74b7-4ae1-a4d6-fce0144b6ea5"],"gameTags":["94b998e6-80aa-43bb-8232-7674dff48e91"],"metadata":{"play":195,"type":4,"after":0.9458996510559123,"before":1.7234638503511124,"parent":"ee5e88ad-2b5a-4b65-99f0-31f4874df1f1","subPlay":0},"created":"2021-03-03T10:16:35.735Z","season":11,"tournament":-1,"type":118,"day":41,"phase":4,"category":1,"description":"Morrow Wilson had an allergic reaction.","nuts":0}