{"id":"17dc69bf-36ed-4bbc-96cd-ba9b8f096f72","playerTags":["80de2b05-e0d4-4d33-9297-9951b2b5c950"],"teamTags":["8d87c468-699a-47a8-b40d-cfb73a5660ad"],"gameTags":["c5c0f30f-8a91-4609-ad8d-7bd42f6512b6"],"metadata":{"play":105,"type":4,"after":3.233203640229023,"before":3.7085465411950578,"parent":"85998052-9630-4f81-b6c3-bf734aa4d82d","subPlay":0},"created":"2021-04-09T07:09:07.310Z","season":14,"tournament":-1,"type":118,"day":86,"phase":6,"category":1,"description":"CONSUMERS ATTACK\nALYSSA HARRELL","nuts":1}