{"id":"17fe1135-26a8-4470-b563-e3b37a1764bd","playerTags":["13a05157-6172-4431-947b-a058217b4aa5"],"teamTags":["979aee4a-6d80-4863-bf1c-ee1a78e06024"],"gameTags":["6d0245de-faf3-4bd3-a64a-4f1ad729b316"],"metadata":{"play":284,"type":4,"after":1.8940632610755108,"before":2.6959499901524753,"parent":"b97285a0-9eba-4eaf-8012-e3863ab887b6","subPlay":0},"created":"2021-03-17T03:24:25.488Z","season":13,"tournament":-1,"type":118,"day":35,"phase":4,"category":1,"description":"Spears Taylor had an allergic reaction.","nuts":0}