{"id":"1800e7cc-1cb6-4d87-843e-4805b88c249c","playerTags":["7cf83bdc-f95f-49d3-b716-06f2cf60a78d"],"teamTags":["747b8e4a-7e50-4638-a973-ea7950a3e739"],"gameTags":["d9366a7f-0c72-4394-b590-24a8222cb147"],"metadata":{"play":53,"type":4,"after":1.7649385312323054,"before":2.692392968019985,"parent":"8eaef980-4b2e-4cb3-b22f-a4d777ae91e8","subPlay":0},"created":"2021-03-16T20:04:26.867Z","season":13,"tournament":-1,"type":118,"day":28,"phase":4,"category":1,"description":"Matteo Triumphant had an allergic reaction.","nuts":2}