{"id":"188cbc7d-7c32-42e8-8be5-44ad2e8d74d4","playerTags":["a1628d97-16ca-4a75-b8df-569bae02bef9"],"teamTags":["36569151-a2fb-43c1-9df7-2df512424c82"],"gameTags":["4516e862-257f-4c68-9a20-c62732e42eac"],"metadata":{"play":185,"type":4,"after":0.011858893021462417,"before":0.011858893021462417,"parent":"0d0e2b81-1ab5-4c0f-988b-890253795010","subPlay":0},"created":"2021-04-15T03:15:53.456Z","season":15,"tournament":-1,"type":118,"day":57,"phase":4,"category":1,"description":"CONSUMERS ATTACK\nCHORBY SOUL","nuts":7}