{"id":"1bcdd425-d0fb-428c-ab33-77fb43352420","playerTags":["04931546-1b4a-469f-b391-7ed67afe824c"],"teamTags":["36569151-a2fb-43c1-9df7-2df512424c82"],"gameTags":["c5c0f30f-8a91-4609-ad8d-7bd42f6512b6"],"metadata":{"play":72,"type":4,"after":3.075380990832928,"before":3.5233623764453963,"parent":"e54a25e3-cff4-4715-8a7e-bb248cb10fc4","subPlay":0},"created":"2021-04-09T07:06:07.317Z","season":14,"tournament":-1,"type":118,"day":86,"phase":6,"category":1,"description":"CONSUMERS ATTACK\nGLABE MOON","nuts":2}