{"id":"1c7bb04a-818f-4cdc-91a4-e3e682b15a4c","playerTags":["a1628d97-16ca-4a75-b8df-569bae02bef9"],"teamTags":["105bc3ff-1320-4e37-8ef0-8d595cb95dd0"],"gameTags":["e1eac2e7-3f53-477b-b2e6-1404a524fb29"],"metadata":{"play":106,"type":4,"after":0.011858893021462417,"before":0.01205678378271347,"parent":"5251c8ed-3b87-4f0f-8bd7-9cd8565f819b","subPlay":0},"created":"2021-04-07T18:09:31.691Z","season":14,"tournament":-1,"type":118,"day":50,"phase":4,"category":1,"description":"CONSUMERS ATTACK\nCHORBY SOUL","nuts":24}