{"id":"1d070118-8e96-43df-9289-4003f9005d43","playerTags":["c675fcdf-6117-49a6-ac32-99a89a3a88aa"],"teamTags":["878c1bf6-0d21-4659-bfee-916c8314d69c"],"gameTags":["1a71ac6b-e03f-476c-82d7-3e8d58797cef"],"metadata":{"play":181,"type":3,"after":0.7932024310341275,"before":0.8890204830479127,"parent":"47e7f266-f4be-4061-aadf-ad7d0b39b32f","subPlay":0},"created":"2021-03-03T03:15:14.806Z","season":11,"tournament":-1,"type":118,"day":34,"phase":4,"category":1,"description":"Valentine Games had blood drained by Richmond Harrison.","nuts":3}