{"id":"1d675631-99f0-40e1-8a67-a5daa73d8a3c","playerTags":["bfd9ff52-9bf6-4aaf-a859-d308d8f29616"],"teamTags":["ca3f1c8c-c025-4d8e-8eef-5be6accbeb16"],"gameTags":["d85e374c-3d61-4928-8864-59ebc51a9c0b"],"metadata":{"play":145,"type":4,"after":0.5653246722624863,"before":1.0937673671090733,"parent":"110778f5-5e6b-46de-b8d5-6c4bc55a17a3","subPlay":0},"created":"2021-03-03T10:12:28.907Z","season":11,"tournament":-1,"type":118,"day":41,"phase":4,"category":1,"description":"Declan Suzanne had an allergic reaction.","nuts":0}