{"id":"1d68be83-3504-482e-8b72-949191f4d27c","playerTags":["f0bcf4bb-74b3-412e-a54c-04c12ad28ecb"],"teamTags":["f02aeae2-5e6a-4098-9842-02d2273f25c7"],"gameTags":["3bc02342-0d6d-4971-b4a8-7a914d887b90"],"metadata":{"play":247,"type":0,"after":0.8068860462775695,"before":0.9056584482231643,"parent":"eab6adc8-6855-4fd7-9896-baaeb1b3216a","subPlay":0},"created":"2021-03-19T07:21:19.083Z","season":13,"tournament":-1,"type":118,"day":86,"phase":6,"category":1,"description":"Hahn Fox had blood drained by Halexandrey Walton.","nuts":7}