{"id":"1dbd37c5-dfaf-4b26-b8ca-634d1ec4ea33","playerTags":["a1628d97-16ca-4a75-b8df-569bae02bef9"],"teamTags":["105bc3ff-1320-4e37-8ef0-8d595cb95dd0"],"gameTags":["5a32b302-b4b4-4fa7-b5ea-f83c1d4a09a3"],"metadata":{"play":37,"type":4,"after":0.011858893021462417,"before":0.011858893021462417,"parent":"fd0e743f-e129-4d21-872e-429c62df9c2c","subPlay":0},"created":"2021-04-08T13:03:11.209Z","season":14,"tournament":-1,"type":118,"day":69,"phase":4,"category":1,"description":"CONSUMERS ATTACK\nCHORBY SOUL","nuts":29}