{"id":"1dcc63ca-c54c-4b36-b73a-89122c6388da","playerTags":["a1628d97-16ca-4a75-b8df-569bae02bef9"],"teamTags":["36569151-a2fb-43c1-9df7-2df512424c82"],"gameTags":["6428ee9c-4e5e-4ee7-be9e-1df68daeaa9d"],"metadata":{"play":196,"type":4,"after":0.011858893021462417,"before":0.011858893021462417,"parent":"4f7756a6-0fd8-4585-a676-5cc5a29b0b7e","subPlay":0},"created":"2021-04-12T17:16:58.364Z","season":15,"tournament":-1,"type":118,"day":2,"phase":2,"category":1,"description":"CONSUMERS ATTACK\nCHORBY SOUL","nuts":22}