{"id":"1e2a1e29-1eb4-44cc-b1f7-09c06eabb2ce","playerTags":["8cd06abf-be10-4a35-a3ab-1a408a329147"],"teamTags":["3f8bbb15-61c0-4e3f-8e4a-907a5fb1565e"],"gameTags":["6e7af9cc-aa7d-42e0-b735-7f72dd0ff45f"],"metadata":{"play":259,"type":0,"after":0.5326571266093627,"before":0.6381646799960876,"parent":"9a53c044-5f8a-45c5-890e-463cec47c65f","subPlay":0},"created":"2021-03-11T18:21:59.755Z","season":12,"tournament":-1,"type":118,"day":72,"phase":6,"category":1,"description":"Gloria Bugsnax had blood drained by Beck Whitney.","nuts":0}