{"id":"1e6089db-7778-4b92-b313-334948fa682b","playerTags":["a1628d97-16ca-4a75-b8df-569bae02bef9"],"teamTags":["36569151-a2fb-43c1-9df7-2df512424c82"],"gameTags":["1abdd567-3fdf-42d6-8dc7-ddabd5da5bf9"],"metadata":{"play":68,"type":4,"after":0.011858893021462417,"before":0.011858893021462417,"parent":"b8dd8b13-8f66-4448-a007-469ab591235c","subPlay":0},"created":"2021-04-14T10:06:05.838Z","season":15,"tournament":-1,"type":118,"day":40,"phase":4,"category":1,"description":"CONSUMERS ATTACK\nCHORBY SOUL","nuts":6}