{"id":"20372b28-e913-4bb0-a914-fb212078bc42","playerTags":["a1628d97-16ca-4a75-b8df-569bae02bef9"],"teamTags":["105bc3ff-1320-4e37-8ef0-8d595cb95dd0"],"gameTags":["08acedaf-056e-43b4-b612-27de2420c1b4"],"metadata":{"play":235,"type":4,"after":0.011858893021462417,"before":0.011858893021462417,"parent":"50ad2b4d-6574-45d1-9739-a0fb51e20232","subPlay":0},"created":"2021-04-09T06:20:42.032Z","season":14,"tournament":-1,"type":118,"day":85,"phase":6,"category":1,"description":"CONSUMERS ATTACK\nCHORBY SOUL","nuts":22}