{"id":"20c87a18-d111-4ac4-a6a6-e2db4a911126","playerTags":["a1628d97-16ca-4a75-b8df-569bae02bef9"],"teamTags":["105bc3ff-1320-4e37-8ef0-8d595cb95dd0"],"gameTags":["35b37922-caa7-4b7c-b9ce-cd24a951f321"],"metadata":{"play":164,"type":4,"after":0.011858893021462417,"before":0.011858893021462417,"parent":"13c5b9a0-f80d-4249-be5f-a827b7816b58","subPlay":0},"created":"2021-04-06T04:13:58.572Z","season":14,"tournament":-1,"type":118,"day":13,"phase":2,"category":1,"description":"CONSUMERS ATTACK\nCHORBY SOUL","nuts":70}