{"id":"2190de71-73f2-46c1-8b70-7a3082bb48d8","playerTags":["a1628d97-16ca-4a75-b8df-569bae02bef9"],"teamTags":["105bc3ff-1320-4e37-8ef0-8d595cb95dd0"],"gameTags":["741b5632-fbf8-49e7-9a64-9c92e636ea7a"],"metadata":{"play":193,"type":4,"after":0.011858893021462417,"before":0.011858893021462417,"parent":"fe3c5805-4f9c-4bac-88b8-3c6c581ad2db","subPlay":0},"created":"2021-04-09T18:16:52.809Z","season":14,"tournament":-1,"type":118,"day":97,"phase":6,"category":1,"description":"CONSUMERS ATTACK\nCHORBY SOUL","nuts":48}