{"id":"21f534a5-e887-49d6-ae28-18f74eff7c56","playerTags":["a1628d97-16ca-4a75-b8df-569bae02bef9"],"teamTags":["105bc3ff-1320-4e37-8ef0-8d595cb95dd0"],"gameTags":["3966f0f9-ecbe-44f1-a444-e0beac6e4af1"],"metadata":{"play":268,"type":4,"after":0.011858893021462417,"before":0.011858893021462417,"parent":"f6b24080-b93e-4641-8360-a044935bc611","subPlay":0},"created":"2021-04-09T19:23:37.491Z","season":14,"tournament":-1,"type":118,"day":98,"phase":6,"category":1,"description":"CONSUMERS ATTACK\nCHORBY SOUL","nuts":33}