{"id":"234fb7f7-126a-4160-a563-14477394675d","playerTags":["138fccc3-e66f-4b07-8327-d4b6f372f654"],"teamTags":["36569151-a2fb-43c1-9df7-2df512424c82"],"gameTags":["6428ee9c-4e5e-4ee7-be9e-1df68daeaa9d"],"metadata":{"play":12,"type":4,"after":0.8814023321362096,"before":1.6707617846855738,"parent":"18f953a6-0d2c-4f2a-9120-de45342f18bf","subPlay":0},"created":"2021-04-12T17:00:56.273Z","season":15,"tournament":-1,"type":118,"day":2,"phase":2,"category":1,"description":"Oscar Vaughan had an allergic reaction.","nuts":4}