{"id":"23596e2c-1bcf-4ecd-a4a4-87a7c86d4a6c","playerTags":["80e474a3-7d2b-431d-8192-2f1e27162607"],"teamTags":["57ec08cc-0411-4643-b304-0e80dbc15ac7"],"gameTags":["342c681b-341c-4761-83e4-a70a34cabcd0"],"metadata":{"play":295,"type":4,"after":1.295297057965115,"before":2.3838072594592954,"parent":"f70bbd37-088a-4b96-a85a-af4c96ebcd75","subPlay":0},"created":"2021-04-06T21:25:01.338Z","season":14,"tournament":-1,"type":118,"day":29,"phase":4,"category":1,"description":"Sum--rs -resto- had an allergic reaction.","nuts":5}