{"id":"23b4efc4-8359-4bb0-b173-2ea26ac74cb4","playerTags":["aa6c2662-75f8-4506-aa06-9a0993313216"],"teamTags":["7966eb04-efcc-499b-8f03-d13916330531"],"gameTags":["5639d746-b4ad-44cd-8ed9-fea6e9a6d8db"],"metadata":{"play":286,"type":4,"after":2.3109400256208126,"before":3.145093982431712,"parent":"28ee5fb8-16c3-420e-bf67-795aaddf59f0","subPlay":0},"created":"2021-04-09T02:24:35.771Z","season":14,"tournament":-1,"type":118,"day":81,"phase":6,"category":1,"description":"CONSUMERS ATTACK\nEIZABETH ELLIOTT","nuts":5}