{"id":"23cf060e-82fe-4150-82f8-1527b2841c98","playerTags":["ce0e57a7-89f5-41ea-80f9-6e649dd54089"],"teamTags":["57ec08cc-0411-4643-b304-0e80dbc15ac7"],"gameTags":["08f81017-0f2a-425b-94c3-938c2ccd61cb"],"metadata":{"play":203,"type":3,"after":0.41040818921818667,"before":0.5611069666902672,"parent":"9ebf5c15-3df6-42f6-be59-21271da06e21","subPlay":0},"created":"2021-04-13T17:17:24.297Z","season":15,"tournament":-1,"type":118,"day":25,"phase":2,"category":1,"description":"Yong Wright had blood drained by Richmond Harrison.","nuts":0}