{"id":"23dcd80d-b72c-4512-aa9e-d488e916e5cd","playerTags":["a1628d97-16ca-4a75-b8df-569bae02bef9"],"teamTags":["105bc3ff-1320-4e37-8ef0-8d595cb95dd0"],"gameTags":["819fcb8d-e4e2-4129-b05c-70ae436f4f86"],"metadata":{"play":149,"type":4,"after":0.011858893021462417,"before":0.011858893021462417,"parent":"e2e79cd4-f069-4bf3-88be-4bb36f4f1da1","subPlay":0},"created":"2021-04-09T02:13:07.227Z","season":14,"tournament":-1,"type":118,"day":81,"phase":6,"category":1,"description":"CONSUMERS ATTACK\nCHORBY SOUL","nuts":28}