{"id":"254553a5-27c6-4bfa-bb9d-a01b519f617f","playerTags":["88cd6efa-dbf2-4309-aabe-ec1d6f21f98a"],"teamTags":["adc5b394-8f76-416d-9ce9-813706877b84"],"gameTags":["a78706e6-79dc-4d4c-85a6-4a7a333df5f2"],"metadata":{"play":299,"type":4,"after":3.6558326068785303,"before":4.13549491346326,"parent":"d66b0300-ce7b-4ca9-8472-21a48cd443c5","subPlay":0},"created":"2021-04-09T23:25:42.772Z","season":14,"tournament":-1,"type":118,"day":100,"phase":9,"category":1,"description":"CONSUMERS ATTACK\nHEWITT BEST","nuts":17}