{"id":"2626817b-cea1-4a8a-81cf-fb836bd9d203","playerTags":["a1628d97-16ca-4a75-b8df-569bae02bef9"],"teamTags":["105bc3ff-1320-4e37-8ef0-8d595cb95dd0"],"gameTags":["f56604cf-0e66-47f1-b5f6-33fe37e25592"],"metadata":{"play":119,"type":4,"after":0.011858893021462417,"before":0.011858893021462417,"parent":"1ef8235f-2ff8-428a-a519-9e0e0b74f5a9","subPlay":0},"created":"2021-04-07T08:09:59.157Z","season":14,"tournament":-1,"type":118,"day":40,"phase":4,"category":1,"description":"CONSUMERS ATTACK\nCHORBY SOUL","nuts":29}