{"id":"27c07a77-4285-40c2-b204-ede2ee55e6b6","playerTags":["4b01cc3f-c59f-486d-9c00-b8a82624e620"],"teamTags":["d9f89a8a-c563-493e-9d64-78e4f9a55d4a"],"gameTags":["fe973f48-2d2a-45ff-a6d4-4044e3df3d46"],"metadata":{"play":94,"type":2,"after":0.36497157588688894,"before":0.4885558636519961,"parent":"6c575d29-2fbb-49fe-bcd8-f063aaf6b0c6","subPlay":0},"created":"2021-04-07T18:07:53.972Z","season":14,"tournament":-1,"type":118,"day":50,"phase":4,"category":1,"description":"Siobhan Chark had blood drained by Halexandrey Walton.","nuts":4}