{"id":"28aa4d3a-2699-4076-a5b0-af035a6f08ae","playerTags":["de21c97e-f575-43b7-8be7-ecc5d8c4eaff"],"teamTags":["bb4a9de5-c924-4923-a0cb-9d1445f1ee5d"],"gameTags":["bb0cdbab-67b9-468c-bd53-c88f42902fcd"],"metadata":{"play":227,"type":4,"after":3.679060171836602,"before":3.6964527114332024,"parent":"201453c8-b9d0-4ea9-8201-06a0dc6c44b8","subPlay":1},"created":"2021-04-13T09:19:15.345Z","season":15,"tournament":-1,"type":118,"day":17,"phase":2,"category":1,"description":"Pitching Machine re-congealed differently.","nuts":15}