{"id":"29568ca8-0307-49ec-b98b-ec07ebe11bf4","playerTags":["a1628d97-16ca-4a75-b8df-569bae02bef9"],"teamTags":["105bc3ff-1320-4e37-8ef0-8d595cb95dd0"],"gameTags":["080c7b7d-f716-4c8a-bd1a-7aedd5b38ea8"],"metadata":{"play":321,"type":4,"after":0.011858893021462417,"before":0.011858893021462417,"parent":"75359ff0-2004-4777-a795-42e32d6902d0","subPlay":0},"created":"2021-04-06T09:28:22.901Z","season":14,"tournament":-1,"type":118,"day":18,"phase":2,"category":1,"description":"CONSUMERS ATTACK\nCHORBY SOUL","nuts":51}