{"id":"2a5fbd42-33c5-4351-9379-af0ce9c8ef7f","playerTags":["8cd06abf-be10-4a35-a3ab-1a408a329147"],"teamTags":["3f8bbb15-61c0-4e3f-8e4a-907a5fb1565e"],"gameTags":["0dea9096-3cf7-44d2-983f-37ff29171ca0"],"metadata":{"play":267,"type":3,"after":0.4750931566382817,"before":0.5868372336205318,"parent":"be90b1ff-95dd-46c7-9ed1-a58e1ba9a4a1","subPlay":0},"created":"2021-03-10T14:22:41.289Z","season":12,"tournament":-1,"type":118,"day":45,"phase":4,"category":1,"description":"Gloria Bugsnax had blood drained by Randy Dennis.","nuts":0}