{"id":"2ac07882-74ac-4a95-a338-7f2736e8ab45","playerTags":["a1628d97-16ca-4a75-b8df-569bae02bef9"],"teamTags":["105bc3ff-1320-4e37-8ef0-8d595cb95dd0"],"gameTags":["3e19825a-43ea-4903-beea-a99ea9061380"],"metadata":{"play":10,"type":4,"after":0.011858893021462417,"before":0.011858893021462417,"parent":"450c66f7-fdfe-49c8-aebd-56418fa8e38a","subPlay":0},"created":"2021-04-09T15:00:46.491Z","season":14,"tournament":-1,"type":118,"day":94,"phase":6,"category":1,"description":"CONSUMERS ATTACK\nCHORBY SOUL","nuts":40}