{"id":"2af766a8-28f7-4830-a0b5-67c0ba34cc91","playerTags":["a1628d97-16ca-4a75-b8df-569bae02bef9"],"teamTags":["36569151-a2fb-43c1-9df7-2df512424c82"],"gameTags":["0e5304e2-725d-4fbc-8f38-94b1a8e3a975"],"metadata":{"play":442,"type":4,"after":0.011858893021462417,"before":0.011858893021462417,"parent":"e4c8e159-0b34-4996-8358-c4f71e4e796a","subPlay":0},"created":"2021-04-14T21:39:49.567Z","season":15,"tournament":-1,"type":118,"day":51,"phase":4,"category":1,"description":"CONSUMERS ATTACK\nCHORBY SOUL","nuts":19}