{"id":"2bd2ba71-9100-4fae-ae97-dc6988616714","playerTags":["c09e64b6-8248-407e-b3af-1931b880dbee"],"teamTags":["adc5b394-8f76-416d-9ce9-813706877b84"],"gameTags":["227087e0-4eb4-4983-8290-7cb1ac18a070"],"metadata":{"play":80,"type":1,"after":0.1548600798029752,"before":0.26457989368344426,"parent":"7f60a335-c1aa-4f8d-b54e-812628bdff62","subPlay":0},"created":"2021-03-04T04:06:47.230Z","season":11,"tournament":-1,"type":118,"day":59,"phase":4,"category":1,"description":"Lenny Spruce had blood drained by Richardson Games.","nuts":0}