{"id":"2c1bc851-33a6-4c0a-a5a5-92ecdff1c2fb","playerTags":["a1628d97-16ca-4a75-b8df-569bae02bef9"],"teamTags":["105bc3ff-1320-4e37-8ef0-8d595cb95dd0"],"gameTags":["1ed6a505-7ab7-4e67-a56d-7759ee86614d"],"metadata":{"play":202,"type":4,"after":0.011858893021462417,"before":0.011858893021462417,"parent":"da0c1b6d-25ed-42a5-bf68-dbaac10779e5","subPlay":0},"created":"2021-04-08T08:17:10.218Z","season":14,"tournament":-1,"type":118,"day":64,"phase":4,"category":1,"description":"CONSUMERS ATTACK\nCHORBY SOUL","nuts":23}