{"id":"2c3b645e-c922-46a9-ac7e-dd0096d46492","playerTags":["86d4e22b-f107-4bcf-9625-32d387fcb521"],"teamTags":["8d87c468-699a-47a8-b40d-cfb73a5660ad"],"gameTags":["80324bc9-a289-4be6-9f59-5f89b0ce02a2"],"metadata":{"play":102,"type":4,"after":1.7495848814426815,"before":2.212489483283598,"parent":"a45e781d-af13-494e-9c4e-ca5d5fea9dfe","subPlay":0},"created":"2021-04-09T12:08:57.131Z","season":14,"tournament":-1,"type":118,"day":91,"phase":6,"category":1,"description":"CONSUMERS ATTACK\nYORK SILK","nuts":16}