{"id":"2c5e3a7e-a332-4f47-9f90-dc09df48b8f5","playerTags":["a1628d97-16ca-4a75-b8df-569bae02bef9"],"teamTags":["36569151-a2fb-43c1-9df7-2df512424c82"],"gameTags":["59b57c30-dba5-4908-afc8-fffdef80abaa"],"metadata":{"play":12,"type":4,"after":0.011858893021462417,"before":0.011858893021462417,"parent":"aa09faf3-a10c-490b-9635-e9cf56a9ada8","subPlay":0},"created":"2021-04-14T15:00:56.480Z","season":15,"tournament":-1,"type":118,"day":45,"phase":4,"category":1,"description":"CONSUMERS ATTACK\nCHORBY SOUL","nuts":10}