{"id":"2c644216-f848-4a8d-b3a8-ef8e3cc3246b","playerTags":["a1628d97-16ca-4a75-b8df-569bae02bef9"],"teamTags":["105bc3ff-1320-4e37-8ef0-8d595cb95dd0"],"gameTags":["b67c5de0-e73f-4091-b6fd-27066957232c"],"metadata":{"play":275,"type":4,"after":0.011858893021462417,"before":0.011858893021462417,"parent":"5c8b6c81-f6d6-48d1-97e9-5f65e73db75d","subPlay":0},"created":"2021-04-08T03:23:49.390Z","season":14,"tournament":-1,"type":118,"day":59,"phase":4,"category":1,"description":"CONSUMERS ATTACK\nCHORBY SOUL","nuts":38}