{"id":"2c9e3e61-dffb-4f6c-834f-b91eed8e5989","playerTags":["a1628d97-16ca-4a75-b8df-569bae02bef9"],"teamTags":["36569151-a2fb-43c1-9df7-2df512424c82"],"gameTags":["a490e016-a821-4317-8001-da1e1aa5d099"],"metadata":{"play":62,"type":4,"after":0.011858893021462417,"before":0.011858893021462417,"parent":"63df9e9d-1182-439d-a573-750d0ab78970","subPlay":0},"created":"2021-04-15T16:05:35.285Z","season":15,"tournament":-1,"type":118,"day":70,"phase":4,"category":1,"description":"CONSUMERS ATTACK\nCHORBY SOUL","nuts":5}