{"id":"2ed35ba7-2ae5-4e9d-9081-67988faefdc1","playerTags":["a1628d97-16ca-4a75-b8df-569bae02bef9"],"teamTags":["105bc3ff-1320-4e37-8ef0-8d595cb95dd0"],"gameTags":["73c978aa-b3c7-4ec3-a5fc-d24b9a72b58e"],"metadata":{"play":213,"type":4,"after":0.011858893021462417,"before":0.011858893021462417,"parent":"1f4bc981-15e2-4023-9eee-b7e761f7b96e","subPlay":0},"created":"2021-04-08T01:18:04.589Z","season":14,"tournament":-1,"type":118,"day":57,"phase":4,"category":1,"description":"CONSUMERS ATTACK\nCHORBY SOUL","nuts":33}