{"id":"31044daa-b445-4270-a506-18b4a5ec29d2","playerTags":["a1628d97-16ca-4a75-b8df-569bae02bef9"],"teamTags":["105bc3ff-1320-4e37-8ef0-8d595cb95dd0"],"gameTags":["2f104cc4-92aa-4a54-b657-f97ae46a5090"],"metadata":{"play":249,"type":4,"after":0.011858893021462417,"before":0.011858893021462417,"parent":"e5106e98-b2fc-4686-8d68-f726e9ea7458","subPlay":0},"created":"2021-04-08T06:21:00.981Z","season":14,"tournament":-1,"type":118,"day":62,"phase":4,"category":1,"description":"CONSUMERS ATTACK\nCHORBY SOUL","nuts":24}