{"id":"3138e65e-4e63-413a-9d64-a56b0ef95ee1","playerTags":["a1628d97-16ca-4a75-b8df-569bae02bef9"],"teamTags":["105bc3ff-1320-4e37-8ef0-8d595cb95dd0"],"gameTags":["4efcd1fc-65c3-4630-bd12-fafa9f89136b"],"metadata":{"play":338,"type":4,"after":0.5212734953774425,"before":0.7466067049361143,"parent":"fe2f7ca1-2f7e-4c1e-b1f0-b2f48de0a9c4","subPlay":0},"created":"2021-04-05T19:29:20.980Z","season":14,"tournament":-1,"type":118,"day":4,"phase":2,"category":1,"description":"CONSUMERS ATTACK\nCHORBY SOUL","nuts":133}