{"id":"31577367-828e-4ef2-b735-3cdda79c5ad0","playerTags":["a1628d97-16ca-4a75-b8df-569bae02bef9"],"teamTags":["36569151-a2fb-43c1-9df7-2df512424c82"],"gameTags":["63df45d6-6e1f-4213-9c8e-f30cb0f0d4ad"],"metadata":{"play":108,"type":4,"after":0.011858893021462417,"before":0.011858893021462417,"parent":"39bd55ad-bd31-4c7a-aed8-eefb0e74209f","subPlay":0},"created":"2021-04-14T14:09:12.873Z","season":15,"tournament":-1,"type":118,"day":44,"phase":4,"category":1,"description":"CONSUMERS ATTACK\nCHORBY SOUL","nuts":6}