{"id":"31786c23-75ce-446b-857b-b77c32ad0d20","playerTags":["a1628d97-16ca-4a75-b8df-569bae02bef9"],"teamTags":["36569151-a2fb-43c1-9df7-2df512424c82"],"gameTags":["c07dd40e-8a69-4fae-b8e9-cc394dd13fa8"],"metadata":{"play":156,"type":4,"after":0.011858893021462417,"before":0.011858893021462417,"parent":"14574a84-55fa-4d8e-8392-8527edf2c1fe","subPlay":0},"created":"2021-04-12T19:13:17.410Z","season":15,"tournament":-1,"type":118,"day":4,"phase":2,"category":1,"description":"CONSUMERS ATTACK\nCHORBY SOUL","nuts":40}