{"id":"31c64fa7-6799-449c-a89f-0a3b98da867f","playerTags":["a1628d97-16ca-4a75-b8df-569bae02bef9"],"teamTags":["105bc3ff-1320-4e37-8ef0-8d595cb95dd0"],"gameTags":["c6e2b74f-01ad-4b97-8e03-1bd0fc1e7cd1"],"metadata":{"play":8,"type":4,"after":0.011858893021462417,"before":0.01205678378271347,"parent":"e28d1318-b816-4273-905e-f585bfab24ca","subPlay":0},"created":"2021-04-08T21:00:36.890Z","season":14,"tournament":-1,"type":118,"day":76,"phase":6,"category":1,"description":"CONSUMERS ATTACK\nCHORBY SOUL","nuts":40}