{"id":"31cd1c32-d18b-4915-af3a-41c8cc248adc","playerTags":["a1628d97-16ca-4a75-b8df-569bae02bef9"],"teamTags":["36569151-a2fb-43c1-9df7-2df512424c82"],"gameTags":["4f7c0088-bf47-4190-a8d4-c24f78b32e92"],"metadata":{"play":105,"type":4,"after":0.011858893021462417,"before":0.01205678378271347,"parent":"3ba49544-5027-45b9-bb99-bfa808f944d7","subPlay":0},"created":"2021-04-14T00:08:53.053Z","season":15,"tournament":-1,"type":118,"day":31,"phase":4,"category":1,"description":"CONSUMERS ATTACK\nCHORBY SOUL","nuts":7}