{"id":"31e6ca36-1e39-45ce-8a82-32ee3dc2975d","playerTags":["d86f836e-4edf-4dbd-9743-14f30461ee14"],"teamTags":["c73b705c-40ad-4633-a6ed-d357ee2e2bcf"],"gameTags":["28d6de20-0ae1-4ee4-8957-e1d716448295"],"metadata":{"play":56,"type":4,"after":1.9143794627185393,"before":2.741380805962566,"parent":"23d486d6-f2fa-447f-90a7-e0fbd6183d5f","subPlay":0},"created":"2021-03-09T01:04:42.267Z","season":12,"tournament":-1,"type":118,"day":9,"phase":2,"category":1,"description":"Lance Serotonin had an allergic reaction.","nuts":0}