{"id":"32ffe616-c38f-4bc6-a693-68604717bf2b","playerTags":["a1628d97-16ca-4a75-b8df-569bae02bef9"],"teamTags":["36569151-a2fb-43c1-9df7-2df512424c82"],"gameTags":["d018eda1-b0cf-41e8-9e7e-8a492ea947c0"],"metadata":{"play":147,"type":4,"after":0.011858893021462417,"before":0.011858893021462417,"parent":"98f8bc55-9cbb-4507-a461-9a0eed7198d4","subPlay":0},"created":"2021-04-15T05:12:37.698Z","season":15,"tournament":-1,"type":118,"day":59,"phase":4,"category":1,"description":"CONSUMERS ATTACK\nCHORBY SOUL","nuts":11}