{"id":"331eeb37-41d4-434a-9082-afcde894e27d","playerTags":["a1628d97-16ca-4a75-b8df-569bae02bef9"],"teamTags":["36569151-a2fb-43c1-9df7-2df512424c82"],"gameTags":["eb2331d2-b192-4b04-937d-5a33379cdc01"],"metadata":{"play":382,"type":4,"after":0.011858893021462417,"before":0.011858893021462417,"parent":"0b738062-5cc1-4458-a291-52a5dab17aea","subPlay":0},"created":"2021-04-14T02:33:15.574Z","season":15,"tournament":-1,"type":118,"day":33,"phase":4,"category":1,"description":"CONSUMERS ATTACK\nCHORBY SOUL","nuts":7}