{"id":"3390a65b-9880-473b-9397-f3dabdee65e1","playerTags":["a1628d97-16ca-4a75-b8df-569bae02bef9"],"teamTags":["105bc3ff-1320-4e37-8ef0-8d595cb95dd0"],"gameTags":["8275fe5c-6f89-4a29-81bf-47c3f0d3ab9e"],"metadata":{"play":221,"type":4,"after":0.011858893021462417,"before":0.011858893021462417,"parent":"849228b0-6828-4c12-82ed-9cd205393f16","subPlay":0},"created":"2021-04-06T23:19:27.113Z","season":14,"tournament":-1,"type":118,"day":31,"phase":4,"category":1,"description":"CONSUMERS ATTACK\nCHORBY SOUL","nuts":42}