{"id":"33b6dc6a-4cf9-4f7f-9914-4fd294ccc33b","playerTags":["a1628d97-16ca-4a75-b8df-569bae02bef9"],"teamTags":["105bc3ff-1320-4e37-8ef0-8d595cb95dd0"],"gameTags":["45b0c75b-4a32-4760-aac5-6e0da3a4e0fa"],"metadata":{"play":380,"type":4,"after":0.011858893021462417,"before":0.011858893021462417,"parent":"37df0e09-6f8d-4c59-b902-f2e668c4c758","subPlay":0},"created":"2021-04-06T12:33:06.689Z","season":14,"tournament":-1,"type":118,"day":21,"phase":2,"category":1,"description":"CONSUMERS ATTACK\nCHORBY SOUL","nuts":42}