{"id":"3499a1e7-3bc1-42ea-bd54-628ea9a1c945","playerTags":["27c68d7f-5e40-4afa-8b6f-9df47b79e7dd"],"teamTags":["878c1bf6-0d21-4659-bfee-916c8314d69c"],"gameTags":["506d991d-bb0e-4fba-8f72-30f20da7366c"],"metadata":{"play":127,"type":1,"after":0.4450741624639493,"before":0.5659330891691026,"parent":"6bbd51cc-45b7-4bb0-aa61-c57a9f79487a","subPlay":0},"created":"2021-04-14T18:10:44.084Z","season":15,"tournament":-1,"type":118,"day":48,"phase":4,"category":1,"description":"Basilio Mason had blood drained by Cory Ross.","nuts":3}