{"id":"357aedd4-fab6-4f9b-9c5a-b184aed3db94","playerTags":["a1628d97-16ca-4a75-b8df-569bae02bef9"],"teamTags":["105bc3ff-1320-4e37-8ef0-8d595cb95dd0"],"gameTags":["35b37922-caa7-4b7c-b9ce-cd24a951f321"],"metadata":{"play":215,"type":4,"after":0.011858893021462417,"before":0.011858893021462417,"parent":"7c75224c-8495-40c8-b461-ea96b2de5766","subPlay":0},"created":"2021-04-06T04:18:33.498Z","season":14,"tournament":-1,"type":118,"day":13,"phase":2,"category":1,"description":"CONSUMERS ATTACK\nCHORBY SOUL","nuts":79}