{"id":"36eafbf8-bf4a-4c76-89ba-91060778719e","playerTags":["a1628d97-16ca-4a75-b8df-569bae02bef9"],"teamTags":["36569151-a2fb-43c1-9df7-2df512424c82"],"gameTags":["a6328bd6-168a-49bf-bb09-9a96fe64fa12"],"metadata":{"play":278,"type":4,"after":0.011858893021462417,"before":0.011858893021462417,"parent":"7f55a8fd-b3b4-4a7d-b87a-a294acb17007","subPlay":0},"created":"2021-04-12T22:23:52.959Z","season":15,"tournament":-1,"type":118,"day":7,"phase":2,"category":1,"description":"CONSUMERS ATTACK\nCHORBY SOUL","nuts":13}