{"id":"3720d1a5-bfab-419a-80c1-98870f669a82","playerTags":["20fd71e7-4fa0-4132-9f47-06a314ed539a"],"teamTags":["f02aeae2-5e6a-4098-9842-02d2273f25c7"],"gameTags":["267af892-5909-4eb0-a1aa-d3c1839cfc9f"],"metadata":{"play":327,"type":0,"after":0.3810731433158938,"before":0.5199184092565365,"parent":"2ab44762-083f-404b-8e3b-6850930a2d09","subPlay":0},"created":"2021-03-09T10:27:56.573Z","season":12,"tournament":-1,"type":118,"day":18,"phase":2,"category":1,"description":"Lars Taylor had blood drained by Vessalius Sundae.","nuts":0}