{"id":"37677cd8-8e68-4f43-9bd2-a29e1f7784b6","playerTags":["a1628d97-16ca-4a75-b8df-569bae02bef9"],"teamTags":["36569151-a2fb-43c1-9df7-2df512424c82"],"gameTags":["eb2331d2-b192-4b04-937d-5a33379cdc01"],"metadata":{"play":257,"type":4,"after":0.011858893021462417,"before":0.011858893021462417,"parent":"7db74cc3-94ac-49a9-ba72-bb24cd6a7cdb","subPlay":0},"created":"2021-04-14T02:21:59.873Z","season":15,"tournament":-1,"type":118,"day":33,"phase":4,"category":1,"description":"CONSUMERS ATTACK\nCHORBY SOUL","nuts":7}