{"id":"3a57bee8-2255-411a-b80d-95e5a5eb21b9","playerTags":["4f69e8c2-b2a1-4e98-996a-ccf35ac844c5"],"teamTags":["f02aeae2-5e6a-4098-9842-02d2273f25c7"],"gameTags":["a6332d2b-42a0-4d4b-8781-c270b8a438fe"],"metadata":{"play":41,"type":1,"after":0.19910568779752258,"before":0.3649571470528275,"parent":"b44feb3f-6d5e-4e44-8812-fdc5ba7178ba","subPlay":0},"created":"2021-03-11T00:03:26.796Z","season":12,"tournament":-1,"type":118,"day":55,"phase":4,"category":1,"description":"Igneus Delacruz had blood drained by Halexandrey Walton.","nuts":0}