{"id":"3aa464ca-9781-4810-95b6-5748a2275a6e","playerTags":["740d5fef-d59f-4dac-9a75-739ec07f91cf"],"teamTags":["b024e975-1c4a-4575-8936-a3754a08806a"],"gameTags":["fd26b8b2-2cfe-4f8e-9143-695133ae4c1c"],"metadata":{"play":301,"type":0,"after":0.921477066353184,"before":1.0220422200872168,"parent":"ab4cddb9-ca3c-4145-bd8d-498da24f4c8b","subPlay":0},"created":"2021-03-03T18:26:00.540Z","season":11,"tournament":-1,"type":118,"day":49,"phase":4,"category":1,"description":"Conner Haley had blood drained by Glabe Moon.","nuts":0}