{"id":"3b3763be-647a-4b51-bef6-4800a01a9e49","playerTags":["9a031b9a-16f8-4165-a468-5d0e28a81151"],"teamTags":["7966eb04-efcc-499b-8f03-d13916330531"],"gameTags":["5639d746-b4ad-44cd-8ed9-fea6e9a6d8db"],"metadata":{"play":260,"type":4,"after":1.3529793605962022,"before":2.0731299496390894,"parent":"e6c26626-22e3-480f-a154-fcd7530cb9bd","subPlay":0},"created":"2021-04-09T02:22:11.000Z","season":14,"tournament":-1,"type":118,"day":81,"phase":6,"category":1,"description":"CONSUMERS ATTACK\nTIANA WHEELER","nuts":2}