{"id":"3b64ffb3-a743-4669-a7f6-a1c22dc5714f","playerTags":["a1628d97-16ca-4a75-b8df-569bae02bef9"],"teamTags":["105bc3ff-1320-4e37-8ef0-8d595cb95dd0"],"gameTags":["e1eac2e7-3f53-477b-b2e6-1404a524fb29"],"metadata":{"play":145,"type":4,"after":0.011858893021462417,"before":0.011858893021462417,"parent":"8817d852-3283-4fa5-b696-11b16e5697d5","subPlay":0},"created":"2021-04-07T18:13:02.298Z","season":14,"tournament":-1,"type":118,"day":50,"phase":4,"category":1,"description":"CONSUMERS ATTACK\nCHORBY SOUL","nuts":25}