{"id":"3bd6339a-7b23-4dd3-8f45-51fd29e5ebaf","playerTags":["63512571-2eca-4bc4-8ad9-a5308a22ae22"],"teamTags":["7966eb04-efcc-499b-8f03-d13916330531"],"gameTags":["08abb5a6-20a7-4f94-9b5f-e57cc10efe9c"],"metadata":{"play":207,"type":2,"after":0.20353149310111562,"before":0.37086135614116617,"parent":"f540229f-88f6-4e42-9eae-0cd8436b542f","subPlay":0},"created":"2021-03-03T03:17:25.557Z","season":11,"tournament":-1,"type":118,"day":34,"phase":4,"category":1,"description":"Oscar Dollie had blood drained by Nagomi Mcdaniel.","nuts":1}