{"id":"3ddd76d9-d13e-45c7-8627-1b6b0529c1d4","playerTags":["a1628d97-16ca-4a75-b8df-569bae02bef9"],"teamTags":["105bc3ff-1320-4e37-8ef0-8d595cb95dd0"],"gameTags":["63530345-6bab-4eaa-9322-d3bc58505904"],"metadata":{"play":29,"type":4,"after":0.011858893021462417,"before":0.011858893021462417,"parent":"fc56b8c5-32f7-4a79-bb63-620bc87b3bcb","subPlay":0},"created":"2021-04-06T14:02:21.890Z","season":14,"tournament":-1,"type":118,"day":23,"phase":2,"category":1,"description":"CONSUMERS ATTACK\nCHORBY SOUL","nuts":51}