{"id":"3e67104c-47aa-45b5-809f-95370032e5e0","playerTags":["c0732e36-3731-4f1a-abdc-daa9563b6506"],"teamTags":["8d87c468-699a-47a8-b40d-cfb73a5660ad"],"gameTags":["30000e5e-e666-4370-bab2-50de2cdc046b"],"metadata":{"play":59,"type":4,"after":3.670490524211436,"before":4.151489998282308,"parent":"032d0f43-3f1d-4b7e-bd87-1424eb04c94e","subPlay":0},"created":"2021-04-10T00:04:57.279Z","season":14,"tournament":-1,"type":118,"day":101,"phase":9,"category":1,"description":"CONSUMERS ATTACK\nNAGOMI MCDANIEL","nuts":43}