{"id":"3ea8a60f-94b1-44d6-b62e-5baf232c8d2e","playerTags":["a1628d97-16ca-4a75-b8df-569bae02bef9"],"teamTags":["36569151-a2fb-43c1-9df7-2df512424c82"],"gameTags":["e1a10bd6-a86c-4d46-861d-b0f7af866b4c"],"metadata":{"play":79,"type":4,"after":0.011858893021462417,"before":0.011858893021462417,"parent":"7df87a37-289d-48e6-af9c-0a16454c4cc0","subPlay":0},"created":"2021-04-13T01:06:46.403Z","season":15,"tournament":-1,"type":118,"day":10,"phase":2,"category":1,"description":"CONSUMERS ATTACK\nCHORBY SOUL","nuts":13}