{"id":"3f3ed3ae-69c7-4370-927b-f9882090d66e","playerTags":["a1628d97-16ca-4a75-b8df-569bae02bef9"],"teamTags":["36569151-a2fb-43c1-9df7-2df512424c82"],"gameTags":["64e0c129-26f6-4c18-97df-154b06712cea"],"metadata":{"play":105,"type":4,"after":0.011858893021462417,"before":0.011858893021462417,"parent":"b8d3309e-d2c7-4457-8168-3da3244b08d7","subPlay":0},"created":"2021-04-14T09:09:25.676Z","season":15,"tournament":-1,"type":118,"day":39,"phase":4,"category":1,"description":"CONSUMERS ATTACK\nCHORBY SOUL","nuts":7}