{"id":"3fe3b4fe-b140-4ee2-9cc0-02f36aa90d65","playerTags":["e972984c-2895-451c-b518-f06a0d8bd375"],"teamTags":["9debc64f-74b7-4ae1-a4d6-fce0144b6ea5"],"gameTags":["9af1f8b7-e850-4830-9f7c-b124de6081b1"],"metadata":{"play":38,"type":4,"after":1.1894293426997324,"before":1.8522328917305342,"parent":"599120b1-ec96-46cf-bf7c-d110e9b29158","subPlay":0},"created":"2021-04-09T18:03:11.984Z","season":14,"tournament":-1,"type":118,"day":97,"phase":6,"category":1,"description":"CONSUMERS ATTACK\nBECKER SOLIS","nuts":2}