{"id":"41280cab-b197-4e1f-b308-0d43b58e2835","playerTags":["378c07b0-5645-44b5-869f-497d144c7b35"],"teamTags":["36569151-a2fb-43c1-9df7-2df512424c82"],"gameTags":["84d8fcf3-d3d7-45db-a219-5b53d46e7842"],"metadata":{"play":275,"type":4,"after":1.0006132450688396,"before":1.736379382252702,"parent":"4236c7e0-dece-4ad7-8453-aa56e9dc91ad","subPlay":0},"created":"2021-04-15T13:23:07.168Z","season":15,"tournament":-1,"type":118,"day":67,"phase":4,"category":1,"description":"CONSUMERS ATTACK\nFYNN DOYLE","nuts":0}