{"id":"41981347-04ed-47e0-ab31-c492dbc30241","playerTags":["a1628d97-16ca-4a75-b8df-569bae02bef9"],"teamTags":["105bc3ff-1320-4e37-8ef0-8d595cb95dd0"],"gameTags":["7be2a097-e8f2-4c07-9bad-86459ca22078"],"metadata":{"play":123,"type":4,"after":0.011858893021462417,"before":0.011858893021462417,"parent":"b09e78a2-3d3d-4a67-9fcd-a83589ed7f45","subPlay":0},"created":"2021-04-07T15:10:19.803Z","season":14,"tournament":-1,"type":118,"day":47,"phase":4,"category":1,"description":"CONSUMERS ATTACK\nCHORBY SOUL","nuts":51}