{"id":"41c0d9f5-b855-4c31-a100-7403d5d58cae","playerTags":["1e8b09bd-fbdd-444e-bd7e-10326bd57156"],"teamTags":["b72f3061-f573-40d7-832a-5ad475bd7909"],"gameTags":["edab8229-3cea-456f-8dd8-64ff403ba270"],"metadata":{"play":69,"type":4,"after":0.38091327485159737,"before":1.4149118920645116,"parent":"aa590c7e-1cdc-42b8-b3b8-fa5476b35b6d","subPlay":0},"created":"2021-03-04T19:05:59.344Z","season":11,"tournament":-1,"type":118,"day":73,"phase":6,"category":1,"description":"Fletcher Yamamoto had an allergic reaction.","nuts":0}