{"id":"422ec92f-5b18-4fe3-9224-1664c4956174","playerTags":["d6c69d2d-9344-4b19-85a4-6cfcbaead5d2"],"teamTags":["57ec08cc-0411-4643-b304-0e80dbc15ac7"],"gameTags":["85a6649d-4e35-4d17-8259-92e727e5d100"],"metadata":{"play":54,"type":3,"after":0.4989168391470194,"before":0.6134248488108761,"parent":"3c480978-47e2-49c7-9b26-09d80b483593","subPlay":0},"created":"2021-03-04T12:04:31.905Z","season":11,"tournament":-1,"type":118,"day":67,"phase":4,"category":1,"description":"Joshua Watson had blood drained by Isaac Johnson.","nuts":0}