{"id":"4231671b-8a89-40e5-b27f-5df0d2213747","playerTags":["a1628d97-16ca-4a75-b8df-569bae02bef9"],"teamTags":["105bc3ff-1320-4e37-8ef0-8d595cb95dd0"],"gameTags":["f313e81d-6b26-4cda-9662-1c69492e6212"],"metadata":{"play":270,"type":4,"after":0.011858893021462417,"before":0.011858893021462417,"parent":"e2f72f68-bfc3-45e1-97a0-a387ce094fd2","subPlay":0},"created":"2021-04-06T07:23:28.299Z","season":14,"tournament":-1,"type":118,"day":16,"phase":2,"category":1,"description":"CONSUMERS ATTACK\nCHORBY SOUL","nuts":54}