{"id":"43000bd3-835a-4584-b046-3e7b07df9d63","playerTags":["a1628d97-16ca-4a75-b8df-569bae02bef9"],"teamTags":["105bc3ff-1320-4e37-8ef0-8d595cb95dd0"],"gameTags":["d491c364-e5e1-4fbb-bf97-fefb82a6e0d5"],"metadata":{"play":139,"type":4,"after":0.011858893021462417,"before":0.011858893021462417,"parent":"0614df59-4f38-4fe1-963d-95dbca759898","subPlay":0},"created":"2021-04-08T17:11:52.148Z","season":14,"tournament":-1,"type":118,"day":72,"phase":6,"category":1,"description":"CONSUMERS ATTACK\nCHORBY SOUL","nuts":53}