{"id":"4544da7f-b84e-4807-b1db-5449bf353b77","playerTags":["12577256-bc4e-4955-81d6-b422d895fb12"],"teamTags":["b63be8c2-576a-4d6e-8daf-814f8bcea96f"],"gameTags":["e348e241-29c4-4dc0-9ff1-563e80766284"],"metadata":{"play":142,"type":3,"after":0.4330329417727991,"before":0.5346220864186916,"parent":"14661718-2d97-48ec-8183-8c7d8529978b","subPlay":0},"created":"2021-03-11T03:12:13.127Z","season":12,"tournament":-1,"type":118,"day":58,"phase":4,"category":1,"description":"Jasmine Washington had blood drained by Karato Bean.","nuts":0}