{"id":"45c78a10-499c-44c5-8467-5d1c37436b7e","playerTags":["6a567da6-7c96-44d3-85de-e5a08a919250"],"teamTags":["c73b705c-40ad-4633-a6ed-d357ee2e2bcf"],"gameTags":["030a8484-156e-4a0d-8a1a-9f241fdb746b"],"metadata":{"play":14,"type":4,"after":1.4820972876710639,"before":2.4298211952062303,"parent":"6a3ff601-69fa-4eea-9927-e83092965349","subPlay":0},"created":"2021-03-01T21:01:06.869Z","season":11,"tournament":-1,"type":118,"day":5,"phase":2,"category":1,"description":"Cudi Di Batterino had an allergic reaction.","nuts":0}