{"id":"468da873-2027-4806-9f2b-d68a624500f8","playerTags":["a1628d97-16ca-4a75-b8df-569bae02bef9"],"teamTags":["105bc3ff-1320-4e37-8ef0-8d595cb95dd0"],"gameTags":["080c7b7d-f716-4c8a-bd1a-7aedd5b38ea8"],"metadata":{"play":112,"type":4,"after":0.011858893021462417,"before":0.011858893021462417,"parent":"1ce53e51-483d-41b0-83a8-99216614858f","subPlay":0},"created":"2021-04-06T09:09:32.931Z","season":14,"tournament":-1,"type":118,"day":18,"phase":2,"category":1,"description":"CONSUMERS ATTACK\nCHORBY SOUL","nuts":50}