{"id":"49e8a1ff-cf07-440e-bdf1-cd16045deca8","playerTags":["f38c5d80-093f-46eb-99d6-942aa45cd921"],"teamTags":["36569151-a2fb-43c1-9df7-2df512424c82"],"gameTags":["dc564ff6-6973-4292-9cd1-b09f8dce688b"],"metadata":{"play":84,"type":4,"after":2.498181172403047,"before":2.977648774760305,"parent":"9ee9658d-184e-40aa-a79d-9ad0cc904cd3","subPlay":0},"created":"2021-04-08T22:07:02.918Z","season":14,"tournament":-1,"type":118,"day":77,"phase":6,"category":1,"description":"CONSUMERS ATTACK\nANDREW SOLIS","nuts":7}