{"id":"4a2821c2-646d-46cd-a308-00bd077ca321","playerTags":["a1628d97-16ca-4a75-b8df-569bae02bef9"],"teamTags":["36569151-a2fb-43c1-9df7-2df512424c82"],"gameTags":["22a60850-ac00-4671-a041-12e655589e68"],"metadata":{"play":59,"type":4,"after":0.011858893021462417,"before":0.011858893021462417,"parent":"725e51f5-6ba7-4491-b8d0-76e9da39dffb","subPlay":0},"created":"2021-04-13T02:04:52.212Z","season":15,"tournament":-1,"type":118,"day":11,"phase":2,"category":1,"description":"CONSUMERS ATTACK\nCHORBY SOUL","nuts":13}