{"id":"4ab2f370-97ad-47cf-9797-40b2e090206f","playerTags":["a1628d97-16ca-4a75-b8df-569bae02bef9"],"teamTags":["105bc3ff-1320-4e37-8ef0-8d595cb95dd0"],"gameTags":["2550ee3f-e0b3-4363-b172-d777f151615a"],"metadata":{"play":280,"type":4,"after":0.011858893021462417,"before":0.011858893021462417,"parent":"da94650d-e86c-4c68-9f3d-392c3c068943","subPlay":0},"created":"2021-04-09T07:23:32.859Z","season":14,"tournament":-1,"type":118,"day":86,"phase":6,"category":1,"description":"CONSUMERS ATTACK\nCHORBY SOUL","nuts":26}