{"id":"4bcf2e89-c3ca-481e-8b5d-ca9707618969","playerTags":["a1628d97-16ca-4a75-b8df-569bae02bef9"],"teamTags":["105bc3ff-1320-4e37-8ef0-8d595cb95dd0"],"gameTags":["91b0bb34-ac1a-4ab8-a816-311f40ea699c"],"metadata":{"play":61,"type":4,"after":0.011858893021462417,"before":0.01205678378271347,"parent":"5cf73b16-30b7-490b-9e63-73256d9c2e8b","subPlay":0},"created":"2021-04-08T02:05:16.507Z","season":14,"tournament":-1,"type":118,"day":58,"phase":4,"category":1,"description":"CONSUMERS ATTACK\nCHORBY SOUL","nuts":31}