{"id":"4c21a843-449f-4dca-86a2-d3621a5ab868","playerTags":["a1628d97-16ca-4a75-b8df-569bae02bef9"],"teamTags":["105bc3ff-1320-4e37-8ef0-8d595cb95dd0"],"gameTags":["e5db1298-bba0-4aa4-bd11-3d163d0366dd"],"metadata":{"play":128,"type":4,"after":0.10295549819680405,"before":0.15318034368779315,"parent":"c9efcd07-c9f6-4a98-8078-4ab20cf37c0c","subPlay":0},"created":"2021-04-05T21:11:02.586Z","season":14,"tournament":-1,"type":118,"day":6,"phase":2,"category":1,"description":"CONSUMERS ATTACK\nCHORBY SOUL","nuts":116}