{"id":"4ce4fb0f-f13b-4010-9d72-8019fbdd7059","playerTags":["ea44bd36-65b4-4f3b-ac71-78d87a540b48"],"teamTags":["a37f9158-7f82-46bc-908c-c9e2dda7c33b"],"gameTags":["cfd8b5ed-7032-4108-ae33-0a1e57971e3c"],"metadata":{"play":64,"type":4,"after":2.5638195937427732,"before":3.4000668913254257,"parent":"46378fbe-2608-4535-931a-df462a261df5","subPlay":0},"created":"2021-03-11T12:05:27.127Z","season":12,"tournament":-1,"type":118,"day":67,"phase":4,"category":1,"description":"Wyatt Pothos had an allergic reaction.","nuts":5}