{"id":"4de4d9ab-a0ea-4ab8-a91d-fd5f446c8fd8","playerTags":["a1628d97-16ca-4a75-b8df-569bae02bef9"],"teamTags":["105bc3ff-1320-4e37-8ef0-8d595cb95dd0"],"gameTags":["999e2be2-9432-41b2-9e09-c3cdde18e468"],"metadata":{"play":186,"type":4,"after":0.011858893021462417,"before":0.011858893021462417,"parent":"1079ef30-2be1-493e-9ee2-fe863cde9565","subPlay":0},"created":"2021-04-07T05:15:49.202Z","season":14,"tournament":-1,"type":118,"day":37,"phase":4,"category":1,"description":"CONSUMERS ATTACK\nCHORBY SOUL","nuts":36}