{"id":"4e0367dd-5f5a-444f-aafe-b492be3b19bb","playerTags":["a1ed3396-114a-40bc-9ff0-54d7e1ad1718"],"teamTags":["b024e975-1c4a-4575-8936-a3754a08806a"],"gameTags":["667555d5-c543-40e7-ab8b-2a8507912eef"],"metadata":{"play":76,"type":4,"after":1.8171937164788818,"before":2.782387230168305,"parent":"8c9c19e5-dfb3-487f-b643-4f9a4b22a928","subPlay":0},"created":"2021-03-04T20:06:29.609Z","season":11,"tournament":-1,"type":118,"day":74,"phase":6,"category":1,"description":"Patel Beyonce had an allergic reaction.","nuts":0}