{"id":"4f31192c-43df-4532-a131-5ce639ae7881","playerTags":["a1628d97-16ca-4a75-b8df-569bae02bef9"],"teamTags":["105bc3ff-1320-4e37-8ef0-8d595cb95dd0"],"gameTags":["ab75e6d8-f8dd-4342-9bf8-db0dc3630d74"],"metadata":{"play":238,"type":4,"after":0.011858893021462417,"before":0.011858893021462417,"parent":"1a3e4e67-7a5d-46b5-8a13-3da796d1015f","subPlay":0},"created":"2021-04-09T03:20:34.494Z","season":14,"tournament":-1,"type":118,"day":82,"phase":6,"category":1,"description":"CONSUMERS ATTACK\nCHORBY SOUL","nuts":22}