{"id":"4f58ece1-ea26-4340-97fa-e6ef6ae2af90","playerTags":["a1628d97-16ca-4a75-b8df-569bae02bef9"],"teamTags":["36569151-a2fb-43c1-9df7-2df512424c82"],"gameTags":["da51417b-4519-485d-a53f-36ee488c498d"],"metadata":{"play":169,"type":4,"after":0.011858893021462417,"before":0.011858893021462417,"parent":"2b656f3c-b092-4f5b-a63a-e1412a96a030","subPlay":0},"created":"2021-04-14T22:14:28.308Z","season":15,"tournament":-1,"type":118,"day":52,"phase":4,"category":1,"description":"CONSUMERS ATTACK\nCHORBY SOUL","nuts":23}