{"id":"5021ec48-da1b-4703-909a-91a8cad58e50","playerTags":["1a93a2d2-b5b6-479b-a595-703e4a2f3885"],"teamTags":["8d87c468-699a-47a8-b40d-cfb73a5660ad"],"gameTags":["eb2331d2-b192-4b04-937d-5a33379cdc01"],"metadata":{"play":156,"type":3,"after":0.8314107564717381,"before":0.9267539503440639,"parent":"d5bef593-abe9-497c-a0cd-0acf1bd4c48f","subPlay":0},"created":"2021-04-14T02:13:23.059Z","season":15,"tournament":-1,"type":118,"day":33,"phase":4,"category":1,"description":"Pedro Davids had blood drained by Glabe Moon.","nuts":1}