{"id":"50a5b951-9a1d-4712-98fc-c85773406f35","playerTags":["a1628d97-16ca-4a75-b8df-569bae02bef9"],"teamTags":["105bc3ff-1320-4e37-8ef0-8d595cb95dd0"],"gameTags":["819fcb8d-e4e2-4129-b05c-70ae436f4f86"],"metadata":{"play":253,"type":4,"after":0.011858893021462417,"before":0.011858893021462417,"parent":"8f03a163-85ca-444b-beda-7e235cef2827","subPlay":0},"created":"2021-04-09T02:22:45.844Z","season":14,"tournament":-1,"type":118,"day":81,"phase":6,"category":1,"description":"CONSUMERS ATTACK\nCHORBY SOUL","nuts":23}