{"id":"511e3dec-5879-4d31-92e6-ba9755c6c638","playerTags":["75f9d874-5e69-438d-900d-a3fcb1d429b3"],"teamTags":["3f8bbb15-61c0-4e3f-8e4a-907a5fb1565e"],"gameTags":["bf762cee-8ad7-42b0-9bb0-4a492b4d9b2f"],"metadata":{"play":36,"type":4,"after":1.36341067402423,"before":2.2516455463446414,"parent":"f5749f7a-c12c-468d-93a0-9695a706c830","subPlay":0},"created":"2021-03-09T05:02:56.665Z","season":12,"tournament":-1,"type":118,"day":13,"phase":2,"category":1,"description":"Moses Mason had an allergic reaction.","nuts":0}