{"id":"518dea0a-b0ae-4331-9f36-bc01fafca05f","playerTags":["cf8e152e-2d27-4dcc-ba2b-68127de4e6a4"],"teamTags":["f02aeae2-5e6a-4098-9842-02d2273f25c7"],"gameTags":["a6332d2b-42a0-4d4b-8781-c270b8a438fe"],"metadata":{"play":209,"type":3,"after":0.6310629935326916,"before":0.7293565949085329,"parent":"118230f0-8660-49ff-8baf-39ed911aee64","subPlay":0},"created":"2021-03-11T00:18:03.888Z","season":12,"tournament":-1,"type":118,"day":55,"phase":4,"category":1,"description":"Hendricks Richardson had blood drained by Halexandrey Walton.","nuts":0}