{"id":"51e47033-fa73-497b-afd1-d34b24895561","playerTags":["a1628d97-16ca-4a75-b8df-569bae02bef9"],"teamTags":["105bc3ff-1320-4e37-8ef0-8d595cb95dd0"],"gameTags":["08acedaf-056e-43b4-b612-27de2420c1b4"],"metadata":{"play":303,"type":4,"after":0.011858893021462417,"before":0.011858893021462417,"parent":"71607f75-f188-45fb-97f8-853b00cac182","subPlay":0},"created":"2021-04-09T06:27:06.126Z","season":14,"tournament":-1,"type":118,"day":85,"phase":6,"category":1,"description":"CONSUMERS ATTACK\nCHORBY SOUL","nuts":26}