{"id":"51f6f641-bfe3-4dc7-833a-b023cd1adcab","playerTags":["a1628d97-16ca-4a75-b8df-569bae02bef9"],"teamTags":["36569151-a2fb-43c1-9df7-2df512424c82"],"gameTags":["e1a10bd6-a86c-4d46-861d-b0f7af866b4c"],"metadata":{"play":187,"type":4,"after":0.011858893021462417,"before":0.011858893021462417,"parent":"c64ae736-6aba-4c52-b5e1-d27e79171c76","subPlay":0},"created":"2021-04-13T01:16:11.726Z","season":15,"tournament":-1,"type":118,"day":10,"phase":2,"category":1,"description":"CONSUMERS ATTACK\nCHORBY SOUL","nuts":15}