{"id":"52d524da-4eb5-4459-a648-e60ae6f40a8a","playerTags":["c22e3af5-9001-465f-b450-864d7db2b4a0"],"teamTags":["b63be8c2-576a-4d6e-8daf-814f8bcea96f"],"gameTags":["8c867837-f599-46e7-8533-a5f098a37d00"],"metadata":{"play":302,"type":1,"after":0.6005182050312882,"before":0.7220422318838281,"parent":"6bda41c2-a912-441d-b6be-ce256e7e33ec","subPlay":0},"created":"2021-03-10T15:25:36.950Z","season":12,"tournament":-1,"type":118,"day":46,"phase":4,"category":1,"description":"Logan Horseman had blood drained by Glabe Moon.","nuts":0}