{"id":"53560987-67d7-4d12-981d-7e5108974191","playerTags":["3822990b-5ee0-404a-9e06-846bb29f3faf"],"teamTags":["bb4a9de5-c924-4923-a0cb-9d1445f1ee5d"],"gameTags":["267af892-5909-4eb0-a1aa-d3c1839cfc9f"],"metadata":{"play":28,"type":3,"after":0.37703153497854774,"before":0.6546804508256183,"parent":"453e6de1-1c63-431f-9005-86987cf19a92","subPlay":0},"created":"2021-03-09T10:02:16.821Z","season":12,"tournament":-1,"type":118,"day":18,"phase":2,"category":1,"description":"Cantus Hojo had blood drained by Dudley Mueller.","nuts":0}