{"id":"541d5d70-c0bb-4e73-8553-b1169a348f3f","playerTags":["a1628d97-16ca-4a75-b8df-569bae02bef9"],"teamTags":["105bc3ff-1320-4e37-8ef0-8d595cb95dd0"],"gameTags":["7be2a097-e8f2-4c07-9bad-86459ca22078"],"metadata":{"play":150,"type":4,"after":0.011858893021462417,"before":0.011858893021462417,"parent":"3f1c798a-50b1-4723-8b28-8aeade619a12","subPlay":0},"created":"2021-04-07T15:12:49.683Z","season":14,"tournament":-1,"type":118,"day":47,"phase":4,"category":1,"description":"CONSUMERS ATTACK\nCHORBY SOUL","nuts":34}