{"id":"5569f4fc-8b30-42f9-a97c-4ebc48558365","playerTags":["c18961e9-ef3f-4954-bd6b-9fe01c615186"],"teamTags":["105bc3ff-1320-4e37-8ef0-8d595cb95dd0"],"gameTags":["927dc1be-53c8-4a9f-a308-1b04692ecaf7"],"metadata":{"play":366,"type":4,"after":1.3439288926181168,"before":1.9141675182208477,"parent":"aa7fda1d-6825-481b-bc11-4236fdf82101","subPlay":0},"created":"2021-04-07T06:31:41.433Z","season":14,"tournament":-1,"type":118,"day":38,"phase":4,"category":1,"description":"CONSUMERS ATTACK\nCARMELO PLUMS","nuts":5}