{"id":"557928b8-477e-47c2-8354-8b77826a12af","playerTags":["a1628d97-16ca-4a75-b8df-569bae02bef9"],"teamTags":["36569151-a2fb-43c1-9df7-2df512424c82"],"gameTags":["83fe1317-bb42-4728-b1e9-615ba3e11263"],"metadata":{"play":28,"type":4,"after":0.011858893021462417,"before":0.01205678378271347,"parent":"3c747318-49a0-404a-8832-a339319ca3dc","subPlay":0},"created":"2021-04-12T18:02:16.781Z","season":15,"tournament":-1,"type":118,"day":3,"phase":2,"category":1,"description":"CONSUMERS ATTACK\nCHORBY SOUL","nuts":24}