{"id":"57450a7d-2fdd-4903-b847-ac2847934d3d","playerTags":["a1628d97-16ca-4a75-b8df-569bae02bef9"],"teamTags":["36569151-a2fb-43c1-9df7-2df512424c82"],"gameTags":["a6328bd6-168a-49bf-bb09-9a96fe64fa12"],"metadata":{"play":42,"type":4,"after":0.011858893021462417,"before":0.011858893021462417,"parent":"2285253c-abb3-4376-aed7-5ca29b839e40","subPlay":0},"created":"2021-04-12T22:03:36.057Z","season":15,"tournament":-1,"type":118,"day":7,"phase":2,"category":1,"description":"CONSUMERS ATTACK\nCHORBY SOUL","nuts":12}