{"id":"590a6f91-53ad-4b2e-8d9a-8419b10f06a0","playerTags":["f3ddfd87-73a2-4681-96fe-829476c97886"],"teamTags":["105bc3ff-1320-4e37-8ef0-8d595cb95dd0"],"gameTags":["2a3b812b-cb4d-4438-bc9a-c32743a5db18"],"metadata":{"play":103,"type":4,"after":1.211998248047364,"before":1.9293987431852881,"parent":"50e6de59-d576-4470-9b2d-c01274344b33","subPlay":0},"created":"2021-04-07T09:08:38.251Z","season":14,"tournament":-1,"type":118,"day":41,"phase":4,"category":1,"description":"CONSUMERS ATTACK\nTHEODORE DUENDE","nuts":5}