{"id":"5954d66c-c01b-415f-b711-d76ca38087ce","playerTags":["03b80a57-77ea-4913-9be4-7a85c3594745"],"teamTags":["878c1bf6-0d21-4659-bfee-916c8314d69c"],"gameTags":["b2cafd20-a799-48f6-abd7-c99bd79a6bd1"],"metadata":{"play":199,"type":4,"after":1.858622849859642,"before":2.4314566090610694,"parent":"e5583820-de06-4001-9372-38dab83b500f","subPlay":0},"created":"2021-03-20T23:16:40.866Z","season":13,"tournament":-1,"type":118,"day":116,"phase":11,"category":1,"description":"CONSUMERS ATTACK\nHALEXANDREY WALTON","nuts":4}