{"id":"59716866-02f1-420e-94b6-9c149e8c3f2c","playerTags":["ae4acebd-edb5-4d20-bf69-f2d5151312ff"],"teamTags":["36569151-a2fb-43c1-9df7-2df512424c82"],"gameTags":["027f022e-eecc-48db-a25e-5dfb01f91c7c"],"metadata":{"play":264,"type":4,"after":2.731516133804444,"before":3.250691589719365,"parent":"7458a10f-6c5b-4c68-906d-a2da6ec41b43","subPlay":0},"created":"2021-04-09T19:22:26.515Z","season":14,"tournament":-1,"type":118,"day":98,"phase":6,"category":1,"description":"CONSUMERS ATTACK\nTHEODORE CERVANTES","nuts":12}