{"id":"59dc8faa-45e8-4c44-9c5b-2b8ed25c1355","playerTags":["a1628d97-16ca-4a75-b8df-569bae02bef9"],"teamTags":["36569151-a2fb-43c1-9df7-2df512424c82"],"gameTags":["0e5304e2-725d-4fbc-8f38-94b1a8e3a975"],"metadata":{"play":10,"type":4,"after":0.011858893021462417,"before":0.011858893021462417,"parent":"e3d1720f-927b-456c-a69f-d7a26755a2ad","subPlay":0},"created":"2021-04-14T21:00:46.658Z","season":15,"tournament":-1,"type":118,"day":51,"phase":4,"category":1,"description":"CONSUMERS ATTACK\nCHORBY SOUL","nuts":10}