{"id":"59e1184b-07e9-40cc-aaeb-b9cc9ab143f7","playerTags":["90c2cec7-0ed5-426a-9de8-754f34d59b39"],"teamTags":["8d87c468-699a-47a8-b40d-cfb73a5660ad"],"gameTags":["a76e4d35-ede8-4c42-a139-eb9cd20483f1"],"metadata":{"play":34,"type":3,"after":1.0384099391275827,"before":1.1290785913774306,"parent":"e2ca1e35-4505-4816-8e26-981bdb50352b","subPlay":0},"created":"2021-04-07T13:02:47.105Z","season":14,"tournament":-1,"type":118,"day":45,"phase":4,"category":1,"description":"--- -o- had blood drained by Cory Ross.","nuts":7}