{"id":"5a3a3816-6a12-4453-93ed-8e06d1267e80","playerTags":["a1628d97-16ca-4a75-b8df-569bae02bef9"],"teamTags":["36569151-a2fb-43c1-9df7-2df512424c82"],"gameTags":["1abdd567-3fdf-42d6-8dc7-ddabd5da5bf9"],"metadata":{"play":225,"type":4,"after":0.011858893021462417,"before":0.011858893021462417,"parent":"7969d437-7e25-4f44-b8b4-16baa7d1e382","subPlay":0},"created":"2021-04-14T10:20:11.342Z","season":15,"tournament":-1,"type":118,"day":40,"phase":4,"category":1,"description":"CONSUMERS ATTACK\nCHORBY SOUL","nuts":6}