{"id":"5a73ea57-a329-4267-9a73-e2b07ced1b2c","playerTags":["a1628d97-16ca-4a75-b8df-569bae02bef9"],"teamTags":["105bc3ff-1320-4e37-8ef0-8d595cb95dd0"],"gameTags":["1466294d-69fb-4386-bed5-4f42887d3cd8"],"metadata":{"play":91,"type":4,"after":0.011858893021462417,"before":0.011858893021462417,"parent":"19d604a4-39ef-4e20-8ef0-34d9c102a10f","subPlay":0},"created":"2021-04-09T09:07:52.371Z","season":14,"tournament":-1,"type":118,"day":88,"phase":6,"category":1,"description":"CONSUMERS ATTACK\nCHORBY SOUL","nuts":42}