{"id":"5a965407-77bf-4ae2-be43-34238bc99649","playerTags":["a1628d97-16ca-4a75-b8df-569bae02bef9"],"teamTags":["105bc3ff-1320-4e37-8ef0-8d595cb95dd0"],"gameTags":["ea4a64d4-921f-4f5a-95e7-ffd805ee0c89"],"metadata":{"play":228,"type":4,"after":0.011858893021462417,"before":0.011858893021462417,"parent":"de9ff65e-4045-4f94-9a28-7bc315a7268f","subPlay":0},"created":"2021-04-09T10:19:21.219Z","season":14,"tournament":-1,"type":118,"day":89,"phase":6,"category":1,"description":"CONSUMERS ATTACK\nCHORBY SOUL","nuts":24}