{"id":"5b8e9b7d-d9be-4843-a332-bef7c13e1493","playerTags":["b60605e6-ff41-4388-a61a-fafd2175f7ad"],"teamTags":["c73b705c-40ad-4633-a6ed-d357ee2e2bcf"],"gameTags":["5d4b697f-b937-4594-9a60-e6cc061f3c82"],"metadata":{"play":61,"type":3,"after":0.6238060076938056,"before":0.7196584462219634,"parent":"cb3df108-3455-44b3-9f10-8b96324d5d4a","subPlay":0},"created":"2021-03-04T06:05:07.062Z","season":11,"tournament":-1,"type":118,"day":61,"phase":4,"category":1,"description":"Elwin McGhee had blood drained by Randy Dennis.","nuts":0}