{"id":"5be6c4d4-a01f-4f91-a817-9ed07e1d6ce0","playerTags":["a1628d97-16ca-4a75-b8df-569bae02bef9"],"teamTags":["36569151-a2fb-43c1-9df7-2df512424c82"],"gameTags":["143b4638-4f18-4e90-9e85-5a2aed52cbdd"],"metadata":{"play":252,"type":4,"after":0.011858893021462417,"before":0.011858893021462417,"parent":"d80b01b6-e62c-4c0c-9995-3f6e772c7040","subPlay":0},"created":"2021-04-13T09:22:26.074Z","season":15,"tournament":-1,"type":118,"day":17,"phase":2,"category":1,"description":"CONSUMERS ATTACK\nCHORBY SOUL","nuts":10}