{"id":"5c2f3710-aa8d-47e2-8b49-67bd94c4ac1d","playerTags":["c31d874c-1b4d-40f2-a1b3-42542e934047"],"teamTags":["eb67ae5e-c4bf-46ca-bbbc-425cd34182ff"],"gameTags":["56239efb-de49-4a15-b376-9f535c34a7d4"],"metadata":{"play":273,"type":4,"after":1.9424156898601872,"before":2.423762889002683,"parent":"23468225-abc8-4062-b885-03708b62f5c2","subPlay":0},"created":"2021-04-10T17:23:02.669Z","season":14,"tournament":-1,"type":118,"day":108,"phase":11,"category":1,"description":"CONSUMERS ATTACK\nCEDRIC SPLIFF","nuts":22}