{"id":"5d9dda9d-a796-499a-b6ff-8de3e0a9d1b7","playerTags":["17392be2-7344-48a0-b4db-8a040a7fb532"],"teamTags":["7966eb04-efcc-499b-8f03-d13916330531"],"gameTags":["d15d79ce-8304-4c57-8c24-6cd8ceb04375"],"metadata":{"play":60,"type":4,"after":1.1292357113806177,"before":1.7522048732471347,"parent":"cd2451e3-976a-4656-a7e8-82276468e5e1","subPlay":0},"created":"2021-03-20T19:05:07.333Z","season":13,"tournament":-1,"type":118,"day":112,"phase":11,"category":1,"description":"CONSUMERS ATTACK\nWASHER BARAJAS","nuts":0}