{"id":"60427a36-f576-4867-920e-55a67e09e6c1","playerTags":["a1628d97-16ca-4a75-b8df-569bae02bef9"],"teamTags":["36569151-a2fb-43c1-9df7-2df512424c82"],"gameTags":["ff31cbf7-4f33-46aa-9b9a-dee3703b43d8"],"metadata":{"play":195,"type":4,"after":0.011858893021462417,"before":0.011858893021462417,"parent":"8c05acde-2742-487c-85fb-3093ccba688d","subPlay":0},"created":"2021-04-15T01:16:48.399Z","season":15,"tournament":-1,"type":118,"day":55,"phase":4,"category":1,"description":"CONSUMERS ATTACK\nCHORBY SOUL","nuts":5}