{"id":"60479225-0c9b-4004-8324-526cbc9796dc","playerTags":["a1628d97-16ca-4a75-b8df-569bae02bef9"],"teamTags":["105bc3ff-1320-4e37-8ef0-8d595cb95dd0"],"gameTags":["91b0bb34-ac1a-4ab8-a816-311f40ea699c"],"metadata":{"play":76,"type":4,"after":0.011858893021462417,"before":0.011858893021462417,"parent":"11778dbd-b4ee-479c-b07b-196ff3858830","subPlay":0},"created":"2021-04-08T02:06:45.905Z","season":14,"tournament":-1,"type":118,"day":58,"phase":4,"category":1,"description":"CONSUMERS ATTACK\nCHORBY SOUL","nuts":31}