{"id":"60d4937f-38ec-4254-9858-a3549b9816d9","playerTags":["a1628d97-16ca-4a75-b8df-569bae02bef9"],"teamTags":["105bc3ff-1320-4e37-8ef0-8d595cb95dd0"],"gameTags":["999e2be2-9432-41b2-9e09-c3cdde18e468"],"metadata":{"play":352,"type":4,"after":0.011858893021462417,"before":0.011858893021462417,"parent":"669adc79-0747-406d-9852-924b730190ef","subPlay":0},"created":"2021-04-07T05:30:31.017Z","season":14,"tournament":-1,"type":118,"day":37,"phase":4,"category":1,"description":"CONSUMERS ATTACK\nCHORBY SOUL","nuts":33}