{"id":"60ff2f7e-4b99-4420-a777-34fcf40d90ca","playerTags":["63df8701-1871-4987-87d7-b55d4f1df2e9"],"teamTags":["878c1bf6-0d21-4659-bfee-916c8314d69c"],"gameTags":["1a71ac6b-e03f-476c-82d7-3e8d58797cef"],"metadata":{"play":243,"type":0,"after":0.7371250216494233,"before":0.8395314187147717,"parent":"d79299ea-7d08-4bcb-af01-0eaa32820a04","subPlay":0},"created":"2021-03-03T03:20:26.360Z","season":11,"tournament":-1,"type":118,"day":34,"phase":4,"category":1,"description":"Mcdowell Mason had blood drained by Richmond Harrison.","nuts":1}