{"id":"61641794-a09d-4ef6-874b-fc2d7b05f803","playerTags":["2f3d7bc7-6ffb-40c3-a94f-5e626be413c9"],"teamTags":["a37f9158-7f82-46bc-908c-c9e2dda7c33b"],"gameTags":["b3436fc8-0876-4cd2-8605-333360d53344"],"metadata":{"play":5,"type":0,"after":0.17614246640200326,"before":0.360219108593668,"parent":"5ec60da1-af86-45b3-8ca8-e49d09b5df7c","subPlay":0},"created":"2021-03-11T16:00:21.104Z","season":12,"tournament":-1,"type":118,"day":71,"phase":4,"category":1,"description":"Elijah Valenzue-a had blood drained by Knight Triumphant.","nuts":0}