{"id":"630cb08d-cbbd-47d5-b05c-c40c183bc582","playerTags":["a1628d97-16ca-4a75-b8df-569bae02bef9"],"teamTags":["105bc3ff-1320-4e37-8ef0-8d595cb95dd0"],"gameTags":["927dc1be-53c8-4a9f-a308-1b04692ecaf7"],"metadata":{"play":317,"type":4,"after":0.011858893021462417,"before":0.011858893021462417,"parent":"0d4ae9bf-5993-4151-b1a7-58f6536f7cec","subPlay":0},"created":"2021-04-07T06:27:15.836Z","season":14,"tournament":-1,"type":118,"day":38,"phase":4,"category":1,"description":"CONSUMERS ATTACK\nCHORBY SOUL","nuts":33}