{"id":"631d7466-c2e1-4d58-a211-86b5e39bee2d","playerTags":["a1628d97-16ca-4a75-b8df-569bae02bef9"],"teamTags":["36569151-a2fb-43c1-9df7-2df512424c82"],"gameTags":["caf1b6ec-4b5b-47a8-a35c-47c3112be008"],"metadata":{"play":139,"type":4,"after":0.011858893021462417,"before":0.011858893021462417,"parent":"85a20170-93b0-4374-b7fc-79d5dc926032","subPlay":0},"created":"2021-04-13T12:12:02.751Z","season":15,"tournament":-1,"type":118,"day":20,"phase":2,"category":1,"description":"CONSUMERS ATTACK\nCHORBY SOUL","nuts":15}