{"id":"6404bc6f-92c4-43ae-8a7f-7e413542bc95","playerTags":["a1628d97-16ca-4a75-b8df-569bae02bef9"],"teamTags":["36569151-a2fb-43c1-9df7-2df512424c82"],"gameTags":["bf00cff8-5116-450d-9e61-cd012ccb10a4"],"metadata":{"play":100,"type":4,"after":0.011858893021462417,"before":0.011858893021462417,"parent":"8064560a-5642-444b-bd6d-206a0f8a626f","subPlay":0},"created":"2021-04-15T08:08:37.203Z","season":15,"tournament":-1,"type":118,"day":62,"phase":4,"category":1,"description":"CONSUMERS ATTACK\nCHORBY SOUL","nuts":16}