{"id":"664ffccb-ae03-4c17-ade0-28fe05e9877c","playerTags":["0295c6c2-b33c-47dd-affa-349da7fa1760"],"teamTags":["a37f9158-7f82-46bc-908c-c9e2dda7c33b"],"gameTags":["344f0f5b-d801-4d4c-8807-2d475a760c16"],"metadata":{"play":112,"type":4,"after":1.0526994330610264,"before":1.9474656691063716,"parent":"fd95126b-622a-4f8c-9c0e-eff70bd10a53","subPlay":0},"created":"2021-03-10T11:09:37.507Z","season":12,"tournament":-1,"type":118,"day":42,"phase":4,"category":1,"description":"Combs Estes had an allergic reaction.","nuts":0}