{"id":"6731ec1e-4db9-438c-a6a2-a850c90e5dfc","playerTags":["020ed630-8bae-4441-95cc-0e4ecc27253b"],"teamTags":["bfd38797-8404-4b38-8b82-341da28b1f83"],"gameTags":["1a0e91ae-6028-4de9-b8ab-91675acce531"],"metadata":{"play":51,"type":4,"after":2.2892220769308,"before":3.070889341515352,"parent":"493f86a3-5d29-4ad5-ac95-7446af6b11cd","subPlay":0},"created":"2021-04-14T11:04:17.101Z","season":15,"tournament":-1,"type":118,"day":41,"phase":4,"category":1,"description":"Simon Haley had an allergic reaction.","nuts":0}