{"id":"678533c0-e4d3-4760-bd7f-a94361b79faa","playerTags":["f0594932-8ef7-4d70-9894-df4be64875d8"],"teamTags":["bfd38797-8404-4b38-8b82-341da28b1f83"],"gameTags":["e9efb201-6c66-4a94-ac95-80882e121bcc"],"metadata":{"play":265,"type":4,"after":1.861618339633619,"before":2.77171604886607,"parent":"14c220e5-7adc-4ecb-8c14-2a4d9ad750bf","subPlay":0},"created":"2021-03-18T18:22:26.918Z","season":13,"tournament":-1,"type":118,"day":73,"phase":6,"category":1,"description":"Fitzgerald Wanderlust had an allergic reaction.","nuts":1}