{"id":"68162e3b-3dac-4827-a010-17bc35263f19","playerTags":["a1628d97-16ca-4a75-b8df-569bae02bef9"],"teamTags":["36569151-a2fb-43c1-9df7-2df512424c82"],"gameTags":["80423300-c710-4e21-b624-88b8eb3c4476"],"metadata":{"play":266,"type":4,"after":0.011858893021462417,"before":0.011858893021462417,"parent":"dd398b85-0ca7-415a-a313-d4b43d343239","subPlay":0},"created":"2021-04-14T16:22:46.040Z","season":15,"tournament":-1,"type":118,"day":46,"phase":4,"category":1,"description":"CONSUMERS ATTACK\nCHORBY SOUL","nuts":13}