{"id":"6874e10d-4162-4aaa-a60e-b858eaa0b0d4","playerTags":["a1628d97-16ca-4a75-b8df-569bae02bef9"],"teamTags":["105bc3ff-1320-4e37-8ef0-8d595cb95dd0"],"gameTags":["64f7f649-c579-484d-82f6-26d92490ef52"],"metadata":{"play":284,"type":4,"after":0.011858893021462417,"before":0.011858893021462417,"parent":"b77aec1b-ee79-40af-9871-57e957ed32c6","subPlay":0},"created":"2021-04-08T05:24:44.127Z","season":14,"tournament":-1,"type":118,"day":61,"phase":4,"category":1,"description":"CONSUMERS ATTACK\nCHORBY SOUL","nuts":30}