{"id":"6a2c1bdc-7a1a-4920-ab0d-8a0fec360544","playerTags":["a1628d97-16ca-4a75-b8df-569bae02bef9"],"teamTags":["36569151-a2fb-43c1-9df7-2df512424c82"],"gameTags":["ccb65d94-ddf9-40f4-b0cc-5e0cc83968b5"],"metadata":{"play":282,"type":4,"after":0.011858893021462417,"before":0.011858893021462417,"parent":"e69f1121-d22e-47cb-a936-d049006fa16b","subPlay":0},"created":"2021-04-15T11:24:24.830Z","season":15,"tournament":-1,"type":118,"day":65,"phase":4,"category":1,"description":"CONSUMERS ATTACK\nCHORBY SOUL","nuts":7}