{"id":"6b9bb5dc-2d6a-4fdd-8ff9-e02af47f3e04","playerTags":["4b3e8e9b-6de1-4840-8751-b1fb45dc5605"],"teamTags":["36569151-a2fb-43c1-9df7-2df512424c82"],"gameTags":["24632d6a-7f5c-4e39-bb87-034b03f7aab0"],"metadata":{"play":267,"type":4,"after":1.9219744454616818,"before":2.5049264101194693,"parent":"b0adf0a1-e652-4118-9c39-35c318429cad","subPlay":0},"created":"2021-04-09T13:22:55.487Z","season":14,"tournament":-1,"type":118,"day":92,"phase":6,"category":1,"description":"CONSUMERS ATTACK\nTHOMAS DRACAENA","nuts":7}