{"id":"6bacd6d9-29a6-45e8-abec-a94a35c04e28","playerTags":["19241aa4-38e3-45ed-9750-68f4401f80e1"],"teamTags":["c73b705c-40ad-4633-a6ed-d357ee2e2bcf"],"gameTags":["2577e6e6-4936-45af-8131-7407940f6917"],"metadata":{"play":148,"type":4,"after":1.7519503749580934,"before":2.733723522583272,"parent":"2a3dee8e-ca5f-409d-b679-05d6cd1d40ab","subPlay":0},"created":"2021-04-06T05:12:38.171Z","season":14,"tournament":-1,"type":118,"day":14,"phase":2,"category":1,"description":"Ayanna Dumpington had an allergic reaction.","nuts":2}