{"id":"6cac767e-c844-4aa1-9095-866c94244cff","playerTags":["a1628d97-16ca-4a75-b8df-569bae02bef9"],"teamTags":["105bc3ff-1320-4e37-8ef0-8d595cb95dd0"],"gameTags":["6fabfdc1-38c0-4516-8035-b6b122944186"],"metadata":{"play":89,"type":4,"after":0.325040032469787,"before":0.5212734953774425,"parent":"47f86d82-7b6c-4d1e-9da7-8a269773d9d3","subPlay":0},"created":"2021-04-05T20:07:37.735Z","season":14,"tournament":-1,"type":118,"day":5,"phase":2,"category":1,"description":"CONSUMERS ATTACK\nCHORBY SOUL","nuts":120}