{"id":"6e7b495d-a409-4f20-bc0f-d1e9fd3bbe2c","playerTags":["a1628d97-16ca-4a75-b8df-569bae02bef9"],"teamTags":["105bc3ff-1320-4e37-8ef0-8d595cb95dd0"],"gameTags":["9cd46c1b-f090-45e8-bdc5-c199f5bb3a59"],"metadata":{"play":87,"type":4,"after":0.011858893021462417,"before":0.011858893021462417,"parent":"dd85bf1e-eafc-4f0d-8c7d-e903d2e0b51a","subPlay":0},"created":"2021-04-08T00:07:13.128Z","season":14,"tournament":-1,"type":118,"day":56,"phase":4,"category":1,"description":"CONSUMERS ATTACK\nCHORBY SOUL","nuts":38}