{"id":"6e7dbdaa-67d0-4a33-905c-ecbbcefd8470","playerTags":["a1628d97-16ca-4a75-b8df-569bae02bef9"],"teamTags":["105bc3ff-1320-4e37-8ef0-8d595cb95dd0"],"gameTags":["68957dd1-6f96-4465-be4b-4658f0586736"],"metadata":{"play":110,"type":4,"after":0.011858893021462417,"before":0.011858893021462417,"parent":"d1b1ba15-4f71-4e0b-8a8a-bd2f1ef9cf24","subPlay":0},"created":"2021-04-09T05:09:13.946Z","season":14,"tournament":-1,"type":118,"day":84,"phase":6,"category":1,"description":"CONSUMERS ATTACK\nCHORBY SOUL","nuts":25}