{"id":"6ec75337-ff25-47a1-859c-cfd1198aa6f7","playerTags":["126fb128-7c53-45b5-ac2b-5dbf9943d71b"],"teamTags":["f02aeae2-5e6a-4098-9842-02d2273f25c7"],"gameTags":["f41b68f9-4890-4a81-a499-7e2b88f96226"],"metadata":{"play":203,"type":2,"after":0.1366289776268407,"before":0.17783103848510973,"parent":"b8a8b680-ac73-49f8-b14f-4a6924280768","subPlay":0},"created":"2021-03-02T12:17:24.252Z","season":11,"tournament":-1,"type":118,"day":20,"phase":2,"category":1,"description":"Sigmund Castillo had blood drained by Halexandrey Walton.","nuts":0}