{"id":"6f3e15dd-b35e-46d1-8423-ea9c21aa5c90","playerTags":["a1628d97-16ca-4a75-b8df-569bae02bef9"],"teamTags":["105bc3ff-1320-4e37-8ef0-8d595cb95dd0"],"gameTags":["74331304-8d35-4606-b340-105cea59ffee"],"metadata":{"play":249,"type":4,"after":0.011858893021462417,"before":0.011858893021462417,"parent":"e9ff992a-b857-4934-9323-a5f1a798977b","subPlay":0},"created":"2021-04-07T01:21:52.679Z","season":14,"tournament":-1,"type":118,"day":33,"phase":4,"category":1,"description":"CONSUMERS ATTACK\nCHORBY SOUL","nuts":39}