{"id":"6f6159c1-2898-4789-9a99-2dd88c70e5f4","playerTags":["2720559e-9173-4042-aaa0-d3852b72ab2e"],"teamTags":["747b8e4a-7e50-4638-a973-ea7950a3e739"],"gameTags":["5d02a9f5-6b0f-464b-8dfe-71361f7af95e"],"metadata":{"play":13,"type":4,"after":1.611992859326989,"before":1.8917629910811193,"parent":"ec824de1-9c9d-4fa1-89fb-38590ec6a64f","subPlay":0},"created":"2021-03-20T18:01:01.235Z","season":13,"tournament":-1,"type":118,"day":111,"phase":11,"category":1,"description":"CONSUMERS ATTACK\nHIROTO WILCOX","nuts":4}