{"id":"7087ea00-70bf-4194-8948-8e93063583e6","playerTags":["a1628d97-16ca-4a75-b8df-569bae02bef9"],"teamTags":["105bc3ff-1320-4e37-8ef0-8d595cb95dd0"],"gameTags":["927dc1be-53c8-4a9f-a308-1b04692ecaf7"],"metadata":{"play":98,"type":4,"after":0.011858893021462417,"before":0.011858893021462417,"parent":"17984bd4-fd4e-4d8a-b910-637eb4ec87da","subPlay":0},"created":"2021-04-07T06:08:17.740Z","season":14,"tournament":-1,"type":118,"day":38,"phase":4,"category":1,"description":"CONSUMERS ATTACK\nCHORBY SOUL","nuts":31}