{"id":"70fb1f51-1dd5-4317-9837-4ac4381b67e7","playerTags":["a1628d97-16ca-4a75-b8df-569bae02bef9"],"teamTags":["36569151-a2fb-43c1-9df7-2df512424c82"],"gameTags":["ff31cbf7-4f33-46aa-9b9a-dee3703b43d8"],"metadata":{"play":276,"type":4,"after":0.011858893021462417,"before":0.011858893021462417,"parent":"7c916574-d701-45e2-b5d5-8af975fac289","subPlay":0},"created":"2021-04-15T01:23:49.363Z","season":15,"tournament":-1,"type":118,"day":55,"phase":4,"category":1,"description":"CONSUMERS ATTACK\nCHORBY SOUL","nuts":11}