{"id":"71407c38-f020-4326-abbf-b7a2490698db","playerTags":["0295c6c2-b33c-47dd-affa-349da7fa1760"],"teamTags":["a37f9158-7f82-46bc-908c-c9e2dda7c33b"],"gameTags":["b3436fc8-0876-4cd2-8605-333360d53344"],"metadata":{"play":83,"type":3,"after":0.14910274124121303,"before":0.3256978468686158,"parent":"921b6b1f-145d-4fb6-b852-caa7f344ba77","subPlay":0},"created":"2021-03-11T16:07:06.902Z","season":12,"tournament":-1,"type":118,"day":71,"phase":4,"category":1,"description":"Combs Estes had blood drained by Knight Triumphant.","nuts":0}