{"id":"725fb742-8a75-4538-9d4b-2bf5ca9fb992","playerTags":["a1628d97-16ca-4a75-b8df-569bae02bef9"],"teamTags":["36569151-a2fb-43c1-9df7-2df512424c82"],"gameTags":["143b4638-4f18-4e90-9e85-5a2aed52cbdd"],"metadata":{"play":254,"type":4,"after":0.011858893021462417,"before":0.011858893021462417,"parent":"6e30e2d2-14ab-47f1-aaf4-f9b5c4404404","subPlay":0},"created":"2021-04-13T09:22:50.229Z","season":15,"tournament":-1,"type":118,"day":17,"phase":2,"category":1,"description":"CONSUMERS ATTACK\nCHORBY SOUL","nuts":8}