{"id":"73275f7c-4dff-4a56-8e18-2b3967067de7","playerTags":["a1628d97-16ca-4a75-b8df-569bae02bef9"],"teamTags":["36569151-a2fb-43c1-9df7-2df512424c82"],"gameTags":["64e0c129-26f6-4c18-97df-154b06712cea"],"metadata":{"play":91,"type":4,"after":0.011858893021462417,"before":0.011858893021462417,"parent":"d3e34595-cb99-4af4-9960-32251bba6513","subPlay":0},"created":"2021-04-14T09:08:01.354Z","season":15,"tournament":-1,"type":118,"day":39,"phase":4,"category":1,"description":"CONSUMERS ATTACK\nCHORBY SOUL","nuts":5}