{"id":"746243d9-22a4-4c86-a69a-b03bd065435b","playerTags":["a1628d97-16ca-4a75-b8df-569bae02bef9"],"teamTags":["105bc3ff-1320-4e37-8ef0-8d595cb95dd0"],"gameTags":["e633f5b0-03f7-4962-97b3-5fdc8c3f0a86"],"metadata":{"play":167,"type":4,"after":0.011858893021462417,"before":0.011858893021462417,"parent":"d169ed38-5a57-4a93-a369-4a7c25bc08f1","subPlay":0},"created":"2021-04-08T12:14:46.644Z","season":14,"tournament":-1,"type":118,"day":68,"phase":4,"category":1,"description":"CONSUMERS ATTACK\nCHORBY SOUL","nuts":26}