{"id":"7901c0fe-9735-4ec3-ae92-3ccbf768356b","playerTags":["a1628d97-16ca-4a75-b8df-569bae02bef9"],"teamTags":["105bc3ff-1320-4e37-8ef0-8d595cb95dd0"],"gameTags":["c9807a38-309f-4ca8-9bdf-3b4214dfbee1"],"metadata":{"play":175,"type":4,"after":0.011858893021462417,"before":0.011858893021462417,"parent":"ae66d2f2-38aa-493b-bff0-bc62d5a608a1","subPlay":0},"created":"2021-04-08T14:14:53.938Z","season":14,"tournament":-1,"type":118,"day":70,"phase":4,"category":1,"description":"CONSUMERS ATTACK\nCHORBY SOUL","nuts":33}