{"id":"7a447bd1-112a-494e-ac67-b0a5865c7ebc","playerTags":["a1628d97-16ca-4a75-b8df-569bae02bef9"],"teamTags":["105bc3ff-1320-4e37-8ef0-8d595cb95dd0"],"gameTags":["bc5d7645-4e2b-4b70-bd95-ba84d628023e"],"metadata":{"play":123,"type":4,"after":0.011858893021462417,"before":0.011858893021462417,"parent":"a4441cd1-3d72-4dd3-9d44-bf7cdf8d77ff","subPlay":0},"created":"2021-04-06T15:10:32.891Z","season":14,"tournament":-1,"type":118,"day":24,"phase":2,"category":1,"description":"CONSUMERS ATTACK\nCHORBY SOUL","nuts":71}