{"id":"7a80beb2-d96e-4ee0-a2d7-13d92da7c1dd","playerTags":["a1628d97-16ca-4a75-b8df-569bae02bef9"],"teamTags":["36569151-a2fb-43c1-9df7-2df512424c82"],"gameTags":["e1a10bd6-a86c-4d46-861d-b0f7af866b4c"],"metadata":{"play":38,"type":4,"after":0.011858893021462417,"before":0.011858893021462417,"parent":"822c28ec-9821-4dbd-b9f1-1727a3e0fd09","subPlay":0},"created":"2021-04-13T01:03:06.882Z","season":15,"tournament":-1,"type":118,"day":10,"phase":2,"category":1,"description":"CONSUMERS ATTACK\nCHORBY SOUL","nuts":16}