{"id":"7b379e94-28d8-442f-8dab-dbeaa3883b71","playerTags":["e3c514ae-f813-470e-9c91-d5baf5ffcf16"],"teamTags":["105bc3ff-1320-4e37-8ef0-8d595cb95dd0"],"gameTags":["74331304-8d35-4606-b340-105cea59ffee"],"metadata":{"play":134,"type":4,"after":2.1445101377454163,"before":2.732007097101642,"parent":"1e51c1b1-a384-40bc-9d18-1bd43d487c4e","subPlay":0},"created":"2021-04-07T01:11:37.462Z","season":14,"tournament":-1,"type":118,"day":33,"phase":4,"category":1,"description":"CONSUMERS ATTACK\nTOT CLARK","nuts":4}