{"id":"7bffe19f-c042-427b-abdf-d0c692f111ea","playerTags":["a1628d97-16ca-4a75-b8df-569bae02bef9"],"teamTags":["36569151-a2fb-43c1-9df7-2df512424c82"],"gameTags":["a490e016-a821-4317-8001-da1e1aa5d099"],"metadata":{"play":311,"type":4,"after":0.011858893021462417,"before":0.011858893021462417,"parent":"5e003854-4204-4093-8d83-ee630192660f","subPlay":0},"created":"2021-04-15T16:27:12.626Z","season":15,"tournament":-1,"type":118,"day":70,"phase":4,"category":1,"description":"CONSUMERS ATTACK\nCHORBY SOUL","nuts":5}