{"id":"7cd3f83e-dcea-49bd-a98b-9d18b9d3b93d","playerTags":["a1628d97-16ca-4a75-b8df-569bae02bef9"],"teamTags":["105bc3ff-1320-4e37-8ef0-8d595cb95dd0"],"gameTags":["1466294d-69fb-4386-bed5-4f42887d3cd8"],"metadata":{"play":232,"type":4,"after":0.011858893021462417,"before":0.011858893021462417,"parent":"134c8d9e-fda4-4f0b-833e-82976dd326a9","subPlay":0},"created":"2021-04-09T09:20:37.139Z","season":14,"tournament":-1,"type":118,"day":88,"phase":6,"category":1,"description":"CONSUMERS ATTACK\nCHORBY SOUL","nuts":27}