{"id":"7d1afe33-f9dd-4cea-a22d-263d43464a93","playerTags":["a1628d97-16ca-4a75-b8df-569bae02bef9"],"teamTags":["36569151-a2fb-43c1-9df7-2df512424c82"],"gameTags":["67a3da1d-218a-40ba-8f39-92fb935e888c"],"metadata":{"play":129,"type":4,"after":0.011858893021462417,"before":0.011858893021462417,"parent":"63bbd56d-2608-4072-b9a4-f5c6db6a7b5d","subPlay":0},"created":"2021-04-15T12:11:16.882Z","season":15,"tournament":-1,"type":118,"day":66,"phase":4,"category":1,"description":"CONSUMERS ATTACK\nCHORBY SOUL","nuts":2}