{"id":"7d2dfdd8-8b55-4d99-9df0-eb58373b1f6f","playerTags":["a1628d97-16ca-4a75-b8df-569bae02bef9"],"teamTags":["105bc3ff-1320-4e37-8ef0-8d595cb95dd0"],"gameTags":["6fabfdc1-38c0-4516-8035-b6b122944186"],"metadata":{"play":282,"type":4,"after":0.15318034368779315,"before":0.325040032469787,"parent":"2c91a477-e04f-41bd-a445-130b288f3ce7","subPlay":0},"created":"2021-04-05T20:24:29.688Z","season":14,"tournament":-1,"type":118,"day":5,"phase":2,"category":1,"description":"CONSUMERS ATTACK\nCHORBY SOUL","nuts":134}