{"id":"7d4ca5a6-9107-4ae8-8464-4bac3123a07b","playerTags":["80de2b05-e0d4-4d33-9297-9951b2b5c950"],"teamTags":["8d87c468-699a-47a8-b40d-cfb73a5660ad"],"gameTags":["4e927f04-c58f-4657-99d3-c8a9597d4c77"],"metadata":{"play":81,"type":4,"after":2.6841917546273857,"before":3.233203640229023,"parent":"178413ab-afdf-4bbc-8bdb-e71e86cf1629","subPlay":0},"created":"2021-04-10T02:06:42.832Z","season":14,"tournament":-1,"type":118,"day":103,"phase":9,"category":1,"description":"CONSUMERS ATTACK\nALYSSA HARRELL","nuts":22}