{"id":"7da22c21-e5ec-446c-b6f8-55d64edd7941","playerTags":["da0bbbe6-d13c-40cc-9594-8c476975d93d"],"teamTags":["23e4cbc1-e9cd-47fa-a35b-bfa06f726cb7"],"gameTags":["2d9b2fcb-2895-40f0-a9c1-1258be3ad825"],"metadata":{"play":48,"type":1,"after":0.0518471169902494,"before":0.20028272659929816,"parent":"969f96b0-16d8-41bb-9278-5abd24d9b63d","subPlay":0},"created":"2021-03-04T05:04:01.871Z","season":11,"tournament":-1,"type":118,"day":60,"phase":4,"category":1,"description":"Lang Richardson had blood drained by Knight Triumphant.","nuts":0}