{"id":"7db32981-e95f-49cf-a7d5-9b7bc2a03842","playerTags":["a1628d97-16ca-4a75-b8df-569bae02bef9"],"teamTags":["105bc3ff-1320-4e37-8ef0-8d595cb95dd0"],"gameTags":["1466294d-69fb-4386-bed5-4f42887d3cd8"],"metadata":{"play":165,"type":4,"after":0.011858893021462417,"before":0.011858893021462417,"parent":"fd1d4263-ae4d-410f-8041-a073b170fb89","subPlay":0},"created":"2021-04-09T09:14:37.026Z","season":14,"tournament":-1,"type":118,"day":88,"phase":6,"category":1,"description":"CONSUMERS ATTACK\nCHORBY SOUL","nuts":24}