{"id":"7db6a4ca-30c3-41cc-ae63-884e6b90cbc1","playerTags":["a1628d97-16ca-4a75-b8df-569bae02bef9"],"teamTags":["105bc3ff-1320-4e37-8ef0-8d595cb95dd0"],"gameTags":["beea2123-8125-4992-a0c0-abd66dfd4374"],"metadata":{"play":231,"type":4,"after":0.011858893021462417,"before":0.011858893021462417,"parent":"894e31d4-bb98-4cf2-8e1c-cbfdd47b2609","subPlay":0},"created":"2021-04-08T19:20:41.030Z","season":14,"tournament":-1,"type":118,"day":74,"phase":6,"category":1,"description":"CONSUMERS ATTACK\nCHORBY SOUL","nuts":44}