{"id":"7de83382-c27e-4710-80e2-74ebed57570c","playerTags":["61bbbf34-98c1-4bf6-bd0c-56c19199b35e"],"teamTags":["8d87c468-699a-47a8-b40d-cfb73a5660ad"],"gameTags":["6b57b95e-8ad9-4caa-acc7-336d8f2d9bb3"],"metadata":{"play":88,"type":2,"after":0.7517375668934428,"before":0.8381823787380248,"parent":"ca63da40-db6c-4bc3-86fa-dff7b43aae03","subPlay":0},"created":"2021-03-12T01:07:27.469Z","season":12,"tournament":-1,"type":118,"day":79,"phase":6,"category":1,"description":"Squid Galvanic had blood drained by Elvis Figueroa.","nuts":0}