{"id":"8536487d-b6da-416c-8b25-e7fb03acc1d0","playerTags":["a1628d97-16ca-4a75-b8df-569bae02bef9"],"teamTags":["36569151-a2fb-43c1-9df7-2df512424c82"],"gameTags":["d018eda1-b0cf-41e8-9e7e-8a492ea947c0"],"metadata":{"play":306,"type":4,"after":0.011858893021462417,"before":0.011858893021462417,"parent":"f2930624-0b0b-495c-90c3-ed2989a03257","subPlay":0},"created":"2021-04-15T05:26:48.540Z","season":15,"tournament":-1,"type":118,"day":59,"phase":4,"category":1,"description":"CONSUMERS ATTACK\nCHORBY SOUL","nuts":16}