{"id":"872c1208-da1d-4404-a909-c01dd74c9921","playerTags":["fa477c92-39b6-4a52-b065-40af2f29840a"],"teamTags":["bfd38797-8404-4b38-8b82-341da28b1f83"],"gameTags":["227087e0-4eb4-4983-8290-7cb1ac18a070"],"metadata":{"play":69,"type":1,"after":0.032122011595561724,"before":0.07385868060096423,"parent":"0b5d3538-c409-4366-a479-d314da1457a7","subPlay":0},"created":"2021-03-04T04:05:51.995Z","season":11,"tournament":-1,"type":118,"day":59,"phase":4,"category":1,"description":"Howell Franklin had blood drained by Winnie Hess.","nuts":3}