{"id":"89737d2a-ada0-44eb-abb2-39014a19cf97","playerTags":["03f920cc-411f-44ef-ae66-98a44e883291"],"teamTags":["bfd38797-8404-4b38-8b82-341da28b1f83"],"gameTags":["0aa21834-6d27-4e44-94d8-c62d93547920"],"metadata":{"play":18,"type":4,"after":1.637531914321186,"before":2.4444864443935717,"parent":"8697f27b-0523-4591-9de8-ac8878dfa0e3","subPlay":0},"created":"2021-04-09T19:01:26.905Z","season":14,"tournament":-1,"type":118,"day":98,"phase":6,"category":1,"description":"CONSUMERS ATTACK\nCORNELIUS GAMES","nuts":1}