{"id":"8a06ace2-2f7e-4822-b189-d71f0652b7b6","playerTags":["c0732e36-3731-4f1a-abdc-daa9563b6506"],"teamTags":["8d87c468-699a-47a8-b40d-cfb73a5660ad"],"gameTags":["709ce98d-c0ac-424e-92e9-109862f9cc12"],"metadata":{"play":171,"type":4,"after":3.203718255049656,"before":3.670490524211436,"parent":"3ab22d84-3ee7-4949-b231-c79f16f07d29","subPlay":0},"created":"2021-04-10T01:14:29.853Z","season":14,"tournament":-1,"type":118,"day":102,"phase":9,"category":1,"description":"CONSUMERS ATTACK\nNAGOMI MCDANIEL","nuts":18}