{"id":"8a2f1ca0-c847-4985-b4db-d9726dbd8a5f","playerTags":["a1628d97-16ca-4a75-b8df-569bae02bef9"],"teamTags":["105bc3ff-1320-4e37-8ef0-8d595cb95dd0"],"gameTags":["8275fe5c-6f89-4a29-81bf-47c3f0d3ab9e"],"metadata":{"play":273,"type":4,"after":0.011858893021462417,"before":0.011858893021462417,"parent":"d7700371-a6ca-4202-87cb-9cfff154f999","subPlay":0},"created":"2021-04-06T23:24:02.439Z","season":14,"tournament":-1,"type":118,"day":31,"phase":4,"category":1,"description":"CONSUMERS ATTACK\nCHORBY SOUL","nuts":59}