{"id":"8a5a9ac1-695f-4523-ac64-1faad2ffa3dd","playerTags":["53e701c7-e3c8-4e18-ba05-9b41b4b64cda"],"teamTags":["adc5b394-8f76-416d-9ce9-813706877b84"],"gameTags":["9201443c-5af4-4805-83fc-7c89200e149a"],"metadata":{"play":140,"type":4,"after":1.6239888451286966,"before":2.08481414732938,"parent":"35db5e24-68a5-4778-b4f6-cbccf128637f","subPlay":0},"created":"2021-04-09T18:11:49.451Z","season":14,"tournament":-1,"type":118,"day":97,"phase":6,"category":1,"description":"CONSUMERS ATTACK\nMARQUEZ CLARK","nuts":1}