{"id":"8c2b9cb7-cab3-4c94-96b5-fe8fd8445002","playerTags":["a1628d97-16ca-4a75-b8df-569bae02bef9"],"teamTags":["105bc3ff-1320-4e37-8ef0-8d595cb95dd0"],"gameTags":["4f561e43-6ece-4e20-9195-bef611e1f35e"],"metadata":{"play":236,"type":4,"after":0.011858893021462417,"before":0.011858893021462417,"parent":"1fbb3dd6-45a3-48b0-8145-dd2888b528d0","subPlay":0},"created":"2021-04-08T22:20:24.202Z","season":14,"tournament":-1,"type":118,"day":77,"phase":6,"category":1,"description":"CONSUMERS ATTACK\nCHORBY SOUL","nuts":48}