{"id":"8c3cfb5a-c933-42f5-aa69-0df1c613852b","playerTags":["a1628d97-16ca-4a75-b8df-569bae02bef9"],"teamTags":["105bc3ff-1320-4e37-8ef0-8d595cb95dd0"],"gameTags":["ab75e6d8-f8dd-4342-9bf8-db0dc3630d74"],"metadata":{"play":269,"type":4,"after":0.011858893021462417,"before":0.011858893021462417,"parent":"3b2373a3-b726-4f81-805c-2e2988b51644","subPlay":0},"created":"2021-04-09T03:23:24.309Z","season":14,"tournament":-1,"type":118,"day":82,"phase":6,"category":1,"description":"CONSUMERS ATTACK\nCHORBY SOUL","nuts":22}