{"id":"8ca08dd6-de32-45b8-9bc9-b79d03bf10ac","playerTags":["a1628d97-16ca-4a75-b8df-569bae02bef9"],"teamTags":["105bc3ff-1320-4e37-8ef0-8d595cb95dd0"],"gameTags":["9c3a86b1-d4f0-4bf3-a3de-6c9b4807fb0e"],"metadata":{"play":8,"type":4,"after":0.011858893021462417,"before":0.01205678378271347,"parent":"3bd77b6c-799c-45dc-beca-a84b0322be7c","subPlay":0},"created":"2021-04-07T23:00:36.355Z","season":14,"tournament":-1,"type":118,"day":55,"phase":4,"category":1,"description":"CONSUMERS ATTACK\nCHORBY SOUL","nuts":25}