{"id":"8d1a04d4-5306-46f3-a40e-ff83d9f2f314","playerTags":["86d4e22b-f107-4bcf-9625-32d387fcb521"],"teamTags":["eb67ae5e-c4bf-46ca-bbbc-425cd34182ff"],"gameTags":["bedb1bdc-2578-4316-bc87-eec44cc11650"],"metadata":{"play":138,"type":3,"after":0.501128575792566,"before":0.6488280619858534,"parent":"ec94f3dd-bab2-4c61-bc9b-b55d1027735c","subPlay":0},"created":"2021-03-16T12:11:39.115Z","season":13,"tournament":-1,"type":118,"day":21,"phase":2,"category":1,"description":"York Silk had blood drained by Spears Taylor.","nuts":4}