{"id":"8db031a8-7af7-437f-a06d-502d2c29d243","playerTags":["a1628d97-16ca-4a75-b8df-569bae02bef9"],"teamTags":["105bc3ff-1320-4e37-8ef0-8d595cb95dd0"],"gameTags":["61edda89-f798-489a-a1df-af297facdfb1"],"metadata":{"play":216,"type":4,"after":0.011858893021462417,"before":0.011858893021462417,"parent":"7ea96b6c-fcfa-43da-a19a-2624f84a7697","subPlay":0},"created":"2021-04-09T00:18:34.637Z","season":14,"tournament":-1,"type":118,"day":79,"phase":6,"category":1,"description":"CONSUMERS ATTACK\nCHORBY SOUL","nuts":20}