{"id":"8dbf355b-05ab-4d28-b919-f0745c6e3735","playerTags":["a1628d97-16ca-4a75-b8df-569bae02bef9"],"teamTags":["36569151-a2fb-43c1-9df7-2df512424c82"],"gameTags":["59b57c30-dba5-4908-afc8-fffdef80abaa"],"metadata":{"play":244,"type":4,"after":0.011858893021462417,"before":0.011858893021462417,"parent":"6d889fc1-c51d-44e5-a478-9276b596674c","subPlay":0},"created":"2021-04-14T15:21:04.269Z","season":15,"tournament":-1,"type":118,"day":45,"phase":4,"category":1,"description":"CONSUMERS ATTACK\nCHORBY SOUL","nuts":6}