{"id":"8e5875e3-4aee-4e31-aa80-b81144ff7b74","playerTags":["fcbe1d14-04c4-4331-97ad-46e170610633"],"teamTags":["23e4cbc1-e9cd-47fa-a35b-bfa06f726cb7"],"gameTags":["f5a99812-fd6d-4f4b-806f-2f94f97eaf08"],"metadata":{"play":124,"type":0,"after":0.7383693106644345,"before":0.847660084670236,"parent":"1a1d764a-7f51-4428-8afa-0a1af3bc9dfc","subPlay":0},"created":"2021-03-11T21:10:23.584Z","season":12,"tournament":-1,"type":118,"day":75,"phase":6,"category":1,"description":"-od- Preston had blood drained by Beans McBlase.","nuts":0}