{"id":"8f3c16a8-f01c-4755-9147-c1f116c10cda","playerTags":["fedbceb8-e2aa-4868-ac35-74cd0445893f"],"teamTags":["36569151-a2fb-43c1-9df7-2df512424c82"],"gameTags":["5a42ce29-a2c4-4cf0-aa98-15247deafea7"],"metadata":{"play":176,"type":4,"after":3.4829970602634623,"before":3.9265884721997537,"parent":"814239dd-d92d-43e0-b668-b44a7a780b18","subPlay":0},"created":"2021-04-09T01:15:17.920Z","season":14,"tournament":-1,"type":118,"day":80,"phase":6,"category":1,"description":"CONSUMERS ATTACK\nUNCLE PLASMA","nuts":82}