{"id":"8f62e10b-e40b-44de-8299-7032c2c26dc3","playerTags":["4ed61b18-c1f6-4d71-aea3-caac01470b5c"],"teamTags":["105bc3ff-1320-4e37-8ef0-8d595cb95dd0"],"gameTags":["9dcf3260-c152-4396-aa03-cf2135d27ee7"],"metadata":{"play":153,"type":4,"after":0.6754695584612188,"before":1.067958149138415,"parent":"5b8e7cd4-5587-4439-bd67-b6589e1cc1f7","subPlay":0},"created":"2021-04-08T20:12:54.678Z","season":14,"tournament":-1,"type":118,"day":75,"phase":6,"category":1,"description":"CONSUMERS ATTACK\nLENNY MARIJUANA","nuts":16}