{"id":"8fbf663d-eff2-45ab-b126-fe460819d93d","playerTags":["a1628d97-16ca-4a75-b8df-569bae02bef9"],"teamTags":["36569151-a2fb-43c1-9df7-2df512424c82"],"gameTags":["ff37d8d0-f561-4cb0-8efe-a6f410508404"],"metadata":{"play":291,"type":4,"after":0.011858893021462417,"before":0.011858893021462417,"parent":"d2122aa8-62ab-41f6-9a85-a382882ec2ed","subPlay":0},"created":"2021-04-13T16:24:51.350Z","season":15,"tournament":-1,"type":118,"day":24,"phase":2,"category":1,"description":"CONSUMERS ATTACK\nCHORBY SOUL","nuts":22}