{"id":"905985f4-0c3d-4f7a-96d9-10302afe2dc3","playerTags":["766dfd1e-11c3-42b6-a167-9b2d568b5dc0"],"teamTags":["36569151-a2fb-43c1-9df7-2df512424c82"],"gameTags":["da037372-5644-4a88-8987-a77cde1a79a7"],"metadata":{"play":169,"type":4,"after":2.2735738387021405,"before":2.9036985985410704,"parent":"4c1c1854-c684-4cdf-900b-aeb171c21644","subPlay":0},"created":"2021-04-14T19:14:10.265Z","season":15,"tournament":-1,"type":118,"day":49,"phase":4,"category":1,"description":"CONSUMERS ATTACK\nSANDIE TURNER","nuts":3}