{"id":"90b2be13-8b2d-4790-96c5-765e432494aa","playerTags":["87e6ae4b-67de-4973-aa56-0fc9835a1e1e"],"teamTags":["adc5b394-8f76-416d-9ce9-813706877b84"],"gameTags":["974d2090-a9cd-4ab7-b1a2-fc5fce2942b3"],"metadata":{"play":160,"type":1,"after":0.716809633001171,"before":0.8346634720060139,"parent":"e99b7d7f-27d8-47ea-b127-6163639bac59","subPlay":0},"created":"2021-03-03T06:13:25.354Z","season":11,"tournament":-1,"type":118,"day":37,"phase":4,"category":1,"description":"Marco Stink had blood drained by Nagomi Mcdaniel.","nuts":0}