{"id":"91265111-2da8-4ef8-af80-52482e69e404","playerTags":["a1628d97-16ca-4a75-b8df-569bae02bef9"],"teamTags":["36569151-a2fb-43c1-9df7-2df512424c82"],"gameTags":["a490e016-a821-4317-8001-da1e1aa5d099"],"metadata":{"play":195,"type":4,"after":0.011858893021462417,"before":0.011858893021462417,"parent":"a59ad477-4cb0-4543-bfeb-ef7dd98ce2a6","subPlay":0},"created":"2021-04-15T16:17:01.903Z","season":15,"tournament":-1,"type":118,"day":70,"phase":4,"category":1,"description":"CONSUMERS ATTACK\nCHORBY SOUL","nuts":6}