{"id":"912c1657-1c84-4607-af63-91b4f1c12bae","playerTags":["5ca7e854-dc00-4955-9235-d7fcd732ddcf"],"teamTags":["c73b705c-40ad-4633-a6ed-d357ee2e2bcf"],"gameTags":["5d4b697f-b937-4594-9a60-e6cc061f3c82"],"metadata":{"play":175,"type":1,"after":0.1026382513448429,"before":0.20764078351096996,"parent":"15df436b-17db-4f61-b66d-dedd7062fd94","subPlay":0},"created":"2021-03-04T06:14:49.744Z","season":11,"tournament":-1,"type":118,"day":61,"phase":4,"category":1,"description":"Wyatt Quitter had blood drained by Randy Dennis.","nuts":11}