{"id":"91d9dcbb-1c74-4a32-aa0a-08e6fa2f0fb6","playerTags":["a1628d97-16ca-4a75-b8df-569bae02bef9"],"teamTags":["105bc3ff-1320-4e37-8ef0-8d595cb95dd0"],"gameTags":["b586c30e-776d-4dd9-8118-abb62a83c4d4"],"metadata":{"play":393,"type":4,"after":0.011858893021462417,"before":0.011858893021462417,"parent":"417cf29b-a16a-402c-aa89-d7c299d9c302","subPlay":0},"created":"2021-04-06T11:33:38.056Z","season":14,"tournament":-1,"type":118,"day":20,"phase":2,"category":1,"description":"CONSUMERS ATTACK\nCHORBY SOUL","nuts":70}