{"id":"9480f0e4-e764-453a-b52c-bad69fc46b53","playerTags":["a1628d97-16ca-4a75-b8df-569bae02bef9"],"teamTags":["105bc3ff-1320-4e37-8ef0-8d595cb95dd0"],"gameTags":["49d70153-31cc-47c0-8fb9-cfdbd0c34e3a"],"metadata":{"play":296,"type":4,"after":0.011858893021462417,"before":0.011858893021462417,"parent":"076a428b-cc66-4e43-b3d8-2ad4d70e3958","subPlay":0},"created":"2021-04-07T02:25:53.481Z","season":14,"tournament":-1,"type":118,"day":34,"phase":4,"category":1,"description":"CONSUMERS ATTACK\nCHORBY SOUL","nuts":56}