{"id":"94c08fd7-7f25-41be-8419-b1e19c24ca34","playerTags":["a1628d97-16ca-4a75-b8df-569bae02bef9"],"teamTags":["105bc3ff-1320-4e37-8ef0-8d595cb95dd0"],"gameTags":["960279ca-5e85-4aef-8aa9-d2ef84f224ed"],"metadata":{"play":362,"type":4,"after":0.011858893021462417,"before":0.011858893021462417,"parent":"d748dfbc-c2f0-40df-8241-a2d1a08c738d","subPlay":0},"created":"2021-04-07T13:31:23.656Z","season":14,"tournament":-1,"type":118,"day":45,"phase":4,"category":1,"description":"CONSUMERS ATTACK\nCHORBY SOUL","nuts":49}