{"id":"9595cd66-9ceb-4f98-9c75-31b407158f04","playerTags":["a1628d97-16ca-4a75-b8df-569bae02bef9"],"teamTags":["105bc3ff-1320-4e37-8ef0-8d595cb95dd0"],"gameTags":["08acedaf-056e-43b4-b612-27de2420c1b4"],"metadata":{"play":254,"type":4,"after":0.011858893021462417,"before":0.011858893021462417,"parent":"7137f771-f80f-4874-88a4-8d1fd5f5476f","subPlay":0},"created":"2021-04-09T06:22:36.187Z","season":14,"tournament":-1,"type":118,"day":85,"phase":6,"category":1,"description":"CONSUMERS ATTACK\nCHORBY SOUL","nuts":23}