{"id":"95be6630-5071-4605-944d-0c0c4cf932d7","playerTags":["766dfd1e-11c3-42b6-a167-9b2d568b5dc0"],"teamTags":["36569151-a2fb-43c1-9df7-2df512424c82"],"gameTags":["af2c2c5c-635a-41a2-9b2c-3aabc393c76c"],"metadata":{"play":182,"type":4,"after":2.9036985985410704,"before":3.3593918675684216,"parent":"9bb9be0c-18b1-4fc6-97cf-a5df3dddf8eb","subPlay":0},"created":"2021-04-10T01:15:49.538Z","season":14,"tournament":-1,"type":118,"day":102,"phase":9,"category":1,"description":"CONSUMERS ATTACK\nSANDIE TURNER","nuts":3}