{"id":"99764b3b-69bd-4cb2-b7a0-3b65eb07b96f","playerTags":["a1628d97-16ca-4a75-b8df-569bae02bef9"],"teamTags":["105bc3ff-1320-4e37-8ef0-8d595cb95dd0"],"gameTags":["45b0c75b-4a32-4760-aac5-6e0da3a4e0fa"],"metadata":{"play":327,"type":4,"after":0.011858893021462417,"before":0.011858893021462417,"parent":"af9caf15-5088-4d0e-b9de-f9079025c92d","subPlay":0},"created":"2021-04-06T12:28:15.548Z","season":14,"tournament":-1,"type":118,"day":21,"phase":2,"category":1,"description":"CONSUMERS ATTACK\nCHORBY SOUL","nuts":86}