{"id":"99c34584-24e5-4624-8a95-8d049be2cf7f","playerTags":["a1628d97-16ca-4a75-b8df-569bae02bef9"],"teamTags":["105bc3ff-1320-4e37-8ef0-8d595cb95dd0"],"gameTags":["4efcd1fc-65c3-4630-bd12-fafa9f89136b"],"metadata":{"play":334,"type":4,"after":0.7466067049361143,"before":1.235457072021883,"parent":"415211e9-d178-4946-be0e-442c42f211b3","subPlay":0},"created":"2021-04-05T19:28:46.559Z","season":14,"tournament":-1,"type":118,"day":4,"phase":2,"category":1,"description":"CONSUMERS ATTACK\nCHORBY SOUL","nuts":118}