{"id":"9d5a985c-5c8f-46da-8b5a-12dd5a98e679","playerTags":["a1628d97-16ca-4a75-b8df-569bae02bef9"],"teamTags":["36569151-a2fb-43c1-9df7-2df512424c82"],"gameTags":["d158232a-3881-400e-ba9b-8304171bd02e"],"metadata":{"play":157,"type":4,"after":0.011858893021462417,"before":0.011858893021462417,"parent":"2e6ebbd9-fcea-4be5-a670-3f64f90de77d","subPlay":0},"created":"2021-04-15T15:13:46.311Z","season":15,"tournament":-1,"type":118,"day":69,"phase":4,"category":1,"description":"CONSUMERS ATTACK\nCHORBY SOUL","nuts":14}