{"id":"9ecb6da4-43d5-45d4-8a0b-fff9221ba450","playerTags":["ac69dba3-6225-4afd-ab4b-23fc78f730fb"],"teamTags":["7966eb04-efcc-499b-8f03-d13916330531"],"gameTags":["cf0fa2b3-ac69-462f-82bb-d54bf142d68d"],"metadata":{"play":222,"type":0,"after":0.4714633202910417,"before":0.5950639873764578,"parent":"ba0c98ad-80cb-4e13-a63d-6328c365a135","subPlay":0},"created":"2021-03-02T11:18:54.713Z","season":11,"tournament":-1,"type":118,"day":19,"phase":2,"category":1,"description":"Bevan Wise had blood drained by Spears Taylor.","nuts":1}