{"id":"9fde17bb-2425-42cc-a226-c62d5d94f152","playerTags":["bbf9543f-f100-445a-a467-81d7aab12236"],"teamTags":["23e4cbc1-e9cd-47fa-a35b-bfa06f726cb7"],"gameTags":["d3cbad8a-c8a4-451c-b0d7-37e709ea87ff"],"metadata":{"play":262,"type":3,"after":0.4359814821813101,"before":0.5417519236116327,"parent":"e6f57451-5a16-400b-9049-38c8971de5d3","subPlay":0},"created":"2021-03-04T07:22:34.907Z","season":11,"tournament":-1,"type":118,"day":62,"phase":4,"category":1,"description":"Farrell Seagull had blood drained by Knight Triumphant.","nuts":0}