{"id":"a097edae-6c5b-473c-87ab-8cfb04fe625d","playerTags":["a1628d97-16ca-4a75-b8df-569bae02bef9"],"teamTags":["36569151-a2fb-43c1-9df7-2df512424c82"],"gameTags":["caf1b6ec-4b5b-47a8-a35c-47c3112be008"],"metadata":{"play":265,"type":4,"after":0.011858893021462417,"before":0.011858893021462417,"parent":"85c19c39-9a21-46ff-bc6c-17c68aba304a","subPlay":0},"created":"2021-04-13T12:22:59.479Z","season":15,"tournament":-1,"type":118,"day":20,"phase":2,"category":1,"description":"CONSUMERS ATTACK\nCHORBY SOUL","nuts":10}