{"id":"a0c16155-8c6b-4cd5-96ae-b5938f91cbe7","playerTags":["80de2b05-e0d4-4d33-9297-9951b2b5c950"],"teamTags":["8d87c468-699a-47a8-b40d-cfb73a5660ad"],"gameTags":["40068422-3e47-4214-a4f4-c6acb4185500"],"metadata":{"play":250,"type":4,"after":3.7085465411950578,"before":4.190746226375824,"parent":"06bd4934-a09b-4f4a-81e6-f075a529614b","subPlay":0},"created":"2021-04-08T21:21:02.497Z","season":14,"tournament":-1,"type":118,"day":76,"phase":6,"category":1,"description":"CONSUMERS ATTACK\nALYSSA HARRELL","nuts":11}