{"id":"a0ce8826-623e-4c4b-ac6b-aed587b44558","playerTags":["a1628d97-16ca-4a75-b8df-569bae02bef9"],"teamTags":["105bc3ff-1320-4e37-8ef0-8d595cb95dd0"],"gameTags":["79a72b35-624f-4e3c-9100-536bbde33e47"],"metadata":{"play":265,"type":4,"after":0.011858893021462417,"before":0.011858893021462417,"parent":"3b828fa1-6e61-4a05-94fb-20097936f7b7","subPlay":0},"created":"2021-04-07T07:22:30.980Z","season":14,"tournament":-1,"type":118,"day":39,"phase":4,"category":1,"description":"CONSUMERS ATTACK\nCHORBY SOUL","nuts":34}