{"id":"a0e8a906-60d3-4493-993d-17f3fbfb246d","playerTags":["63df8701-1871-4987-87d7-b55d4f1df2e9"],"teamTags":["878c1bf6-0d21-4659-bfee-916c8314d69c"],"gameTags":["7cf5f82c-8c09-46d0-ab2c-8e5c70083bac"],"metadata":{"play":48,"type":1,"after":0.2821131051858761,"before":0.3993790415394567,"parent":"fbcddf84-7d37-4c4f-99a5-6ae31966961d","subPlay":0},"created":"2021-03-03T16:04:01.864Z","season":11,"tournament":-1,"type":118,"day":47,"phase":4,"category":1,"description":"Mcdowell Mason had blood drained by Isaac Johnson.","nuts":1}