{"id":"a12749e8-98e2-407a-b418-29021d789dce","playerTags":["a1628d97-16ca-4a75-b8df-569bae02bef9"],"teamTags":["105bc3ff-1320-4e37-8ef0-8d595cb95dd0"],"gameTags":["167f8622-a105-4fd0-b2a2-95db09822fac"],"metadata":{"play":278,"type":4,"after":0.011858893021462417,"before":0.011858893021462417,"parent":"44170adb-5c01-4dc8-aa34-e38f50fb158e","subPlay":0},"created":"2021-04-08T04:24:09.141Z","season":14,"tournament":-1,"type":118,"day":60,"phase":4,"category":1,"description":"CONSUMERS ATTACK\nCHORBY SOUL","nuts":27}