{"id":"a1902f1d-7098-41e3-8bcc-6b11c45a0961","playerTags":["4ed61b18-c1f6-4d71-aea3-caac01470b5c"],"teamTags":["105bc3ff-1320-4e37-8ef0-8d595cb95dd0"],"gameTags":["45b0c75b-4a32-4760-aac5-6e0da3a4e0fa"],"metadata":{"play":14,"type":4,"after":1.037122653161381,"before":1.9522037767555454,"parent":"b58f1204-d938-4fbd-8b0c-a3e2250e99e1","subPlay":0},"created":"2021-04-06T12:01:06.678Z","season":14,"tournament":-1,"type":118,"day":21,"phase":2,"category":1,"description":"CONSUMERS ATTACK\nLENNY MARIJUANA","nuts":23}