{"id":"a2a631cf-5eed-45ab-8530-31c0bc0e8b41","playerTags":["a1628d97-16ca-4a75-b8df-569bae02bef9"],"teamTags":["105bc3ff-1320-4e37-8ef0-8d595cb95dd0"],"gameTags":["f907335b-184d-4c12-a4b5-957d92cb973e"],"metadata":{"play":162,"type":4,"after":0.011858893021462417,"before":0.011858893021462417,"parent":"61f2e4f2-45aa-4243-afa0-778471974a51","subPlay":0},"created":"2021-04-09T16:13:39.623Z","season":14,"tournament":-1,"type":118,"day":95,"phase":6,"category":1,"description":"CONSUMERS ATTACK\nCHORBY SOUL","nuts":36}