{"id":"a38beb79-365d-4c52-91b2-3ebd73bf7a05","playerTags":["99766c1b-c590-4261-b1b7-3e9c7fc35608"],"teamTags":["57ec08cc-0411-4643-b304-0e80dbc15ac7"],"gameTags":["d8e6d2a7-ec47-49ae-8bcb-442ec3e08575"],"metadata":{"play":244,"type":0,"after":0.5298945010462704,"before":0.6388368914283026,"parent":"be218d16-852f-4585-bd2f-39be2cf65a6b","subPlay":0},"created":"2021-03-17T03:20:31.622Z","season":13,"tournament":-1,"type":118,"day":35,"phase":4,"category":1,"description":"Jasper Blather had blood drained by Randy Dennis.","nuts":0}