{"id":"a441c2f1-1cf3-48ee-b892-2b5129dc43ed","playerTags":["a1628d97-16ca-4a75-b8df-569bae02bef9"],"teamTags":["36569151-a2fb-43c1-9df7-2df512424c82"],"gameTags":["11fcc146-d0a9-42ef-894e-7b134abb7ab3"],"metadata":{"play":118,"type":4,"after":0.011858893021462417,"before":0.011858893021462417,"parent":"86e54402-ed1b-40ef-82de-1679f0291ad7","subPlay":0},"created":"2021-04-13T21:10:12.851Z","season":15,"tournament":-1,"type":118,"day":28,"phase":4,"category":1,"description":"CONSUMERS ATTACK\nCHORBY SOUL","nuts":8}