{"id":"a589cbd6-af0e-4f8b-84f4-aeaf97f2f4de","playerTags":["a1628d97-16ca-4a75-b8df-569bae02bef9"],"teamTags":["105bc3ff-1320-4e37-8ef0-8d595cb95dd0"],"gameTags":["91b0bb34-ac1a-4ab8-a816-311f40ea699c"],"metadata":{"play":388,"type":4,"after":0.011858893021462417,"before":0.011858893021462417,"parent":"c023eb9b-52f2-4075-9e25-101f7612a55e","subPlay":0},"created":"2021-04-08T02:35:35.830Z","season":14,"tournament":-1,"type":118,"day":58,"phase":4,"category":1,"description":"CONSUMERS ATTACK\nCHORBY SOUL","nuts":26}