{"id":"a6e0bc9c-f8af-44f2-9b3f-e3dfc83c2c1f","playerTags":["19241aa4-38e3-45ed-9750-68f4401f80e1"],"teamTags":["c73b705c-40ad-4633-a6ed-d357ee2e2bcf"],"gameTags":["5be88f2a-26c8-4fc2-8993-a444094d7099"],"metadata":{"play":89,"type":3,"after":0.6350191319663983,"before":0.7553360227126529,"parent":"b9c55d9e-3ea2-4aaa-9328-95223ffa4b0a","subPlay":0},"created":"2021-03-09T06:07:27.567Z","season":12,"tournament":-1,"type":118,"day":14,"phase":2,"category":1,"description":"Ayanna Dumpington had blood drained by Jordan Hildebert.","nuts":0}