{"id":"a73eb504-5f38-4339-a5f3-af0d807f5c23","playerTags":["a1628d97-16ca-4a75-b8df-569bae02bef9"],"teamTags":["105bc3ff-1320-4e37-8ef0-8d595cb95dd0"],"gameTags":["d2e3f88d-32ed-4a54-b0b4-fc82f46d31fd"],"metadata":{"play":58,"type":4,"after":0.011858893021462417,"before":0.011858893021462417,"parent":"261ae064-b659-4e7c-9ae6-bed41f5c114e","subPlay":0},"created":"2021-04-08T23:04:56.958Z","season":14,"tournament":-1,"type":118,"day":78,"phase":6,"category":1,"description":"CONSUMERS ATTACK\nCHORBY SOUL","nuts":24}