{"id":"a80c7654-b9ec-4039-bf45-d8385a545343","playerTags":["a1628d97-16ca-4a75-b8df-569bae02bef9"],"teamTags":["105bc3ff-1320-4e37-8ef0-8d595cb95dd0"],"gameTags":["b75fa8ae-751c-4d15-9b89-0f06f0f9a9e5"],"metadata":{"play":199,"type":4,"after":0.011858893021462417,"before":0.01205678378271347,"parent":"c2dd6b3f-1d1a-4d79-8980-9fe0487d739f","subPlay":0},"created":"2021-04-06T00:17:08.866Z","season":14,"tournament":-1,"type":118,"day":9,"phase":2,"category":1,"description":"CONSUMERS ATTACK\nCHORBY SOUL","nuts":166}