{"id":"a973a518-13b6-4024-8799-05e37ac36d07","playerTags":["c0732e36-3731-4f1a-abdc-daa9563b6506"],"teamTags":["8d87c468-699a-47a8-b40d-cfb73a5660ad"],"gameTags":["4e927f04-c58f-4657-99d3-c8a9597d4c77"],"metadata":{"play":338,"type":4,"after":2.727028013624773,"before":3.203718255049656,"parent":"e01c91f1-a8bc-4f65-8446-7566015ae62b","subPlay":0},"created":"2021-04-10T02:28:53.309Z","season":14,"tournament":-1,"type":118,"day":103,"phase":9,"category":1,"description":"CONSUMERS ATTACK\nNAGOMI MCDANIEL","nuts":70}