{"id":"a9f1a986-1cfc-4b02-9caa-8a13e0535afe","playerTags":["64f4cd75-0c1e-42cf-9ff0-e41c4756f22a"],"teamTags":["adc5b394-8f76-416d-9ce9-813706877b84"],"gameTags":["3637a446-a611-4a7c-a3d5-88bcb5592f7a"],"metadata":{"play":366,"type":4,"after":1.4655528513757377,"before":2.2830567013915744,"parent":"badf5acb-9a11-43c0-97fe-0a932e74e484","subPlay":0},"created":"2021-03-15T20:31:22.665Z","season":13,"tournament":-1,"type":118,"day":5,"phase":2,"category":1,"description":"Grey Alvarado had an allergic reaction.","nuts":0}