{"id":"ab4e9500-5665-4b3e-a25a-bf483a0ac471","playerTags":["dfd5ccbb-90ed-4bfe-83e0-dae9cc763f10"],"teamTags":["3f8bbb15-61c0-4e3f-8e4a-907a5fb1565e"],"gameTags":["011a5fe1-85c4-4271-841f-a96ad935e093"],"metadata":{"play":175,"type":4,"after":1.1915137574684818,"before":1.8491253057291144,"parent":"5b1454b8-b2cb-4e61-800f-407f8ece3a69","subPlay":0},"created":"2021-03-19T22:15:00.691Z","season":13,"tournament":-1,"type":118,"day":100,"phase":9,"category":1,"description":"CONSUMERS ATTACK\nOWEN PICKLESTEIN","nuts":1}