{"id":"ab769f1c-d9cd-44e0-bf3e-d8902647e2c0","playerTags":["7aeb8e0b-f6fb-4a9e-bba2-335dada5f0a3"],"teamTags":["747b8e4a-7e50-4638-a973-ea7950a3e739"],"gameTags":["6e2e422e-41fc-4fac-bfa8-694ead329ec4"],"metadata":{"play":150,"type":4,"after":1.4481924948215505,"before":2.076579553083991,"parent":"8b0fc9bc-b55b-467e-93fc-f9d989eee764","subPlay":0},"created":"2021-04-10T00:12:29.649Z","season":14,"tournament":-1,"type":118,"day":101,"phase":9,"category":1,"description":"CONSUMERS ATTACK\nDUNLAP FIGUEROA","nuts":18}