{"id":"ac2dd182-cd3c-4282-9ca3-110aefa1b7c0","playerTags":["a1628d97-16ca-4a75-b8df-569bae02bef9"],"teamTags":["105bc3ff-1320-4e37-8ef0-8d595cb95dd0"],"gameTags":["e6a6e75f-1433-4296-9659-bc7c3e37ae30"],"metadata":{"play":61,"type":4,"after":0.011858893021462417,"before":0.011858893021462417,"parent":"49316ac6-fde8-4294-a02c-638a0138de85","subPlay":0},"created":"2021-04-06T03:05:07.071Z","season":14,"tournament":-1,"type":118,"day":12,"phase":2,"category":1,"description":"CONSUMERS ATTACK\nCHORBY SOUL","nuts":77}