{"id":"ad38ead7-951f-4bc7-953a-7b6e3625feba","playerTags":["8b53ce82-4b1a-48f0-999d-1774b3719202"],"teamTags":["105bc3ff-1320-4e37-8ef0-8d595cb95dd0"],"gameTags":["5a32b302-b4b4-4fa7-b5ea-f83c1d4a09a3"],"metadata":{"play":346,"type":4,"after":1.185847961717537,"before":1.7380479354834155,"parent":"40482816-4348-4550-b833-549ac46f4ef2","subPlay":0},"created":"2021-04-08T13:29:55.774Z","season":14,"tournament":-1,"type":118,"day":69,"phase":4,"category":1,"description":"CONSUMERS ATTACK\nOLIVER MUELLER","nuts":11}