{"id":"adbbe235-0bc0-4f2f-a3a2-c4aedb23565b","playerTags":["a1628d97-16ca-4a75-b8df-569bae02bef9"],"teamTags":["36569151-a2fb-43c1-9df7-2df512424c82"],"gameTags":["bca5df5e-5377-4a32-a322-91ebbc81fddb"],"metadata":{"play":129,"type":4,"after":0.011858893021462417,"before":0.011858893021462417,"parent":"316d134c-7f35-455d-91e1-571ecd5cd2a8","subPlay":0},"created":"2021-04-14T18:10:54.032Z","season":15,"tournament":-1,"type":118,"day":48,"phase":4,"category":1,"description":"CONSUMERS ATTACK\nCHORBY SOUL","nuts":14}