{"id":"ade2ae69-78c7-48f7-aa1c-d35c2b958d71","playerTags":["a1628d97-16ca-4a75-b8df-569bae02bef9"],"teamTags":["105bc3ff-1320-4e37-8ef0-8d595cb95dd0"],"gameTags":["1466294d-69fb-4386-bed5-4f42887d3cd8"],"metadata":{"play":13,"type":4,"after":0.011858893021462417,"before":0.011858893021462417,"parent":"a8bcbcc3-27f6-4d02-abe6-c8a0d2d3628f","subPlay":0},"created":"2021-04-09T09:01:01.594Z","season":14,"tournament":-1,"type":118,"day":88,"phase":6,"category":1,"description":"CONSUMERS ATTACK\nCHORBY SOUL","nuts":23}