{"id":"adef5fea-5f88-4d1a-b13a-6d9025d38431","playerTags":["4b6f0a4e-de18-44ad-b497-03b1f470c43c"],"teamTags":["adc5b394-8f76-416d-9ce9-813706877b84"],"gameTags":["8b502b6a-ed72-4cd6-96ed-58645c054782"],"metadata":{"play":97,"type":4,"after":1.3514380245078947,"before":2.397862204048922,"parent":"f3630a7c-affe-456b-af4a-a2e0a809da4f","subPlay":0},"created":"2021-03-11T06:08:12.871Z","season":12,"tournament":-1,"type":118,"day":61,"phase":4,"category":1,"description":"Rodriguez Internet had an allergic reaction.","nuts":0}