{"id":"ae98a98e-6f93-4b6f-809b-6b639783fe44","playerTags":["a1628d97-16ca-4a75-b8df-569bae02bef9"],"teamTags":["36569151-a2fb-43c1-9df7-2df512424c82"],"gameTags":["a490e016-a821-4317-8001-da1e1aa5d099"],"metadata":{"play":49,"type":4,"after":0.011858893021462417,"before":0.011858893021462417,"parent":"99848359-2cac-4da0-97ee-4926b3e9aa9c","subPlay":0},"created":"2021-04-15T16:04:16.068Z","season":15,"tournament":-1,"type":118,"day":70,"phase":4,"category":1,"description":"CONSUMERS ATTACK\nCHORBY SOUL","nuts":11}