{"id":"aed1912e-0ceb-438a-a9a1-8a40313d08ca","playerTags":["a1628d97-16ca-4a75-b8df-569bae02bef9"],"teamTags":["36569151-a2fb-43c1-9df7-2df512424c82"],"gameTags":["9e1f3722-c43b-4d55-922e-cd6472d11adc"],"metadata":{"play":51,"type":4,"after":0.011858893021462417,"before":0.011858893021462417,"parent":"787a8643-5079-4883-b9b4-4d974afef5ea","subPlay":0},"created":"2021-04-14T03:04:17.010Z","season":15,"tournament":-1,"type":118,"day":34,"phase":4,"category":1,"description":"CONSUMERS ATTACK\nCHORBY SOUL","nuts":11}