{"id":"b0bf4446-70d8-48a9-8ccd-e1303766b62d","playerTags":["a1628d97-16ca-4a75-b8df-569bae02bef9"],"teamTags":["105bc3ff-1320-4e37-8ef0-8d595cb95dd0"],"gameTags":["3966f0f9-ecbe-44f1-a444-e0beac6e4af1"],"metadata":{"play":93,"type":4,"after":0.011858893021462417,"before":0.011858893021462417,"parent":"2e38752b-6990-4be4-aa9a-5fe355a12f55","subPlay":0},"created":"2021-04-09T19:07:57.557Z","season":14,"tournament":-1,"type":118,"day":98,"phase":6,"category":1,"description":"CONSUMERS ATTACK\nCHORBY SOUL","nuts":27}