{"id":"b13a1886-ee13-4d2d-a57e-eaa2eb76a286","playerTags":["378c07b0-5645-44b5-869f-497d144c7b35"],"teamTags":["36569151-a2fb-43c1-9df7-2df512424c82"],"gameTags":["f15ace24-7fae-46f2-b16e-c18bb4bd630f"],"metadata":{"play":241,"type":4,"after":1.736379382252702,"before":2.3576492046712962,"parent":"c379ed2f-1da7-4ee1-984c-39ecc7cf212f","subPlay":0},"created":"2021-04-08T17:20:29.165Z","season":14,"tournament":-1,"type":118,"day":72,"phase":6,"category":1,"description":"CONSUMERS ATTACK\nFYNN DOYLE","nuts":10}