{"id":"b206b9d3-2836-4572-9db8-3da361ea1a9a","playerTags":["a1628d97-16ca-4a75-b8df-569bae02bef9"],"teamTags":["36569151-a2fb-43c1-9df7-2df512424c82"],"gameTags":["ff31cbf7-4f33-46aa-9b9a-dee3703b43d8"],"metadata":{"play":46,"type":4,"after":0.011858893021462417,"before":0.01205678378271347,"parent":"4b7dab4c-2334-473d-a98b-792eae43fbe8","subPlay":0},"created":"2021-04-15T01:03:47.130Z","season":15,"tournament":-1,"type":118,"day":55,"phase":4,"category":1,"description":"CONSUMERS ATTACK\nCHORBY SOUL","nuts":5}