{"id":"b22ec528-8b51-438f-ba43-a576a1c592ec","playerTags":["a1628d97-16ca-4a75-b8df-569bae02bef9"],"teamTags":["105bc3ff-1320-4e37-8ef0-8d595cb95dd0"],"gameTags":["b67c5de0-e73f-4091-b6fd-27066957232c"],"metadata":{"play":201,"type":4,"after":0.011858893021462417,"before":0.011858893021462417,"parent":"dea9e1d0-8ecd-4143-b87a-4af873f2091e","subPlay":0},"created":"2021-04-08T03:17:23.469Z","season":14,"tournament":-1,"type":118,"day":59,"phase":4,"category":1,"description":"CONSUMERS ATTACK\nCHORBY SOUL","nuts":20}