{"id":"b375f49b-a46d-4744-ade6-f3a9f8803190","playerTags":["a1628d97-16ca-4a75-b8df-569bae02bef9"],"teamTags":["105bc3ff-1320-4e37-8ef0-8d595cb95dd0"],"gameTags":["0cd4ac36-251f-41f6-b5d8-c8398d9a546a"],"metadata":{"play":213,"type":4,"after":0.011858893021462417,"before":0.011858893021462417,"parent":"45e15dab-00ec-4af2-8cc4-bb6bf3de6fd6","subPlay":0},"created":"2021-04-07T11:17:55.738Z","season":14,"tournament":-1,"type":118,"day":43,"phase":4,"category":1,"description":"CONSUMERS ATTACK\nCHORBY SOUL","nuts":44}