{"id":"b382a1e4-5687-4b62-9ecd-256be664e40c","playerTags":["a1628d97-16ca-4a75-b8df-569bae02bef9"],"teamTags":["105bc3ff-1320-4e37-8ef0-8d595cb95dd0"],"gameTags":["ea88153e-7061-4e22-958d-d1a4b8d23d95"],"metadata":{"play":203,"type":4,"after":0.011858893021462417,"before":0.011858893021462417,"parent":"1803f18f-04cd-4d78-a674-c376454afb4c","subPlay":0},"created":"2021-04-08T11:17:14.908Z","season":14,"tournament":-1,"type":118,"day":67,"phase":4,"category":1,"description":"CONSUMERS ATTACK\nCHORBY SOUL","nuts":28}