{"id":"b40670ae-6b8a-473c-8f68-57e0cabca8b9","playerTags":["80e474a3-7d2b-431d-8192-2f1e27162607"],"teamTags":["57ec08cc-0411-4643-b304-0e80dbc15ac7"],"gameTags":["2ae251df-b8fe-4e69-b3c5-15780c9da25d"],"metadata":{"play":107,"type":4,"after":0.9447704379761862,"before":2.1386999714458996,"parent":"3919f3b7-76d6-4930-b74b-b1fbf84ed161","subPlay":0},"created":"2021-03-03T10:09:03.899Z","season":11,"tournament":-1,"type":118,"day":41,"phase":4,"category":1,"description":"Summers Preston had an allergic reaction.","nuts":0}