{"id":"b40dee4d-031a-4e3d-a3ec-4fcf6620b7da","playerTags":["19241aa4-38e3-45ed-9750-68f4401f80e1"],"teamTags":["c73b705c-40ad-4633-a6ed-d357ee2e2bcf"],"gameTags":["51e11542-ac11-4605-afbc-b418461dd6b1"],"metadata":{"play":137,"type":0,"after":0.7250663637806201,"before":0.8261503074347475,"parent":"3e202010-7ac9-4af2-a5a8-3ed317816900","subPlay":0},"created":"2021-03-08T23:11:29.183Z","season":12,"tournament":-1,"type":118,"day":7,"phase":2,"category":1,"description":"Ayanna Dumpington had blood drained by Knight Triumphant.","nuts":0}