{"id":"b536e30a-78e6-4dd9-9f4c-33e83a06a776","playerTags":["a1628d97-16ca-4a75-b8df-569bae02bef9"],"teamTags":["105bc3ff-1320-4e37-8ef0-8d595cb95dd0"],"gameTags":["2a291828-e5c9-4867-9a1a-42fcd8254d82"],"metadata":{"play":95,"type":4,"after":0.011858893021462417,"before":0.011858893021462417,"parent":"955c978c-f405-4264-975d-cf52ae428ff6","subPlay":0},"created":"2021-04-06T16:07:57.922Z","season":14,"tournament":-1,"type":118,"day":25,"phase":2,"category":1,"description":"CONSUMERS ATTACK\nCHORBY SOUL","nuts":65}