{"id":"b7a69a12-5aab-4aad-99df-b74f220fc8cc","playerTags":["a1628d97-16ca-4a75-b8df-569bae02bef9"],"teamTags":["105bc3ff-1320-4e37-8ef0-8d595cb95dd0"],"gameTags":["19cf05cb-4335-4d25-9e7e-fd8f5886f2db"],"metadata":{"play":213,"type":4,"after":0.011858893021462417,"before":0.011858893021462417,"parent":"028f0770-7fd3-4fe4-a4c9-b09612e3c762","subPlay":0},"created":"2021-04-08T15:18:28.279Z","season":14,"tournament":-1,"type":118,"day":71,"phase":4,"category":1,"description":"CONSUMERS ATTACK\nCHORBY SOUL","nuts":30}