{"id":"b7c46819-b48c-4d11-a8e3-99c7c7f79437","playerTags":["a1628d97-16ca-4a75-b8df-569bae02bef9"],"teamTags":["105bc3ff-1320-4e37-8ef0-8d595cb95dd0"],"gameTags":["2dff99d0-4989-48af-be6f-ec904a6c9bf2"],"metadata":{"play":293,"type":4,"after":1.235457072021883,"before":1.685275559352497,"parent":"56fdb29c-f863-4341-9e65-0664c754b9ac","subPlay":0},"created":"2021-04-05T16:25:05.352Z","season":14,"tournament":-1,"type":118,"day":1,"phase":2,"category":1,"description":"CONSUMERS ATTACK\nCHORBY SOUL","nuts":183}