{"id":"b95f59f6-dd3b-43f0-83d2-6b756e838c5c","playerTags":["a1628d97-16ca-4a75-b8df-569bae02bef9"],"teamTags":["36569151-a2fb-43c1-9df7-2df512424c82"],"gameTags":["aa9f3249-e648-4b7c-84cc-2b074dabe0a1"],"metadata":{"play":344,"type":4,"after":0.011858893021462417,"before":0.011858893021462417,"parent":"d869ace2-bf33-4077-9471-d38de141f925","subPlay":0},"created":"2021-04-14T06:29:50.040Z","season":15,"tournament":-1,"type":118,"day":36,"phase":4,"category":1,"description":"CONSUMERS ATTACK\nCHORBY SOUL","nuts":5}