{"id":"b9d7dd42-3196-4041-be73-d47642eda3dc","playerTags":["c9a22fa4-1721-4eef-a1a6-620cdf7d377f"],"teamTags":["57ec08cc-0411-4643-b304-0e80dbc15ac7"],"gameTags":["003b9997-ad5a-40f3-ad44-52df34d24d98"],"metadata":{"play":132,"type":4,"after":1.421688662370528,"before":1.8764539203927613,"parent":"60007b72-5a9f-496e-8246-a77dbcb82802","subPlay":0},"created":"2021-04-09T19:11:18.382Z","season":14,"tournament":-1,"type":118,"day":98,"phase":6,"category":1,"description":"CONSUMERS ATTACK\nROSCOE SUNDAE","nuts":0}