{"id":"b9e95e96-00f6-4cdb-a4ba-d2e1de2ddb0f","playerTags":["611d18e0-b972-4cdd-afc2-793c56bfe5a9"],"teamTags":["eb67ae5e-c4bf-46ca-bbbc-425cd34182ff"],"gameTags":["c49d5328-71cf-4de7-b822-ba18ef36c048"],"metadata":{"play":23,"type":4,"after":2.7181980471084826,"before":3.274625248335587,"parent":"938216b0-3782-4116-ad0c-d29e175ff9e1","subPlay":0},"created":"2021-04-05T15:02:00.966Z","season":14,"tournament":-1,"type":118,"day":0,"phase":2,"category":1,"description":"CONSUMERS ATTACK\nALSTON CERVEZA","nuts":189}