{"id":"bacd9022-db0d-44fb-9622-59dfbd42cbb0","playerTags":["a1628d97-16ca-4a75-b8df-569bae02bef9"],"teamTags":["36569151-a2fb-43c1-9df7-2df512424c82"],"gameTags":["97c18fdd-6a8a-4e8c-9640-aa690c3e0276"],"metadata":{"play":82,"type":4,"after":0.011858893021462417,"before":0.011858893021462417,"parent":"fd27dd78-6b0c-4ce1-89f0-579aa1f4a536","subPlay":0},"created":"2021-04-14T08:06:57.334Z","season":15,"tournament":-1,"type":118,"day":38,"phase":4,"category":1,"description":"CONSUMERS ATTACK\nCHORBY SOUL","nuts":5}