{"id":"bad80843-8231-4dfc-8eed-7d4b35abf614","playerTags":["e6502bc7-5b76-4939-9fb8-132057390b30"],"teamTags":["eb67ae5e-c4bf-46ca-bbbc-425cd34182ff"],"gameTags":["3fdd2122-0aff-4329-9375-a659973286ca"],"metadata":{"play":251,"type":4,"after":3.3173106445307123,"before":3.357385753807738,"parent":"85616464-ede4-4a30-aaed-6c605f802c1b","subPlay":2},"created":"2021-04-15T01:21:24.915Z","season":15,"tournament":-1,"type":118,"day":55,"phase":4,"category":1,"description":"Greer Lott was compressed by gamma!","nuts":2}