{"id":"bb2d08ee-72b6-4210-bdbb-d9c8fc6993c6","playerTags":["a1628d97-16ca-4a75-b8df-569bae02bef9"],"teamTags":["105bc3ff-1320-4e37-8ef0-8d595cb95dd0"],"gameTags":["68d7c9a3-3e13-4aec-841a-d7478a1a95c7"],"metadata":{"play":78,"type":4,"after":0.011858893021462417,"before":0.011858893021462417,"parent":"f8899b43-3186-48ec-9103-907ca429e824","subPlay":0},"created":"2021-04-06T02:06:32.366Z","season":14,"tournament":-1,"type":118,"day":11,"phase":2,"category":1,"description":"CONSUMERS ATTACK\nCHORBY SOUL","nuts":64}