{"id":"bc01ac87-d124-4ebb-bee9-9820f8f3be38","playerTags":["1db2f602-64b1-4a5c-8697-1932cc2c6df1"],"teamTags":["747b8e4a-7e50-4638-a973-ea7950a3e739"],"gameTags":["a9f32379-6c56-47b2-9443-33c324e0302e"],"metadata":{"play":82,"type":4,"after":2.4530747123277004,"before":2.99862507940797,"parent":"e224fb91-4edf-4c7b-8c5b-3a534603efcb","subPlay":0},"created":"2021-04-09T18:06:48.551Z","season":14,"tournament":-1,"type":118,"day":97,"phase":6,"category":1,"description":"CONSUMERS ATTACK\nMUMMY MELCON","nuts":4}