{"id":"bc2782cb-2bef-4fbb-a3f3-5a22a442e17a","playerTags":["a1628d97-16ca-4a75-b8df-569bae02bef9"],"teamTags":["105bc3ff-1320-4e37-8ef0-8d595cb95dd0"],"gameTags":["ae554c29-b5cc-4864-a6c3-b57b65e7afc3"],"metadata":{"play":116,"type":4,"after":0.011858893021462417,"before":0.011858893021462417,"parent":"0d8f16ab-9481-4424-b169-669201763e54","subPlay":0},"created":"2021-04-06T10:09:52.587Z","season":14,"tournament":-1,"type":118,"day":19,"phase":2,"category":1,"description":"CONSUMERS ATTACK\nCHORBY SOUL","nuts":54}