{"id":"bc87dbbf-87ee-48bc-8597-2eda38d9acbe","playerTags":["9f218ed1-d793-437d-a1b9-79f88f69154d"],"teamTags":["105bc3ff-1320-4e37-8ef0-8d595cb95dd0"],"gameTags":["cac35c5e-0464-4962-9930-2a7c25b79bf4"],"metadata":{"play":82,"type":4,"after":2.0874178155756775,"before":2.5712859063698796,"parent":"d05591dc-b1ff-48d0-a2d7-79f32af73574","subPlay":0},"created":"2021-04-07T04:06:48.001Z","season":14,"tournament":-1,"type":118,"day":36,"phase":4,"category":1,"description":"CONSUMERS ATTACK\nLOTUS MANGO","nuts":2}