{"id":"be632819-b811-40a2-832d-86088cc374a2","playerTags":["1f159bab-923a-4811-b6fa-02bfde50925a"],"teamTags":["36569151-a2fb-43c1-9df7-2df512424c82"],"gameTags":["26ccf286-b924-4e27-bada-c672726df6fe"],"metadata":{"play":299,"type":4,"after":0.8454597849205883,"before":0.9858340149692016,"parent":"0c3266cc-b33e-4059-919e-042807d22050","subPlay":0},"created":"2021-03-04T01:25:21.658Z","season":11,"tournament":-1,"type":118,"day":56,"phase":4,"category":1,"description":"NaN is tangled in the flicker!","nuts":2}