{"id":"beb296cd-3af1-4ec6-aed7-71256152a61d","playerTags":["4b6f0a4e-de18-44ad-b497-03b1f470c43c"],"teamTags":["adc5b394-8f76-416d-9ce9-813706877b84"],"gameTags":["4cc2a839-361e-444f-bab7-40961d3b3def"],"metadata":{"play":246,"type":2,"after":0.6789120154466913,"before":0.7811173871197221,"parent":"1292176d-a8b3-4c5d-a79d-e29e964d1f8d","subPlay":0},"created":"2021-03-02T02:20:55.439Z","season":11,"tournament":-1,"type":118,"day":10,"phase":2,"category":1,"description":"Rodriguez Internet had blood drained by Nagomi Mcdaniel.","nuts":0}