{"id":"bebe0c8d-f483-482f-bbe8-552b442478fd","playerTags":["a1628d97-16ca-4a75-b8df-569bae02bef9"],"teamTags":["36569151-a2fb-43c1-9df7-2df512424c82"],"gameTags":["9b231463-979d-41d7-9ee0-65e7d7209682"],"metadata":{"play":310,"type":4,"after":0.011858893021462417,"before":0.011858893021462417,"parent":"e157406c-4979-4dfa-a12c-6d5fe85639c3","subPlay":0},"created":"2021-04-13T13:27:18.413Z","season":15,"tournament":-1,"type":118,"day":21,"phase":2,"category":1,"description":"CONSUMERS ATTACK\nCHORBY SOUL","nuts":10}