{"id":"c03a1363-5953-4913-b8fc-24f89ace5f97","playerTags":["a1628d97-16ca-4a75-b8df-569bae02bef9"],"teamTags":["36569151-a2fb-43c1-9df7-2df512424c82"],"gameTags":["77c955a0-1438-4bcd-962b-1b341b5c0315"],"metadata":{"play":41,"type":4,"after":0.011858893021462417,"before":0.011858893021462417,"parent":"f43e0db0-014d-440e-92bd-b6d582062590","subPlay":0},"created":"2021-04-13T05:03:26.721Z","season":15,"tournament":-1,"type":118,"day":14,"phase":2,"category":1,"description":"CONSUMERS ATTACK\nCHORBY SOUL","nuts":11}