{"id":"c110d7c5-34e7-4d1e-91e4-14df1819733e","playerTags":["a1628d97-16ca-4a75-b8df-569bae02bef9"],"teamTags":["36569151-a2fb-43c1-9df7-2df512424c82"],"gameTags":["d158232a-3881-400e-ba9b-8304171bd02e"],"metadata":{"play":24,"type":4,"after":0.011858893021462417,"before":0.01205678378271347,"parent":"495c601c-32b1-465f-815f-020a87bd0372","subPlay":0},"created":"2021-04-15T15:01:56.771Z","season":15,"tournament":-1,"type":118,"day":69,"phase":4,"category":1,"description":"CONSUMERS ATTACK\nCHORBY SOUL","nuts":3}