{"id":"c1d5b22d-e768-418d-a5b7-f9810ebe5638","playerTags":["413b3ddb-d933-4567-a60e-6d157480239d"],"teamTags":["36569151-a2fb-43c1-9df7-2df512424c82"],"gameTags":["f2f0ba6f-46f0-4011-b76a-3780d8efe7fb"],"metadata":{"play":158,"type":4,"after":0.9762593111497502,"before":1.2632990373790252,"parent":"b4b3155f-4cfa-4acd-9d3a-7d00c3273e6e","subPlay":0},"created":"2021-04-09T12:13:20.028Z","season":14,"tournament":-1,"type":118,"day":91,"phase":6,"category":1,"description":"CONSUMERS ATTACK\nWINNIE MCCALL","nuts":1}