{"id":"c2227179-d3bb-4ee9-b376-95723acb2dbf","playerTags":["a1628d97-16ca-4a75-b8df-569bae02bef9"],"teamTags":["105bc3ff-1320-4e37-8ef0-8d595cb95dd0"],"gameTags":["16a1f1a9-0af9-4ea6-9727-e1ea7ba0aecd"],"metadata":{"play":201,"type":4,"after":0.011858893021462417,"before":0.011858893021462417,"parent":"4cc333cc-4a1a-4ef7-9c14-6609b5441489","subPlay":0},"created":"2021-04-05T22:17:18.671Z","season":14,"tournament":-1,"type":118,"day":7,"phase":2,"category":1,"description":"CONSUMERS ATTACK\nCHORBY SOUL","nuts":137}