{"id":"c26b7cad-484b-4038-944c-84c090865d8a","playerTags":["a1628d97-16ca-4a75-b8df-569bae02bef9"],"teamTags":["105bc3ff-1320-4e37-8ef0-8d595cb95dd0"],"gameTags":["ae554c29-b5cc-4864-a6c3-b57b65e7afc3"],"metadata":{"play":197,"type":4,"after":0.011858893021462417,"before":0.011858893021462417,"parent":"225cf841-90c2-4469-b35d-319cae1107d0","subPlay":0},"created":"2021-04-06T10:17:02.922Z","season":14,"tournament":-1,"type":118,"day":19,"phase":2,"category":1,"description":"CONSUMERS ATTACK\nCHORBY SOUL","nuts":52}