{"id":"c2b2c975-9087-4d08-b0a2-a2f38b665215","playerTags":["a1628d97-16ca-4a75-b8df-569bae02bef9"],"teamTags":["105bc3ff-1320-4e37-8ef0-8d595cb95dd0"],"gameTags":["ea4a64d4-921f-4f5a-95e7-ffd805ee0c89"],"metadata":{"play":252,"type":4,"after":0.011858893021462417,"before":0.011858893021462417,"parent":"13777998-fe02-452c-a2ed-4473afbdb4c5","subPlay":0},"created":"2021-04-09T10:21:35.922Z","season":14,"tournament":-1,"type":118,"day":89,"phase":6,"category":1,"description":"CONSUMERS ATTACK\nCHORBY SOUL","nuts":46}