{"id":"c32b167f-3f8b-4250-8fd2-a2c4cd367ce0","playerTags":["a1628d97-16ca-4a75-b8df-569bae02bef9"],"teamTags":["105bc3ff-1320-4e37-8ef0-8d595cb95dd0"],"gameTags":["4f561e43-6ece-4e20-9195-bef611e1f35e"],"metadata":{"play":177,"type":4,"after":0.011858893021462417,"before":0.011858893021462417,"parent":"344dbcf7-8ef4-4393-baa9-f726a17a3484","subPlay":0},"created":"2021-04-08T22:15:09.057Z","season":14,"tournament":-1,"type":118,"day":77,"phase":6,"category":1,"description":"CONSUMERS ATTACK\nCHORBY SOUL","nuts":28}