{"id":"c4e2f118-be11-4c26-b827-c2de451f2834","playerTags":["a1628d97-16ca-4a75-b8df-569bae02bef9"],"teamTags":["105bc3ff-1320-4e37-8ef0-8d595cb95dd0"],"gameTags":["8275fe5c-6f89-4a29-81bf-47c3f0d3ab9e"],"metadata":{"play":203,"type":4,"after":0.011858893021462417,"before":0.01205678378271347,"parent":"78f32bc7-dcbb-440f-a34e-4494a80ddb89","subPlay":0},"created":"2021-04-06T23:17:42.657Z","season":14,"tournament":-1,"type":118,"day":31,"phase":4,"category":1,"description":"CONSUMERS ATTACK\nCHORBY SOUL","nuts":39}