{"id":"c61edeb3-308d-4345-af5f-91766bc32537","playerTags":["a1628d97-16ca-4a75-b8df-569bae02bef9"],"teamTags":["36569151-a2fb-43c1-9df7-2df512424c82"],"gameTags":["c20b160d-526b-46e5-9034-273e27b2192d"],"metadata":{"play":205,"type":4,"after":0.011858893021462417,"before":0.011858893021462417,"parent":"e79ee314-25cf-4b4d-8fd0-2d79e0942d55","subPlay":0},"created":"2021-04-14T20:17:30.103Z","season":15,"tournament":-1,"type":118,"day":50,"phase":4,"category":1,"description":"CONSUMERS ATTACK\nCHORBY SOUL","nuts":17}