{"id":"c68b2515-ac7c-4005-8d3d-1c075c11ad16","playerTags":["8cf78b49-d0ca-4703-88e8-4bcad26c44b1"],"teamTags":["b63be8c2-576a-4d6e-8daf-814f8bcea96f"],"gameTags":["8c867837-f599-46e7-8533-a5f098a37d00"],"metadata":{"play":133,"type":1,"after":0.15930898437050414,"before":0.2596345441387273,"parent":"8d08f28e-b15e-4dcb-b65e-55589676d5af","subPlay":0},"created":"2021-03-10T15:11:08.995Z","season":12,"tournament":-1,"type":118,"day":46,"phase":4,"category":1,"description":"Avila Guzman had blood drained by Glabe Moon.","nuts":0}