{"id":"c7284950-12a4-40c3-84b2-a6d7cf1f2820","playerTags":["a1628d97-16ca-4a75-b8df-569bae02bef9"],"teamTags":["105bc3ff-1320-4e37-8ef0-8d595cb95dd0"],"gameTags":["741b5632-fbf8-49e7-9a64-9c92e636ea7a"],"metadata":{"play":138,"type":4,"after":0.011858893021462417,"before":0.011858893021462417,"parent":"2e5ac89a-3e7b-42da-b466-1416d58be30c","subPlay":0},"created":"2021-04-09T18:11:48.594Z","season":14,"tournament":-1,"type":118,"day":97,"phase":6,"category":1,"description":"CONSUMERS ATTACK\nCHORBY SOUL","nuts":21}