{"id":"c75ffaef-ab99-47f7-8b65-57cd01ba257b","playerTags":["d0d7b8fe-bad8-481f-978e-cb659304ed49"],"teamTags":["8d87c468-699a-47a8-b40d-cfb73a5660ad"],"gameTags":["80324bc9-a289-4be6-9f59-5f89b0ce02a2"],"metadata":{"play":37,"type":4,"after":2.123987163265835,"before":2.7428848725151442,"parent":"ef2a62e2-6626-483f-ad5b-39ead390ee1d","subPlay":0},"created":"2021-04-09T12:03:06.981Z","season":14,"tournament":-1,"type":118,"day":91,"phase":6,"category":1,"description":"CONSUMERS ATTACK\nADALBERTO TOSSER","nuts":2}