{"id":"ca458b7f-324a-4561-ac04-1a5e7c13b05e","playerTags":["63512571-2eca-4bc4-8ad9-a5308a22ae22"],"teamTags":["7966eb04-efcc-499b-8f03-d13916330531"],"gameTags":["39348a16-e7ed-48be-a3d4-5f8782966b80"],"metadata":{"play":57,"type":1,"after":0.5305837653130377,"before":0.659034452529045,"parent":"1bad84e3-8762-4ad9-ac8d-b4eb6bbed265","subPlay":0},"created":"2021-04-09T10:04:47.630Z","season":14,"tournament":-1,"type":118,"day":89,"phase":6,"category":1,"description":"Oscar Dollie had blood drained by Winnie Hess.","nuts":3}