{"id":"ca742172-3cb3-4e66-9ec1-f98dbfaabb84","playerTags":["a1628d97-16ca-4a75-b8df-569bae02bef9"],"teamTags":["105bc3ff-1320-4e37-8ef0-8d595cb95dd0"],"gameTags":["63530345-6bab-4eaa-9322-d3bc58505904"],"metadata":{"play":246,"type":4,"after":0.011858893021462417,"before":0.011858893021462417,"parent":"07506d09-faea-4370-bd7e-ccd43a604001","subPlay":0},"created":"2021-04-06T14:21:32.820Z","season":14,"tournament":-1,"type":118,"day":23,"phase":2,"category":1,"description":"CONSUMERS ATTACK\nCHORBY SOUL","nuts":118}