{"id":"cad8f3cd-5918-46d9-af80-99c8b0742128","playerTags":["cd417f8a-ce01-4ab2-921d-42e2e445bbe2"],"teamTags":["adc5b394-8f76-416d-9ce9-813706877b84"],"gameTags":["7929103b-ebc6-41fb-99ea-60687ee06797"],"metadata":{"play":292,"type":1,"after":0.015888322523532183,"before":0.10482916374564252,"parent":"e8eec892-31bb-48fc-b52c-0ba717fa4fc0","subPlay":0},"created":"2021-03-01T17:25:13.589Z","season":11,"tournament":-1,"type":118,"day":1,"phase":2,"category":1,"description":"Eizabeth Guerra had blood drained by Knight Triumphant.","nuts":0}