{"id":"cb0fc574-7360-4129-9c24-60efe84d41f0","playerTags":["46721a07-7cd2-4839-982e-7046df6e8b66"],"teamTags":["adc5b394-8f76-416d-9ce9-813706877b84"],"gameTags":["01ec9b90-46d2-40ab-bb05-2b2af73b8624"],"metadata":{"play":10,"type":4,"after":0.5721298618298158,"before":1.4285222010434673,"parent":"283c0a68-bc3b-4c1e-8014-6021a9e2b84f","subPlay":0},"created":"2021-03-02T15:00:46.224Z","season":11,"tournament":-1,"type":118,"day":23,"phase":2,"category":1,"description":"Stew Briggs had an allergic reaction.","nuts":0}