{"id":"cd31e476-b703-4e63-9ede-27f9605da2d6","playerTags":["86d4e22b-f107-4bcf-9625-32d387fcb521"],"teamTags":["8d87c468-699a-47a8-b40d-cfb73a5660ad"],"gameTags":["e9269143-8c34-4516-8c07-8943609c51eb"],"metadata":{"play":16,"type":4,"after":2.212489483283598,"before":2.8629581962307418,"parent":"dcb47898-8857-4013-a928-12b369e18bb4","subPlay":0},"created":"2021-04-09T04:01:16.618Z","season":14,"tournament":-1,"type":118,"day":83,"phase":6,"category":1,"description":"CONSUMERS ATTACK\nYORK SILK","nuts":15}