{"id":"cefe7f27-2e7b-4503-9773-f91281bd1ce4","playerTags":["a1628d97-16ca-4a75-b8df-569bae02bef9"],"teamTags":["105bc3ff-1320-4e37-8ef0-8d595cb95dd0"],"gameTags":["e5db1298-bba0-4aa4-bd11-3d163d0366dd"],"metadata":{"play":134,"type":4,"after":0.028822550272703723,"before":0.10295549819680405,"parent":"e572affc-ed3e-4fc4-9b8e-0310d22b9511","subPlay":0},"created":"2021-04-05T21:11:46.716Z","season":14,"tournament":-1,"type":118,"day":6,"phase":2,"category":1,"description":"CONSUMERS ATTACK\nCHORBY SOUL","nuts":142}