{"id":"cfccdbb8-62de-4af1-9d52-369e703b51b7","playerTags":["4f328502-d347-4d2c-8fad-6ae59431d781"],"teamTags":["a37f9158-7f82-46bc-908c-c9e2dda7c33b"],"gameTags":["b81d7e8c-2ee4-46da-b0a9-090ae9b5b166"],"metadata":{"play":131,"type":4,"after":0.7965252724788434,"before":1.64158635397329,"parent":"cb6885b1-b2b0-4b44-825c-51e1ca68f0b7","subPlay":0},"created":"2021-03-12T05:11:03.276Z","season":12,"tournament":-1,"type":118,"day":83,"phase":6,"category":1,"description":"Stephens Lightner had an allergic reaction.","nuts":0}