{"id":"d059f91f-9c22-4bcf-ac0e-7440a9cfa06b","playerTags":["12577256-bc4e-4955-81d6-b422d895fb12"],"teamTags":["b63be8c2-576a-4d6e-8daf-814f8bcea96f"],"gameTags":["be26e461-c165-45dc-a09f-ea69202b978a"],"metadata":{"play":243,"type":4,"after":1.4538783190371103,"before":2.4533718731578698,"parent":"3fc009ae-e3e3-4408-9701-375105da1a3c","subPlay":0},"created":"2021-04-10T02:20:26.565Z","season":14,"tournament":-1,"type":118,"day":103,"phase":9,"category":1,"description":"Jasmine Washington had an allergic reaction.","nuts":3}