{"id":"d1d09892-d82b-4fbd-ab24-8f64658df959","playerTags":["18f45a1b-76eb-4b59-a275-c64cf62afce0"],"teamTags":["a37f9158-7f82-46bc-908c-c9e2dda7c33b"],"gameTags":["8fef1653-fb34-4c2e-b2e3-b944e3840612"],"metadata":{"play":84,"type":2,"after":0.5114475296656342,"before":0.6052577309176035,"parent":"b9ccc0b9-9486-4109-bd63-ff6b8663c9ed","subPlay":0},"created":"2021-03-04T14:07:21.442Z","season":11,"tournament":-1,"type":118,"day":69,"phase":4,"category":1,"description":"Steph Weeks had blood drained by Isaac Johnson.","nuts":0}