{"id":"d2602810-4b3d-4a03-b5ee-fd19013bedeb","playerTags":["a1628d97-16ca-4a75-b8df-569bae02bef9"],"teamTags":["105bc3ff-1320-4e37-8ef0-8d595cb95dd0"],"gameTags":["a4816067-05bb-4d2c-80d0-a396eb2dc433"],"metadata":{"play":83,"type":4,"after":0.011858893021462417,"before":0.011858893021462417,"parent":"b255d87c-83ee-47ea-8e68-2472312029ff","subPlay":0},"created":"2021-04-07T19:07:03.461Z","season":14,"tournament":-1,"type":118,"day":51,"phase":4,"category":1,"description":"CONSUMERS ATTACK\nCHORBY SOUL","nuts":25}