{"id":"d4786db7-ed78-477b-9756-25623fa855c3","playerTags":["a1628d97-16ca-4a75-b8df-569bae02bef9"],"teamTags":["105bc3ff-1320-4e37-8ef0-8d595cb95dd0"],"gameTags":["777a6795-a926-4157-a768-d2fdb3dfd8d4"],"metadata":{"play":24,"type":4,"after":0.011858893021462417,"before":0.011858893021462417,"parent":"f1db5253-aa67-46c9-a3d7-9a0e127d373d","subPlay":0},"created":"2021-04-09T12:01:57.169Z","season":14,"tournament":-1,"type":118,"day":91,"phase":6,"category":1,"description":"CONSUMERS ATTACK\nCHORBY SOUL","nuts":38}