{"id":"d57f601e-e5da-41db-8ff0-20fa63486445","playerTags":["e4034192-4dc6-4901-bb30-07fe3cf77b5e"],"teamTags":["8d87c468-699a-47a8-b40d-cfb73a5660ad"],"gameTags":["4e108140-8f57-4885-ab06-9ee0fc9f69ad"],"metadata":{"play":112,"type":4,"after":1.0689216892644664,"before":1.9676202177919766,"parent":"238ac240-d349-4798-84d8-b8d0d7fbc8a6","subPlay":0},"created":"2021-03-09T14:09:46.696Z","season":12,"tournament":-1,"type":118,"day":22,"phase":2,"category":1,"description":"Baldwin Breadwinner had an allergic reaction.","nuts":0}