{"id":"d57fbf32-116e-425f-906b-47b6a88b580d","playerTags":["b323f897-ccf9-4200-8870-249cbe19f904"],"teamTags":["23e4cbc1-e9cd-47fa-a35b-bfa06f726cb7"],"gameTags":["6b57b95e-8ad9-4caa-acc7-336d8f2d9bb3"],"metadata":{"play":127,"type":0,"after":0.6948666610687626,"before":0.8014881432050696,"parent":"8b85f371-f5ae-47ab-b833-ef4e78e789ec","subPlay":0},"created":"2021-03-12T01:10:43.416Z","season":12,"tournament":-1,"type":118,"day":79,"phase":6,"category":1,"description":"Huber Frumple had blood drained by Silvaire Roadhouse.","nuts":0}