{"id":"d5e795ea-4247-4bcc-8fc2-03f627f89067","playerTags":["a1628d97-16ca-4a75-b8df-569bae02bef9"],"teamTags":["105bc3ff-1320-4e37-8ef0-8d595cb95dd0"],"gameTags":["d491c364-e5e1-4fbb-bf97-fefb82a6e0d5"],"metadata":{"play":35,"type":4,"after":0.011858893021462417,"before":0.011858893021462417,"parent":"fde7751a-7dd9-4072-83b1-0e31f44424f3","subPlay":0},"created":"2021-04-08T17:02:55.635Z","season":14,"tournament":-1,"type":118,"day":72,"phase":6,"category":1,"description":"CONSUMERS ATTACK\nCHORBY SOUL","nuts":41}