{"id":"d5f4a3ce-9c8c-4c5d-90fe-7a1bae575a60","playerTags":["a1628d97-16ca-4a75-b8df-569bae02bef9"],"teamTags":["36569151-a2fb-43c1-9df7-2df512424c82"],"gameTags":["0e65bce3-bdd2-4468-bcfd-5e5c94753a48"],"metadata":{"play":10,"type":4,"after":0.011858893021462417,"before":0.011858893021462417,"parent":"81c2b6e8-44b6-4156-abae-ccdac459e3ff","subPlay":0},"created":"2021-04-13T15:00:51.048Z","season":15,"tournament":-1,"type":118,"day":23,"phase":2,"category":1,"description":"CONSUMERS ATTACK\nCHORBY SOUL","nuts":18}