{"id":"d629a2e3-8232-49c9-bfd8-57eac79010fb","playerTags":["a1628d97-16ca-4a75-b8df-569bae02bef9"],"teamTags":["36569151-a2fb-43c1-9df7-2df512424c82"],"gameTags":["3837aa84-1bea-4eb8-8d2f-4a8855ed9eeb"],"metadata":{"play":68,"type":4,"after":0.011858893021462417,"before":0.01205678378271347,"parent":"92228d0a-2afb-4c5c-b0af-59365e324432","subPlay":0},"created":"2021-04-12T16:05:51.854Z","season":15,"tournament":-1,"type":118,"day":1,"phase":2,"category":1,"description":"CONSUMERS ATTACK\nCHORBY SOUL","nuts":32}