{"id":"d65191ac-e9bc-4fc1-87e0-e6a9565cba96","playerTags":["57a19a22-f2cd-4e59-aa84-15cb0af30ba3"],"teamTags":["bb4a9de5-c924-4923-a0cb-9d1445f1ee5d"],"gameTags":["1adfe8e6-bb05-47b7-a9f7-2390f4b8ee32"],"metadata":{"play":16,"type":2,"after":0.6213554736748323,"before":0.7074952677540817,"parent":"e887ccf9-8388-46dc-a225-9a5fe9fb2bc5","subPlay":0},"created":"2021-04-12T22:01:16.341Z","season":15,"tournament":-1,"type":118,"day":7,"phase":2,"category":1,"description":"Ve-salius Sundae had blood drained by Randy Dennis.","nuts":2}