{"id":"d7ac9f48-3aef-41c2-b937-c2a276f735cd","playerTags":["f236bd5b-4ff1-4154-a3cd-7cb3c0ddaa5b"],"teamTags":["57ec08cc-0411-4643-b304-0e80dbc15ac7"],"gameTags":["89efaef0-ec95-4773-8427-bda524ffe03e"],"metadata":{"play":149,"type":4,"after":0.79268717669398,"before":1.4571855608095556,"parent":"33faef3c-b24c-4a15-bd06-c2cf105b5773","subPlay":0},"created":"2021-04-09T18:12:44.022Z","season":14,"tournament":-1,"type":118,"day":97,"phase":6,"category":1,"description":"CONSUMERS ATTACK\nTAI BEANBAG","nuts":0}