{"id":"d7aef598-0b3d-4678-8d33-fbcb36f94fe4","playerTags":["03b80a57-77ea-4913-9be4-7a85c3594745"],"teamTags":["878c1bf6-0d21-4659-bfee-916c8314d69c"],"gameTags":["f8763bbf-0171-4e60-bcfe-fdd30bec2824"],"metadata":{"play":83,"type":4,"after":2.001635660253308,"before":2.840631419110115,"parent":"c7718eb7-d659-4435-bbe7-9239e100d262","subPlay":0},"created":"2021-03-05T08:07:02.655Z","season":11,"tournament":-1,"type":118,"day":86,"phase":6,"category":1,"description":"Halexandrey Walton had an allergic reaction.","nuts":2}