{"id":"d8cdf8bc-c1c2-457d-a31c-69295a024446","playerTags":["020ed630-8bae-4441-95cc-0e4ecc27253b"],"teamTags":["bfd38797-8404-4b38-8b82-341da28b1f83"],"gameTags":["e2f8e6c0-00fc-49e0-bb3a-e44dcd761487"],"metadata":{"play":43,"type":1,"after":0.04668455845771488,"before":0.06451195596587792,"parent":"25efae1a-367c-4d2d-a6bb-0ff041b7d940","subPlay":0},"created":"2021-03-10T08:03:31.840Z","season":12,"tournament":-1,"type":118,"day":39,"phase":4,"category":1,"description":"Simon Haley had blood drained by Spears Taylor.","nuts":0}