{"id":"da3663fc-5400-4cec-99c1-08c2f30cca55","playerTags":["a1628d97-16ca-4a75-b8df-569bae02bef9"],"teamTags":["36569151-a2fb-43c1-9df7-2df512424c82"],"gameTags":["64e0c129-26f6-4c18-97df-154b06712cea"],"metadata":{"play":246,"type":4,"after":0.011858893021462417,"before":0.011858893021462417,"parent":"bb7f2c2e-264f-4eeb-baec-ae474f857221","subPlay":0},"created":"2021-04-14T09:22:09.514Z","season":15,"tournament":-1,"type":118,"day":39,"phase":4,"category":1,"description":"CONSUMERS ATTACK\nCHORBY SOUL","nuts":9}