{"id":"da6ee381-6b8e-42dd-900f-afa8fbb533f4","playerTags":["1732e623-ffc2-40f0-87ba-fdcf97131f1f"],"teamTags":["105bc3ff-1320-4e37-8ef0-8d595cb95dd0"],"gameTags":["d491c364-e5e1-4fbb-bf97-fefb82a6e0d5"],"metadata":{"play":192,"type":4,"after":1.8104660811855244,"before":2.3965333999105796,"parent":"84b59426-d15b-43f2-a8e3-a5413d2e4fc7","subPlay":0},"created":"2021-04-08T17:17:04.824Z","season":14,"tournament":-1,"type":118,"day":72,"phase":6,"category":1,"description":"CONSUMERS ATTACK\nBETSY TROMBONE","nuts":10}