{"id":"dadcb708-33b1-45a7-b174-54e4a89cc53c","playerTags":["27c68d7f-5e40-4afa-8b6f-9df47b79e7dd"],"teamTags":["878c1bf6-0d21-4659-bfee-916c8314d69c"],"gameTags":["7cf5f82c-8c09-46d0-ab2c-8e5c70083bac"],"metadata":{"play":75,"type":0,"after":0.7028606483272478,"before":0.8004000478030141,"parent":"501e1ae5-0add-4097-af26-ea3b189cac83","subPlay":0},"created":"2021-03-03T16:06:17.545Z","season":11,"tournament":-1,"type":118,"day":47,"phase":4,"category":1,"description":"Basilio Mason had blood drained by Isaac Johnson.","nuts":0}