{"id":"db7bc934-7311-4d46-89ff-db1dabad2d60","playerTags":["91f5298e-a2ec-4f54-a541-1818702d1b6d"],"teamTags":["d9f89a8a-c563-493e-9d64-78e4f9a55d4a"],"gameTags":["5e099324-e62d-4cc0-95f7-e7a9b4a9762b"],"metadata":{"play":164,"type":4,"after":1.3336597352569322,"before":2.1652278851149624,"parent":"b10afa47-bf9f-46b2-bc49-a39e13e7afb7","subPlay":0},"created":"2021-03-10T03:14:07.993Z","season":12,"tournament":-1,"type":118,"day":34,"phase":4,"category":1,"description":"Mint Shupe had an allergic reaction.","nuts":0}