{"id":"de1e4861-256a-4fa3-9a71-2a0922bc57b4","playerTags":["a1628d97-16ca-4a75-b8df-569bae02bef9"],"teamTags":["105bc3ff-1320-4e37-8ef0-8d595cb95dd0"],"gameTags":["80a4f339-3e62-4cb4-b45f-b8bf99182fec"],"metadata":{"play":29,"type":4,"after":0.011858893021462417,"before":0.011858893021462417,"parent":"74fa7829-5ca1-49ff-a9ac-b61ef965db45","subPlay":0},"created":"2021-04-08T18:02:31.231Z","season":14,"tournament":-1,"type":118,"day":73,"phase":6,"category":1,"description":"CONSUMERS ATTACK\nCHORBY SOUL","nuts":39}