{"id":"defde350-6cbb-40ee-9e0f-1dd250fcb774","playerTags":["a1628d97-16ca-4a75-b8df-569bae02bef9"],"teamTags":["105bc3ff-1320-4e37-8ef0-8d595cb95dd0"],"gameTags":["2898a325-68c1-4521-a531-8437b86feb91"],"metadata":{"play":245,"type":4,"after":0.011858893021462417,"before":0.011858893021462417,"parent":"f9c5ed8c-0830-4de6-a440-7fa28dbb3e58","subPlay":0},"created":"2021-04-06T06:21:17.864Z","season":14,"tournament":-1,"type":118,"day":15,"phase":2,"category":1,"description":"CONSUMERS ATTACK\nCHORBY SOUL","nuts":59}