{"id":"e13eaa2d-6214-436a-b2c9-a925cc013e2f","playerTags":["a1628d97-16ca-4a75-b8df-569bae02bef9"],"teamTags":["105bc3ff-1320-4e37-8ef0-8d595cb95dd0"],"gameTags":["19cf05cb-4335-4d25-9e7e-fd8f5886f2db"],"metadata":{"play":243,"type":4,"after":0.011858893021462417,"before":0.011858893021462417,"parent":"6e3a2ead-68b6-4ba4-920d-d7e5e3d24afb","subPlay":0},"created":"2021-04-08T15:21:13.004Z","season":14,"tournament":-1,"type":118,"day":71,"phase":4,"category":1,"description":"CONSUMERS ATTACK\nCHORBY SOUL","nuts":39}