{"id":"e38a9aac-921c-48a1-9130-178fd01dafe7","playerTags":["a1628d97-16ca-4a75-b8df-569bae02bef9"],"teamTags":["105bc3ff-1320-4e37-8ef0-8d595cb95dd0"],"gameTags":["e5db1298-bba0-4aa4-bd11-3d163d0366dd"],"metadata":{"play":205,"type":4,"after":0.016320081594619656,"before":0.028822550272703723,"parent":"c971e659-8af6-4979-bb7b-2d56d6b9fa4b","subPlay":0},"created":"2021-04-05T21:18:16.517Z","season":14,"tournament":-1,"type":118,"day":6,"phase":2,"category":1,"description":"CONSUMERS ATTACK\nCHORBY SOUL","nuts":432}