{"id":"e52d77cd-860c-4c3a-9e14-05d917403e96","playerTags":["2b5f5dd7-e31f-4829-bec5-546652103bc0"],"teamTags":["f02aeae2-5e6a-4098-9842-02d2273f25c7"],"gameTags":["027f022e-eecc-48db-a25e-5dfb01f91c7c"],"metadata":{"play":315,"type":4,"after":2.6893795073301003,"before":3.263833393031793,"parent":"d2bec08d-59e4-4d30-9341-a2e8ab1752ef","subPlay":0},"created":"2021-04-09T19:27:01.793Z","season":14,"tournament":-1,"type":118,"day":98,"phase":6,"category":1,"description":"CONSUMERS ATTACK\nDUDLEY MUELLER","nuts":12}