{"id":"e56ad666-129c-419a-9f5a-b516e349c96a","playerTags":["97dfc1f6-ac94-4cdc-b0d5-1cb9f8984aa5"],"teamTags":["8d87c468-699a-47a8-b40d-cfb73a5660ad"],"gameTags":["0d22a06f-b589-4eca-8ce5-e83a3ccc26b0"],"metadata":{"play":271,"type":4,"after":2.324574996210109,"before":2.8081561436073597,"parent":"a38dbbb5-d85d-48d4-bfa8-cf765f545a99","subPlay":0},"created":"2021-04-09T19:23:15.675Z","season":14,"tournament":-1,"type":118,"day":98,"phase":6,"category":1,"description":"CONSUMERS ATTACK\nBROCK FORBES","nuts":3}