{"id":"e62cae25-4bd9-4e3d-a47d-223fe6ccb711","playerTags":["a1628d97-16ca-4a75-b8df-569bae02bef9"],"teamTags":["36569151-a2fb-43c1-9df7-2df512424c82"],"gameTags":["6584d893-7f6f-4d91-b6d8-7d15b4c6b77f"],"metadata":{"play":8,"type":4,"after":0.011858893021462417,"before":0.011858893021462417,"parent":"44c7d321-bfaf-49a4-a2b4-e6109016714e","subPlay":0},"created":"2021-04-14T07:00:36.214Z","season":15,"tournament":-1,"type":118,"day":37,"phase":4,"category":1,"description":"CONSUMERS ATTACK\nCHORBY SOUL","nuts":5}