{"id":"e6fb6239-ae21-4375-b9ce-d43c1c3c1096","playerTags":["62ae6aa9-e346-4faa-b07c-1f7623580015"],"teamTags":["c73b705c-40ad-4633-a6ed-d357ee2e2bcf"],"gameTags":["b67edf71-c2f1-47fc-a946-bdb05de9bf7d"],"metadata":{"play":317,"type":1,"after":0.46539157209384346,"before":0.5723705609797884,"parent":"57e19c4f-08b5-4fd3-9c21-063eef84a410","subPlay":0},"created":"2021-03-05T02:26:53.318Z","season":11,"tournament":-1,"type":118,"day":80,"phase":6,"category":1,"description":"Gerund Pantheocide had blood drained by Knight Triumphant.","nuts":0}