{"id":"e8c4454f-7973-4f83-a519-9cb703fc6316","playerTags":["a1628d97-16ca-4a75-b8df-569bae02bef9"],"teamTags":["105bc3ff-1320-4e37-8ef0-8d595cb95dd0"],"gameTags":["e77977cc-83fc-4951-a9b3-699a01f4f99e"],"metadata":{"play":45,"type":4,"after":0.011858893021462417,"before":0.011858893021462417,"parent":"44a01d19-0770-4aa3-81a5-1ae2bfa60f8a","subPlay":0},"created":"2021-04-07T16:03:42.225Z","season":14,"tournament":-1,"type":118,"day":48,"phase":4,"category":1,"description":"CONSUMERS ATTACK\nCHORBY SOUL","nuts":33}