{"id":"e8fb375f-c74d-4307-b872-ae56d30d22d9","playerTags":["a1628d97-16ca-4a75-b8df-569bae02bef9"],"teamTags":["105bc3ff-1320-4e37-8ef0-8d595cb95dd0"],"gameTags":["ab75e6d8-f8dd-4342-9bf8-db0dc3630d74"],"metadata":{"play":171,"type":4,"after":0.011858893021462417,"before":0.011858893021462417,"parent":"533f960e-ef34-4990-bfb2-8745297d88ce","subPlay":0},"created":"2021-04-09T03:14:29.901Z","season":14,"tournament":-1,"type":118,"day":82,"phase":6,"category":1,"description":"CONSUMERS ATTACK\nCHORBY SOUL","nuts":48}