{"id":"e9100a1b-6a76-4dec-a725-93eadec986a2","playerTags":["a1628d97-16ca-4a75-b8df-569bae02bef9"],"teamTags":["105bc3ff-1320-4e37-8ef0-8d595cb95dd0"],"gameTags":["d491c364-e5e1-4fbb-bf97-fefb82a6e0d5"],"metadata":{"play":363,"type":4,"after":0.011858893021462417,"before":0.01205678378271347,"parent":"8e9819c2-4ce2-4376-9c90-e97e54fb3366","subPlay":0},"created":"2021-04-08T17:32:27.578Z","season":14,"tournament":-1,"type":118,"day":72,"phase":6,"category":1,"description":"CONSUMERS ATTACK\nCHORBY SOUL","nuts":42}