{"id":"e97a16c1-f31f-403f-9065-8d2e60f31d5f","playerTags":["a1628d97-16ca-4a75-b8df-569bae02bef9"],"teamTags":["36569151-a2fb-43c1-9df7-2df512424c82"],"gameTags":["8352f8a0-563c-418a-8657-d39b81ccff9b"],"metadata":{"play":175,"type":4,"after":0.011858893021462417,"before":0.011858893021462417,"parent":"a772a456-1423-48da-a094-6eff19fe085e","subPlay":0},"created":"2021-04-15T04:15:36.295Z","season":15,"tournament":-1,"type":118,"day":58,"phase":4,"category":1,"description":"CONSUMERS ATTACK\nCHORBY SOUL","nuts":8}