{"id":"e9c67e72-63c1-4e3b-8be6-ad442d6a7415","playerTags":["a1628d97-16ca-4a75-b8df-569bae02bef9"],"teamTags":["105bc3ff-1320-4e37-8ef0-8d595cb95dd0"],"gameTags":["167f8622-a105-4fd0-b2a2-95db09822fac"],"metadata":{"play":234,"type":4,"after":0.011858893021462417,"before":0.011858893021462417,"parent":"997397df-1f31-4397-842f-1dc54b42813a","subPlay":0},"created":"2021-04-08T04:20:09.286Z","season":14,"tournament":-1,"type":118,"day":60,"phase":4,"category":1,"description":"CONSUMERS ATTACK\nCHORBY SOUL","nuts":22}