{"id":"ea156032-b7dd-467c-a2e6-342b255d66c9","playerTags":["a1628d97-16ca-4a75-b8df-569bae02bef9"],"teamTags":["105bc3ff-1320-4e37-8ef0-8d595cb95dd0"],"gameTags":["d491c364-e5e1-4fbb-bf97-fefb82a6e0d5"],"metadata":{"play":147,"type":4,"after":0.011858893021462417,"before":0.011858893021462417,"parent":"ca3149fe-28ce-41ca-bf2d-e54a1af19b71","subPlay":0},"created":"2021-04-08T17:12:46.263Z","season":14,"tournament":-1,"type":118,"day":72,"phase":6,"category":1,"description":"CONSUMERS ATTACK\nCHORBY SOUL","nuts":33}