{"id":"eb1e99a5-5986-4a29-a2e1-862eed087b81","playerTags":["a1628d97-16ca-4a75-b8df-569bae02bef9"],"teamTags":["105bc3ff-1320-4e37-8ef0-8d595cb95dd0"],"gameTags":["1466294d-69fb-4386-bed5-4f42887d3cd8"],"metadata":{"play":290,"type":4,"after":0.011858893021462417,"before":0.011858893021462417,"parent":"756f78c3-de9b-4df7-93d4-b493dc3ff4bd","subPlay":0},"created":"2021-04-09T09:25:47.700Z","season":14,"tournament":-1,"type":118,"day":88,"phase":6,"category":1,"description":"CONSUMERS ATTACK\nCHORBY SOUL","nuts":27}