{"id":"ecfb1392-ab6e-4f8d-a7b4-4756f6461329","playerTags":["a1628d97-16ca-4a75-b8df-569bae02bef9"],"teamTags":["105bc3ff-1320-4e37-8ef0-8d595cb95dd0"],"gameTags":["74331304-8d35-4606-b340-105cea59ffee"],"metadata":{"play":51,"type":4,"after":0.011858893021462417,"before":0.011858893021462417,"parent":"1320ff7d-4dec-4c29-81cf-982e3db40259","subPlay":0},"created":"2021-04-07T01:04:21.627Z","season":14,"tournament":-1,"type":118,"day":33,"phase":4,"category":1,"description":"CONSUMERS ATTACK\nCHORBY SOUL","nuts":40}