{"id":"ee945f81-6a09-4a84-9496-45a4d42250ee","playerTags":["a1628d97-16ca-4a75-b8df-569bae02bef9"],"teamTags":["36569151-a2fb-43c1-9df7-2df512424c82"],"gameTags":["0e5304e2-725d-4fbc-8f38-94b1a8e3a975"],"metadata":{"play":417,"type":4,"after":0.011858893021462417,"before":0.011858893021462417,"parent":"0f042e4d-e93a-403d-8979-141b7390cd15","subPlay":0},"created":"2021-04-14T21:37:18.994Z","season":15,"tournament":-1,"type":118,"day":51,"phase":4,"category":1,"description":"CONSUMERS ATTACK\nCHORBY SOUL","nuts":53}