{"id":"efb30f08-0635-4faf-b026-f75cec80c5f3","playerTags":["a1628d97-16ca-4a75-b8df-569bae02bef9"],"teamTags":["105bc3ff-1320-4e37-8ef0-8d595cb95dd0"],"gameTags":["250aec0e-0f73-411a-82e9-ee8537c0261d"],"metadata":{"play":81,"type":4,"after":0.011858893021462417,"before":0.011858893021462417,"parent":"75a88261-f89b-4ec6-ad18-f4b5d35724c1","subPlay":0},"created":"2021-04-08T07:06:47.734Z","season":14,"tournament":-1,"type":118,"day":63,"phase":4,"category":1,"description":"CONSUMERS ATTACK\nCHORBY SOUL","nuts":22}