{"id":"f0471b5e-cf23-482e-b29d-d7c0b7bc517c","playerTags":["a1628d97-16ca-4a75-b8df-569bae02bef9"],"teamTags":["36569151-a2fb-43c1-9df7-2df512424c82"],"gameTags":["9b231463-979d-41d7-9ee0-65e7d7209682"],"metadata":{"play":105,"type":4,"after":0.011858893021462417,"before":0.011858893021462417,"parent":"7fa95aef-6a97-4923-9051-b848fb953d3f","subPlay":0},"created":"2021-04-13T13:08:57.594Z","season":15,"tournament":-1,"type":118,"day":21,"phase":2,"category":1,"description":"CONSUMERS ATTACK\nCHORBY SOUL","nuts":9}