{"id":"f0b9deaa-a504-4566-ab99-91e0f55efef5","playerTags":["a1628d97-16ca-4a75-b8df-569bae02bef9"],"teamTags":["105bc3ff-1320-4e37-8ef0-8d595cb95dd0"],"gameTags":["c9807a38-309f-4ca8-9bdf-3b4214dfbee1"],"metadata":{"play":274,"type":4,"after":0.011858893021462417,"before":0.011858893021462417,"parent":"73b9e061-9c26-4dad-ab2c-aff5d1e6aa0c","subPlay":0},"created":"2021-04-08T14:23:39.475Z","season":14,"tournament":-1,"type":118,"day":70,"phase":4,"category":1,"description":"CONSUMERS ATTACK\nCHORBY SOUL","nuts":49}