{"id":"f1b47e82-2fb0-453f-839b-26c3d99637c8","playerTags":["9f218ed1-d793-437d-a1b9-79f88f69154d"],"teamTags":["c73b705c-40ad-4633-a6ed-d357ee2e2bcf"],"gameTags":["0351a08c-d0b8-465d-ab5a-1451f93c94a3"],"metadata":{"play":272,"type":2,"after":0.5500740168116803,"before":0.6594570478409685,"parent":"5c2bce43-f7bc-4237-b071-dbc08093d9df","subPlay":0},"created":"2021-03-02T02:23:16.583Z","season":11,"tournament":-1,"type":118,"day":10,"phase":2,"category":1,"description":"Lotus Mango had blood drained by Richmond Harrison.","nuts":0}