{"id":"f1c68797-4778-4bde-9628-74de2a88becf","playerTags":["a1628d97-16ca-4a75-b8df-569bae02bef9"],"teamTags":["36569151-a2fb-43c1-9df7-2df512424c82"],"gameTags":["64e0c129-26f6-4c18-97df-154b06712cea"],"metadata":{"play":248,"type":4,"after":0.011858893021462417,"before":0.011858893021462417,"parent":"77434e05-7d29-418c-9e3b-8212ed37a966","subPlay":0},"created":"2021-04-14T09:22:33.662Z","season":15,"tournament":-1,"type":118,"day":39,"phase":4,"category":1,"description":"CONSUMERS ATTACK\nCHORBY SOUL","nuts":8}