{"id":"f1f7dc80-d832-411d-a51a-0bd7922bf6e2","playerTags":["c18961e9-ef3f-4954-bd6b-9fe01c615186"],"teamTags":["105bc3ff-1320-4e37-8ef0-8d595cb95dd0"],"gameTags":["819fcb8d-e4e2-4129-b05c-70ae436f4f86"],"metadata":{"play":247,"type":4,"after":0.9346828436094171,"before":1.3439288926181168,"parent":"78cc0e19-ed0b-4918-8062-fabc60115b58","subPlay":0},"created":"2021-04-09T02:22:01.642Z","season":14,"tournament":-1,"type":118,"day":81,"phase":6,"category":1,"description":"CONSUMERS ATTACK\nCARMELO PLUMS","nuts":10}