{"id":"f2280719-8ea4-47a6-a46b-184c17976f41","playerTags":["a1628d97-16ca-4a75-b8df-569bae02bef9"],"teamTags":["36569151-a2fb-43c1-9df7-2df512424c82"],"gameTags":["6428ee9c-4e5e-4ee7-be9e-1df68daeaa9d"],"metadata":{"play":118,"type":4,"after":0.011858893021462417,"before":0.011858893021462417,"parent":"826a9bf7-f457-4f32-b6cb-c6775c9824d4","subPlay":0},"created":"2021-04-12T17:10:12.299Z","season":15,"tournament":-1,"type":118,"day":2,"phase":2,"category":1,"description":"CONSUMERS ATTACK\nCHORBY SOUL","nuts":24}