{"id":"f23da3b3-878e-4934-a4f2-ca3c566b84e5","playerTags":["a1628d97-16ca-4a75-b8df-569bae02bef9"],"teamTags":["105bc3ff-1320-4e37-8ef0-8d595cb95dd0"],"gameTags":["49d70153-31cc-47c0-8fb9-cfdbd0c34e3a"],"metadata":{"play":272,"type":4,"after":0.011858893021462417,"before":0.011858893021462417,"parent":"9a44151a-c127-46a6-a263-7b9fdcd7aea1","subPlay":0},"created":"2021-04-07T02:23:38.701Z","season":14,"tournament":-1,"type":118,"day":34,"phase":4,"category":1,"description":"CONSUMERS ATTACK\nCHORBY SOUL","nuts":29}