{"id":"f257711e-751b-4bb1-9097-a7c0140f9c6f","playerTags":["a1628d97-16ca-4a75-b8df-569bae02bef9"],"teamTags":["36569151-a2fb-43c1-9df7-2df512424c82"],"gameTags":["8352f8a0-563c-418a-8657-d39b81ccff9b"],"metadata":{"play":146,"type":4,"after":0.011858893021462417,"before":0.011858893021462417,"parent":"ee565347-e033-4f51-ac67-776426286313","subPlay":0},"created":"2021-04-15T04:12:47.112Z","season":15,"tournament":-1,"type":118,"day":58,"phase":4,"category":1,"description":"CONSUMERS ATTACK\nCHORBY SOUL","nuts":8}