{"id":"f36333d3-f25f-4367-afd2-2bc17a6c5b1c","playerTags":["a1628d97-16ca-4a75-b8df-569bae02bef9"],"teamTags":["36569151-a2fb-43c1-9df7-2df512424c82"],"gameTags":["4b5d2491-686d-4621-a057-44d6460780b1"],"metadata":{"play":275,"type":4,"after":0.011858893021462417,"before":0.011858893021462417,"parent":"6c2cbde9-ad63-438d-9479-206ab134c38e","subPlay":0},"created":"2021-04-13T00:23:28.570Z","season":15,"tournament":-1,"type":118,"day":9,"phase":2,"category":1,"description":"CONSUMERS ATTACK\nCHORBY SOUL","nuts":22}