{"id":"f36d1e44-bb44-4505-8c6c-053bdf85f778","playerTags":["a1628d97-16ca-4a75-b8df-569bae02bef9"],"teamTags":["36569151-a2fb-43c1-9df7-2df512424c82"],"gameTags":["aa9f3249-e648-4b7c-84cc-2b074dabe0a1"],"metadata":{"play":66,"type":4,"after":0.011858893021462417,"before":0.011858893021462417,"parent":"63eca956-2e30-481a-b6be-ebe2910633fb","subPlay":0},"created":"2021-04-14T06:05:36.607Z","season":15,"tournament":-1,"type":118,"day":36,"phase":4,"category":1,"description":"CONSUMERS ATTACK\nCHORBY SOUL","nuts":18}