{"id":"f399a9b0-95a8-4047-af9c-6802eaff2b75","playerTags":["1e8b09bd-fbdd-444e-bd7e-10326bd57156"],"teamTags":["979aee4a-6d80-4863-bf1c-ee1a78e06024"],"gameTags":["cebb149c-dc89-463d-8e1f-ac25482cce51"],"metadata":{"play":45,"type":2,"after":0.4158409182390397,"before":0.5181175398440352,"parent":"79e61aa7-f900-41b1-a461-bc309a255d5d","subPlay":0},"created":"2021-03-02T20:03:56.130Z","season":11,"tournament":-1,"type":118,"day":27,"phase":4,"category":1,"description":"Fletcher Yamamoto had blood drained by Cory Ross.","nuts":0}