{"id":"f3c83dcf-6b59-48c4-a3e1-363da9fae67b","playerTags":["a1628d97-16ca-4a75-b8df-569bae02bef9"],"teamTags":["36569151-a2fb-43c1-9df7-2df512424c82"],"gameTags":["83fe1317-bb42-4728-b1e9-615ba3e11263"],"metadata":{"play":42,"type":4,"after":0.011858893021462417,"before":0.011858893021462417,"parent":"0640d1fa-0d20-414a-a256-5c0047d4268d","subPlay":0},"created":"2021-04-12T18:03:40.919Z","season":15,"tournament":-1,"type":118,"day":3,"phase":2,"category":1,"description":"CONSUMERS ATTACK\nCHORBY SOUL","nuts":28}