{"id":"f4026eda-ed2b-48ff-9d01-b39a4fbbcaeb","playerTags":["a1628d97-16ca-4a75-b8df-569bae02bef9"],"teamTags":["105bc3ff-1320-4e37-8ef0-8d595cb95dd0"],"gameTags":["167f8622-a105-4fd0-b2a2-95db09822fac"],"metadata":{"play":36,"type":4,"after":0.011858893021462417,"before":0.011858893021462417,"parent":"b4ad495b-b24f-4aa1-83b4-66718ee4b6f4","subPlay":0},"created":"2021-04-08T04:02:56.975Z","season":14,"tournament":-1,"type":118,"day":60,"phase":4,"category":1,"description":"CONSUMERS ATTACK\nCHORBY SOUL","nuts":23}