{"id":"f416a377-d433-4d56-8c4b-cebeaf2abb9e","playerTags":["413b3ddb-d933-4567-a60e-6d157480239d"],"teamTags":["36569151-a2fb-43c1-9df7-2df512424c82"],"gameTags":["9c485309-aef3-4d55-a33d-b93cf45255f9"],"metadata":{"play":20,"type":4,"after":1.2632990373790252,"before":2.02671480931239,"parent":"da1af838-c3bd-473e-bc71-043cd2c8c047","subPlay":0},"created":"2021-04-09T00:01:36.971Z","season":14,"tournament":-1,"type":118,"day":79,"phase":6,"category":1,"description":"CONSUMERS ATTACK\nWINNIE MCCALL","nuts":0}