{"id":"f48d9499-1c1e-4442-839f-164ace7412eb","playerTags":["a1628d97-16ca-4a75-b8df-569bae02bef9"],"teamTags":["105bc3ff-1320-4e37-8ef0-8d595cb95dd0"],"gameTags":["91b0bb34-ac1a-4ab8-a816-311f40ea699c"],"metadata":{"play":259,"type":4,"after":0.011858893021462417,"before":0.011858893021462417,"parent":"fced6603-fa3b-4b79-a693-fe11300fb802","subPlay":0},"created":"2021-04-08T02:23:34.589Z","season":14,"tournament":-1,"type":118,"day":58,"phase":4,"category":1,"description":"CONSUMERS ATTACK\nCHORBY SOUL","nuts":39}