{"id":"f53083af-972c-414e-8487-e93c0f6c73be","playerTags":["a1628d97-16ca-4a75-b8df-569bae02bef9"],"teamTags":["105bc3ff-1320-4e37-8ef0-8d595cb95dd0"],"gameTags":["55918197-4716-43b6-865e-c8ba212421d8"],"metadata":{"play":283,"type":4,"after":0.011858893021462417,"before":0.01205678378271347,"parent":"48873fed-8c29-439c-b52c-addf40b13fe3","subPlay":0},"created":"2021-04-06T21:24:33.902Z","season":14,"tournament":-1,"type":118,"day":29,"phase":4,"category":1,"description":"CONSUMERS ATTACK\nCHORBY SOUL","nuts":63}