{"id":"f5535ab7-6292-4ac9-aef6-6bfde0e7fb28","playerTags":["a1628d97-16ca-4a75-b8df-569bae02bef9"],"teamTags":["105bc3ff-1320-4e37-8ef0-8d595cb95dd0"],"gameTags":["76561b33-e498-42b5-80e0-221ed4c87a38"],"metadata":{"play":133,"type":4,"after":0.011858893021462417,"before":0.011858893021462417,"parent":"35cb182e-f8dc-42f2-888e-7cc7bcf02815","subPlay":0},"created":"2021-04-09T01:11:09.236Z","season":14,"tournament":-1,"type":118,"day":80,"phase":6,"category":1,"description":"CONSUMERS ATTACK\nCHORBY SOUL","nuts":21}