{"id":"f562196d-d764-447b-9119-e9d9118879da","playerTags":["a1628d97-16ca-4a75-b8df-569bae02bef9"],"teamTags":["105bc3ff-1320-4e37-8ef0-8d595cb95dd0"],"gameTags":["741b5632-fbf8-49e7-9a64-9c92e636ea7a"],"metadata":{"play":176,"type":4,"after":0.011858893021462417,"before":0.011858893021462417,"parent":"2ef21523-fd3d-4b9d-9594-2225320e5c14","subPlay":0},"created":"2021-04-09T18:15:13.472Z","season":14,"tournament":-1,"type":118,"day":97,"phase":6,"category":1,"description":"CONSUMERS ATTACK\nCHORBY SOUL","nuts":27}