{"id":"f656a5c2-c972-4cf6-9750-242e6d4a3dd1","playerTags":["a1628d97-16ca-4a75-b8df-569bae02bef9"],"teamTags":["36569151-a2fb-43c1-9df7-2df512424c82"],"gameTags":["3137cec0-5450-4ed8-9ff3-e2b18483adc3"],"metadata":{"play":152,"type":4,"after":0.011858893021462417,"before":0.01205678378271347,"parent":"b3c0367a-1ce7-4c97-a51b-19ffcc41557a","subPlay":0},"created":"2021-04-13T04:12:44.742Z","season":15,"tournament":-1,"type":118,"day":13,"phase":2,"category":1,"description":"CONSUMERS ATTACK\nCHORBY SOUL","nuts":8}