{"id":"f6f7fa22-32cc-46f0-9704-3a072ff118e1","playerTags":["a1628d97-16ca-4a75-b8df-569bae02bef9"],"teamTags":["105bc3ff-1320-4e37-8ef0-8d595cb95dd0"],"gameTags":["74331304-8d35-4606-b340-105cea59ffee"],"metadata":{"play":152,"type":4,"after":0.011858893021462417,"before":0.011858893021462417,"parent":"84f28405-7c3a-4cc9-8421-2688ff8f3f83","subPlay":0},"created":"2021-04-07T01:13:21.959Z","season":14,"tournament":-1,"type":118,"day":33,"phase":4,"category":1,"description":"CONSUMERS ATTACK\nCHORBY SOUL","nuts":33}