{"id":"f7bea9b8-647d-431f-a9b5-29401ccfbb87","playerTags":["cfb42325-592a-4119-9b40-4cdc19959b09"],"teamTags":["c73b705c-40ad-4633-a6ed-d357ee2e2bcf"],"gameTags":["e9d67ee9-2330-47e9-876a-79860f215f16"],"metadata":{"play":56,"type":4,"after":2.4146512694874773,"before":2.901387892018523,"parent":"5504b987-c94c-4135-a914-fcb3c004d61e","subPlay":0},"created":"2021-04-09T19:04:46.998Z","season":14,"tournament":-1,"type":118,"day":98,"phase":6,"category":1,"description":"CONSUMERS ATTACK\nNANDY SLUMPS","nuts":0}