{"id":"f899152e-a69b-46b8-9125-ce99b62b1572","playerTags":["5116921f-7642-441a-9a85-40c93a1e61bd"],"teamTags":["d9f89a8a-c563-493e-9d64-78e4f9a55d4a"],"gameTags":["c1775ecb-d3c1-4896-b554-2e5e6a62095d"],"metadata":{"play":41,"type":4,"after":1.844915589843427,"before":2.440102964755551,"parent":"798607f3-5113-4df3-ae57-77e8ee4e5b93","subPlay":0},"created":"2021-04-09T18:03:22.605Z","season":14,"tournament":-1,"type":118,"day":97,"phase":6,"category":1,"description":"CONSUMERS ATTACK\nMORDECAI KINGBIRD","nuts":4}