{"id":"f8c8aa97-82a9-426d-b38c-34eef2893203","playerTags":["0eddd056-9d72-4804-bd60-53144b785d5c"],"teamTags":["b63be8c2-576a-4d6e-8daf-814f8bcea96f"],"gameTags":["e348e241-29c4-4dc0-9ff1-563e80766284"],"metadata":{"play":188,"type":0,"after":0.22433574084531085,"before":0.35773616523267754,"parent":"99a0af72-db88-4905-9820-a3499fdd6d92","subPlay":0},"created":"2021-03-11T03:16:13.642Z","season":12,"tournament":-1,"type":118,"day":58,"phase":4,"category":1,"description":"Caleb Novak had blood drained by Knight Triumphant.","nuts":0}