{"id":"f92c8a4f-99d7-4c58-93e4-f7abc636076c","playerTags":["68dd9d47-b9a8-4fd3-a89c-5c112eb1982e"],"teamTags":["105bc3ff-1320-4e37-8ef0-8d595cb95dd0"],"gameTags":["f907335b-184d-4c12-a4b5-957d92cb973e"],"metadata":{"play":229,"type":4,"after":1.8827627813064893,"before":2.5283385106528087,"parent":"94c21572-0c22-424f-a728-942f6e85ce58","subPlay":0},"created":"2021-04-09T16:19:44.168Z","season":14,"tournament":-1,"type":118,"day":95,"phase":6,"category":1,"description":"CONSUMERS ATTACK\nDURHAM SPACEMAN","nuts":1}