{"id":"fbf8af6d-654a-48a2-a599-a0c15d672c6c","playerTags":["32c9bce6-6e52-40fa-9f64-3629b3d026a8"],"teamTags":["747b8e4a-7e50-4638-a973-ea7950a3e739"],"gameTags":["3da22b92-6757-40e8-85bc-0cb621f304b3"],"metadata":{"play":320,"type":4,"after":0.5804425265939746,"before":1.4442084639943256,"parent":"fe47b042-d784-4525-af94-b14cd60fd10c","subPlay":0},"created":"2021-03-03T14:26:53.677Z","season":11,"tournament":-1,"type":118,"day":45,"phase":4,"category":1,"description":"Ren Morin had an allergic reaction.","nuts":0}