{"id":"fc4c2c21-2979-4032-aaa2-4f2c036927f5","playerTags":["c0732e36-3731-4f1a-abdc-daa9563b6506"],"teamTags":["8d87c468-699a-47a8-b40d-cfb73a5660ad"],"gameTags":["32795873-301a-40ed-bbe1-201231093074"],"metadata":{"play":153,"type":4,"after":4.151489998282308,"before":4.633197103586995,"parent":"8f79a62d-4bfc-4a14-a873-4deab2d97c0e","subPlay":0},"created":"2021-04-08T13:12:49.357Z","season":14,"tournament":-1,"type":118,"day":69,"phase":4,"category":1,"description":"CONSUMERS ATTACK\nNAGOMI MCDANIEL","nuts":46}