{"id":"fca22429-1694-4258-b4bf-9abe59745cdf","playerTags":["adcbc290-81c5-4da9-b4da-2e594b080710"],"teamTags":["c73b705c-40ad-4633-a6ed-d357ee2e2bcf"],"gameTags":["fafd3166-94a2-47c0-81e9-efd97b180061"],"metadata":{"play":270,"type":2,"after":0.45023561808689294,"before":0.5911907699247692,"parent":"7b59a5c9-b8c1-42c2-b727-037af8d94ac9","subPlay":0},"created":"2021-03-03T20:23:06.226Z","season":11,"tournament":-1,"type":118,"day":51,"phase":4,"category":1,"description":"Freemium Seraph had blood drained by Isaac Johnson.","nuts":0}