{"id":"fcba486e-c4e3-40bd-a1aa-a296606f83f4","playerTags":["a1628d97-16ca-4a75-b8df-569bae02bef9"],"teamTags":["36569151-a2fb-43c1-9df7-2df512424c82"],"gameTags":["143b4638-4f18-4e90-9e85-5a2aed52cbdd"],"metadata":{"play":57,"type":4,"after":0.011858893021462417,"before":0.011858893021462417,"parent":"f9370f6b-e9cf-47f6-8f29-b893425733dc","subPlay":0},"created":"2021-04-13T09:05:05.712Z","season":15,"tournament":-1,"type":118,"day":17,"phase":2,"category":1,"description":"CONSUMERS ATTACK\nCHORBY SOUL","nuts":8}