{"id":"fcd58bc0-8e39-4f1c-b9d9-f3251466747b","playerTags":["9ac2e7c5-5a34-4738-98d8-9f917bc6d119"],"teamTags":["979aee4a-6d80-4863-bf1c-ee1a78e06024"],"gameTags":["cebb149c-dc89-463d-8e1f-ac25482cce51"],"metadata":{"play":151,"type":3,"after":0.3650856794420675,"before":0.5352551015717413,"parent":"69ecfcf1-a901-4898-888b-d83ade621b4f","subPlay":0},"created":"2021-03-02T20:13:12.470Z","season":11,"tournament":-1,"type":118,"day":27,"phase":4,"category":1,"description":"Christian Combs had blood drained by Cory Ross.","nuts":0}