{"id":"fced8c68-6335-46ed-9b4f-d288259ca521","playerTags":["27c68d7f-5e40-4afa-8b6f-9df47b79e7dd"],"teamTags":["878c1bf6-0d21-4659-bfee-916c8314d69c"],"gameTags":["a47d3e8d-54b1-4a0f-a77a-f580dcab90af"],"metadata":{"play":193,"type":3,"after":0.8305469392822302,"before":0.9237453200726019,"parent":"ae722b49-48ee-4e41-90a0-f29ce8b68435","subPlay":0},"created":"2021-03-11T06:16:24.970Z","season":12,"tournament":-1,"type":118,"day":61,"phase":4,"category":1,"description":"Basilio Mason had blood drained by Glabe Moon.","nuts":0}