{"id":"fdb80539-e7af-46be-8062-b1b5b0203fd8","playerTags":["c22e3af5-9001-465f-b450-864d7db2b4a0"],"teamTags":["b63be8c2-576a-4d6e-8daf-814f8bcea96f"],"gameTags":["0d22a06f-b589-4eca-8ce5-e83a3ccc26b0"],"metadata":{"play":64,"type":4,"after":2.7361133201794963,"before":3.2425713273796566,"parent":"6a0f6386-05c3-4719-9a9e-487d2bbafdfd","subPlay":0},"created":"2021-04-09T19:05:27.343Z","season":14,"tournament":-1,"type":118,"day":98,"phase":6,"category":1,"description":"CONSUMERS ATTACK\nLOGAN HORSEMAN","nuts":0}