{"id":"fdd28831-5b74-4973-80ee-287dbae3c705","playerTags":["a1628d97-16ca-4a75-b8df-569bae02bef9"],"teamTags":["105bc3ff-1320-4e37-8ef0-8d595cb95dd0"],"gameTags":["9cd46c1b-f090-45e8-bdc5-c199f5bb3a59"],"metadata":{"play":154,"type":4,"after":0.011858893021462417,"before":0.011858893021462417,"parent":"d2032dc3-5e7f-486f-a56c-35a5d109ed78","subPlay":0},"created":"2021-04-08T00:13:13.055Z","season":14,"tournament":-1,"type":118,"day":56,"phase":4,"category":1,"description":"CONSUMERS ATTACK\nCHORBY SOUL","nuts":48}