{"id":"ff6d0ee0-ee2b-4b27-8291-095cbfb15fed","playerTags":["a1628d97-16ca-4a75-b8df-569bae02bef9"],"teamTags":["105bc3ff-1320-4e37-8ef0-8d595cb95dd0"],"gameTags":["f56604cf-0e66-47f1-b5f6-33fe37e25592"],"metadata":{"play":247,"type":4,"after":0.011858893021462417,"before":0.011858893021462417,"parent":"b6a5a877-e724-40c8-900d-a991dca772b4","subPlay":0},"created":"2021-04-07T08:20:56.421Z","season":14,"tournament":-1,"type":118,"day":40,"phase":4,"category":1,"description":"CONSUMERS ATTACK\nCHORBY SOUL","nuts":34}