{"id":"05ad13bd-3746-48df-ada3-6ea29d665559","playerTags":["af6b3edc-ed52-4edc-b0c9-14e0a5ae0ee3"],"teamTags":["b63be8c2-576a-4d6e-8daf-814f8bcea96f"],"gameTags":["fb22c723-5708-444b-af44-f23d5722729f"],"metadata":{"mods":[],"play":35,"itemId":"8ca87aae-64cf-4828-b052-25499ff41150","parent":"c494aba1-3a68-459a-b483-8d29aa763205","subPlay":1,"itemName":"Cap","playerRating":3.513465930390714,"playerItemRatingAfter":0.05607100006564403,"playerItemRatingBefore":0},"created":"2021-04-14T03:02:56.591Z","season":15,"tournament":-1,"type":127,"day":34,"phase":4,"category":1,"description":"Rivers Clembons gained Cap.","nuts":0}