{"id":"08dacb9b-8c1c-44cb-9a11-c8a854fa498c","playerTags":["b082ca6e-eb11-4eab-8d6a-30f8be522ec4"],"teamTags":["747b8e4a-7e50-4638-a973-ea7950a3e739"],"gameTags":["2011c5d5-b65c-4c60-93e0-efb8fe7c0610"],"metadata":{"mods":[],"play":51,"itemId":"8decfe69-71a8-4a85-a12f-8a48c7432669","parent":"a872f133-2009-4812-ab5e-4ebef8ff2861","subPlay":1,"itemName":"Shoes","playerRating":2.280612753845989,"playerItemRatingAfter":0.05808608321819542,"playerItemRatingBefore":0},"created":"2021-04-15T07:04:22.289Z","season":15,"tournament":-1,"type":127,"day":61,"phase":4,"category":1,"description":"Nicholas Mora gained Shoes.","nuts":0}