{"id":"1af1bce5-2454-4266-a25e-6abd6e985cbc","playerTags":["7c5ae357-e079-4427-a90f-97d164c7262e"],"teamTags":["b72f3061-f573-40d7-832a-5ad475bd7909"],"gameTags":["23646de6-2107-45dc-997d-c11842a26a33"],"metadata":{"mods":[],"play":132,"itemId":"9e489a71-44c1-48ea-8a38-2557503e00e7","parent":"3f1dd9fb-85bb-412b-a896-57efa5e24eb4","subPlay":1,"itemName":"Shoes","playerRating":1.9171998104391905,"playerItemRatingAfter":0.10683656365382041,"playerItemRatingBefore":0},"created":"2021-04-15T15:11:08.378Z","season":15,"tournament":-1,"type":127,"day":69,"phase":4,"category":1,"description":"Milo Brown gained Shoes.","nuts":4}