{"id":"33786402-ec1a-4174-b40b-7ead776caafe","playerTags":["8ecea7e0-b1fb-4b74-8c8c-3271cb54f659"],"teamTags":["9debc64f-74b7-4ae1-a4d6-fce0144b6ea5"],"gameTags":["c37c22ac-ddc5-446a-9df1-5a2a2dd9655c"],"metadata":{"mods":[],"play":107,"itemId":"c42d0c94-aafb-4045-9f75-dee241bad500","parent":"e8c6801f-c678-4b3a-a8d8-96c82a73bfd0","subPlay":0,"itemName":"Inflatable Sunglasses","playerRating":3.4163973998367596,"playerItemRatingAfter":-0.017082491565655,"playerItemRatingBefore":0},"created":"2021-04-13T23:09:03.278Z","season":15,"tournament":-1,"type":127,"day":30,"phase":4,"category":1,"description":"Fitzgerald Blackburn gained Inflatable Sunglasses.","nuts":39}