{"id":"38327860-cc71-4657-872c-fbbd6726008a","playerTags":["bf122660-df52-4fc4-9e70-ee185423ff93"],"teamTags":["a37f9158-7f82-46bc-908c-c9e2dda7c33b"],"gameTags":["5591a72d-aad2-4cf6-b659-dd50be63f1e4"],"metadata":{"mods":[],"play":137,"itemId":"c85b3ae3-b6f5-4a0a-a4ed-67476c02ca6f","parent":"340a0d97-b81a-4bb5-8e6f-365d29f531f4","subPlay":1,"itemName":"Leg Ring","playerRating":2.7476090153198194,"playerItemRatingAfter":0.09295209034055629,"playerItemRatingBefore":0},"created":"2021-04-13T04:11:43.225Z","season":15,"tournament":-1,"type":127,"day":13,"phase":2,"category":1,"description":"Walton Sports gained Leg Ring.","nuts":20}