{"id":"6218bab8-6367-4552-a364-421ccbe6983e","playerTags":["8605af4b-b235-43f8-81aa-6381ecdda756"],"teamTags":["bb4a9de5-c924-4923-a0cb-9d1445f1ee5d"],"gameTags":["fb22c723-5708-444b-af44-f23d5722729f"],"metadata":{"mods":[],"play":94,"itemId":"2a4c331a-393b-4465-a1ee-25996eec4098","parent":"42aafed8-3ee6-446d-b47a-1d2c1d506c48","subPlay":0,"itemName":"Sunglasses","playerRating":2.1096733846071247,"playerItemRatingAfter":0.05331648089456309,"playerItemRatingBefore":0},"created":"2021-04-14T03:08:02.434Z","season":15,"tournament":-1,"type":127,"day":34,"phase":4,"category":1,"description":"Muse Scantron gained Sunglasses.","nuts":3}