{"id":"636a2c54-4897-4aa3-b07c-afea818a4eaa","playerTags":["da67c196-4cac-428b-8c18-2a411055ea35"],"teamTags":["c73b705c-40ad-4633-a6ed-d357ee2e2bcf"],"gameTags":["81d2ea7f-7cf2-4265-8836-d135dcea881c"],"metadata":{"mods":[],"play":58,"itemId":"6cf6c2af-632e-43f1-9c72-69407be728ef","parent":"f296a108-7866-4dbc-8aca-6028a96a1062","subPlay":1,"itemName":"Glove","playerRating":2.9707927558441245,"playerItemRatingAfter":0.02122642245027806,"playerItemRatingBefore":0},"created":"2021-04-13T20:04:51.669Z","season":15,"tournament":-1,"type":127,"day":27,"phase":4,"category":1,"description":"Yusef Fenestrate gained Glove.","nuts":1}