{"id":"764675f8-d250-411c-a302-6c9de347d3b2","playerTags":["28964497-0efe-420c-9c1d-8574f224a4e9"],"teamTags":["3f8bbb15-61c0-4e3f-8e4a-907a5fb1565e"],"gameTags":["ec2b2567-7c9c-4973-a703-2267630edad5"],"metadata":{"mods":[],"play":248,"itemId":"032d24f5-1e63-4ba0-9f2d-a2c67d9164e3","parent":"6b256657-539c-4d2e-b5c9-26f9f5d9da05","subPlay":1,"itemName":"Leg Ring","playerRating":2.674786558406166,"playerItemRatingAfter":0.08630170088687872,"playerItemRatingBefore":0},"created":"2021-04-13T06:21:23.975Z","season":15,"tournament":-1,"type":127,"day":15,"phase":2,"category":1,"description":"Inez Owens gained Leg Ring.","nuts":0}