{"id":"815d05c9-8f11-4b7d-a2f6-2da422da1e75","playerTags":["d0ffc9c2-e677-4230-a639-b0ae11650501"],"teamTags":["bb4a9de5-c924-4923-a0cb-9d1445f1ee5d"],"gameTags":["5591a72d-aad2-4cf6-b659-dd50be63f1e4"],"metadata":{"mods":[],"play":150,"itemId":"655439a5-c530-4b43-85a0-991fdb3eeab4","parent":"e51d4d8e-02c0-4c15-9574-51d4fa2ebe0e","subPlay":0,"itemName":"Plant-Based Cap","playerRating":2.877781407659498,"playerItemRatingAfter":0.08848941238922503,"playerItemRatingBefore":0},"created":"2021-04-13T04:12:57.810Z","season":15,"tournament":-1,"type":127,"day":13,"phase":2,"category":1,"description":"Kaz Fiasco gained Plant-Based Cap.","nuts":11}