{"id":"87b842e9-a1dd-4713-bce4-bbe49eaf4db2","playerTags":["d8ee256f-e3d0-46cb-8c77-b1f88d8c9df9"],"teamTags":["9debc64f-74b7-4ae1-a4d6-fce0144b6ea5"],"gameTags":["ec2b2567-7c9c-4973-a703-2267630edad5"],"metadata":{"mods":[],"play":226,"itemId":"31a088d7-9aea-4dcc-b385-d2440dbd5134","parent":"de2ea13b-9d42-4257-ae43-df48977cb698","subPlay":1,"itemName":"Necklace","playerRating":2.7327446036840763,"playerItemRatingAfter":0.011159124771152995,"playerItemRatingBefore":0},"created":"2021-04-13T06:19:24.185Z","season":15,"tournament":-1,"type":127,"day":15,"phase":2,"category":1,"description":"Comfort Septemberish gained Necklace.","nuts":4}