{"id":"97d81b64-9f21-42fe-a52f-ab10a5c4f45e","playerTags":["da67c196-4cac-428b-8c18-2a411055ea35"],"teamTags":["c73b705c-40ad-4633-a6ed-d357ee2e2bcf"],"gameTags":["2011c5d5-b65c-4c60-93e0-efb8fe7c0610"],"metadata":{"mods":[],"play":103,"itemId":"7d38b79e-6557-46ca-adac-c48c13e54d7d","parent":"5b40a52b-0164-45fd-be27-cc280c5a3a6d","subPlay":1,"itemName":"Cryogenic Shoes","playerRating":2.9707927558441245,"playerItemRatingAfter":0.05385484537816215,"playerItemRatingBefore":0},"created":"2021-04-15T07:09:02.375Z","season":15,"tournament":-1,"type":127,"day":61,"phase":4,"category":1,"description":"Yusef Fenestrate gained Cryogenic Shoes.","nuts":2}