{"id":"a12ba81e-f4f0-40c7-8346-f919fc918796","playerTags":["3188d641-4fcc-4d5e-887d-5f454b4c4ff8"],"teamTags":["c73b705c-40ad-4633-a6ed-d357ee2e2bcf"],"gameTags":["2011c5d5-b65c-4c60-93e0-efb8fe7c0610"],"metadata":{"mods":[],"play":98,"itemId":"b7bc4a8f-eb81-4513-842e-227cd4235323","parent":"c18aa12d-8779-4198-b1c1-bd68eac5072f","subPlay":1,"itemName":"Leg Glove","playerRating":2.2363455607383917,"playerItemRatingAfter":0.07345256426626967,"playerItemRatingBefore":0},"created":"2021-04-15T07:08:27.813Z","season":15,"tournament":-1,"type":127,"day":61,"phase":4,"category":1,"description":"Silvaire Semiquaver gained Leg Glove.","nuts":1}