{"id":"a92009da-6b81-4a53-823c-732bd3640ad5","playerTags":["defbc540-a36d-460b-afd8-07da2375ee63"],"teamTags":["3f8bbb15-61c0-4e3f-8e4a-907a5fb1565e"],"gameTags":["ec2b2567-7c9c-4973-a703-2267630edad5"],"metadata":{"mods":[],"play":136,"itemId":"7e94c519-2380-4723-b1db-5e70369b651e","parent":"ebd3b57c-e758-415b-8feb-bc578fa47a98","subPlay":1,"itemName":"Glove","playerRating":4.333502033529121,"playerItemRatingAfter":0.02218813558651933,"playerItemRatingBefore":0},"created":"2021-04-13T06:11:37.932Z","season":15,"tournament":-1,"type":127,"day":15,"phase":2,"category":1,"description":"Castillo Turner gained Glove.","nuts":2}