{"id":"c6508f6c-d091-43d3-8940-ea003aef3b94","playerTags":["e69db30d-74ac-4265-8da6-467b0d25694b"],"teamTags":["a37f9158-7f82-46bc-908c-c9e2dda7c33b"],"gameTags":["e401c20c-81e6-4cd8-b885-c34f76ed89cc"],"metadata":{"mods":[],"play":268,"itemId":"e1ca9e38-9e0d-41d9-9e81-d374143844db","parent":"550a8205-bb00-4427-80e9-820075b0a796","subPlay":1,"itemName":"Frosty Shoes","playerRating":1.8045656622116928,"playerItemRatingAfter":0.09979966369574444,"playerItemRatingBefore":0},"created":"2021-04-14T15:22:37.251Z","season":15,"tournament":-1,"type":127,"day":45,"phase":4,"category":1,"description":"Dervin Gorczyca gained Frosty Shoes.","nuts":14}