{"id":"e81512fe-d7e0-4132-a71b-887a0b83684c","playerTags":["ae4acebd-edb5-4d20-bf69-f2d5151312ff"],"teamTags":["36569151-a2fb-43c1-9df7-2df512424c82"],"gameTags":["c4e1766f-8ffe-420a-9a39-44b6db4bfa9f"],"metadata":{"mods":[],"play":128,"itemId":"955985a3-2ae7-41d3-8c46-85170f8dc7b4","parent":"e391fb34-8557-4e26-b804-d773de3d68c9","subPlay":1,"itemName":"Bat of Vanity","playerRating":2.731516133804444,"playerItemRatingAfter":0.09759922108321462,"playerItemRatingBefore":0},"created":"2021-04-14T11:11:16.296Z","season":15,"tournament":-1,"type":127,"day":41,"phase":4,"category":1,"description":"Theodore Cervantes gained Bat of Vanity.","nuts":2}