{"id":"eb4b8dac-09de-4467-999b-bdf53a8fff8d","playerTags":["d0ffc9c2-e677-4230-a639-b0ae11650501"],"teamTags":["bb4a9de5-c924-4923-a0cb-9d1445f1ee5d"],"gameTags":["c37c22ac-ddc5-446a-9df1-5a2a2dd9655c"],"metadata":{"mods":[],"play":185,"itemId":"d8968d13-392d-46a1-8404-a099c46cb768","parent":"58a9c60e-279f-460f-bec8-7511e003e892","subPlay":1,"itemName":"Cap","playerRating":2.877781407659498,"playerItemRatingAfter":0.1706367415963268,"playerItemRatingBefore":0},"created":"2021-04-13T23:15:49.191Z","season":15,"tournament":-1,"type":127,"day":30,"phase":4,"category":1,"description":"Kaz Fiasco gained Cap.","nuts":7}