{"id":"ebd1b8e4-1c1e-482d-97cc-b499ee8e6e67","playerTags":["57a19a22-f2cd-4e59-aa84-15cb0af30ba3"],"teamTags":["bb4a9de5-c924-4923-a0cb-9d1445f1ee5d"],"gameTags":["3b9db701-9781-420b-aea3-cb63eaaed32e"],"metadata":{"mods":[],"play":159,"itemId":"f85e4fb2-0f10-4d20-b865-8bc7d98f5b3d","parent":"12a443c2-63b0-4084-842e-4a0f2e45c8d5","subPlay":0,"itemName":"Necklace","playerRating":3.0452556209352566,"playerItemRatingAfter":0.06131635375004718,"playerItemRatingBefore":0},"created":"2021-04-14T21:13:25.155Z","season":15,"tournament":-1,"type":127,"day":51,"phase":4,"category":1,"description":"Vessalius Sundae gained Necklace.","nuts":5}