{"id":"f3e747a7-2584-4efc-900e-a322a03b30ee","playerTags":["cfb42325-592a-4119-9b40-4cdc19959b09"],"teamTags":["c73b705c-40ad-4633-a6ed-d357ee2e2bcf"],"gameTags":["2011c5d5-b65c-4c60-93e0-efb8fe7c0610"],"metadata":{"mods":[],"play":130,"itemId":"efa4f599-c8c3-4ecc-b11e-4113d76e0c93","parent":"7b1bf87d-895a-4fd1-a3e6-47bfc560a337","subPlay":1,"itemName":"Ring","playerRating":2.4146512694874773,"playerItemRatingAfter":0.06473796558302247,"playerItemRatingBefore":0},"created":"2021-04-15T07:11:27.317Z","season":15,"tournament":-1,"type":127,"day":61,"phase":4,"category":1,"description":"Nandy Slumps gained Ring.","nuts":1}