{"id":"f862527b-0ee6-4866-8947-306863f31325","playerTags":["5dbf11c0-994a-4482-bd1e-99379148ee45"],"teamTags":["a37f9158-7f82-46bc-908c-c9e2dda7c33b"],"gameTags":["e401c20c-81e6-4cd8-b885-c34f76ed89cc"],"metadata":{"mods":[],"play":135,"itemId":"f0f82aef-0c3f-42a5-a6ca-91f1b3f57148","parent":"203d861d-92de-4c92-8c77-19fe946c75ac","subPlay":1,"itemName":"Bat","playerRating":2.3066300918347435,"playerItemRatingAfter":0.038016288395818165,"playerItemRatingBefore":0},"created":"2021-04-14T15:11:14.477Z","season":15,"tournament":-1,"type":127,"day":45,"phase":4,"category":1,"description":"Conrad Vaughan gained Bat.","nuts":0}