{"id":"a0d8a5bd-7f4c-457f-8645-0e73f47482c6","playerTags":["006e1d32-9742-48ef-a6ba-36545e93b9e3"],"teamTags":["b63be8c2-576a-4d6e-8daf-814f8bcea96f"],"gameTags":["6a3752d8-2808-4612-8ea4-6227c81c728a"],"metadata":{"mods":[],"play":33,"itemId":"12c9ebdb-baf1-43a1-a01b-e646aa0f8ac7","parent":"6a56a224-9d56-42a9-86c5-0d50ef5b8045","subPlay":0,"itemName":"Chunky Bat","playerRating":1.612272718819268,"itemDurability":2,"itemHealthAfter":1,"itemHealthBefore":2,"playerItemRatingAfter":0.037071794132517044,"playerItemRatingBefore":0.037071794132517044},"created":"2021-04-14T13:02:41.973Z","season":15,"tournament":-1,"type":186,"day":43,"phase":4,"category":1,"description":"Jomgy Rolsenthal's Chunky Bat was damaged.","nuts":0}