{"id":"ab0cfc27-eef9-4a05-9ce1-678174236af1","playerTags":["0ef1bc34-64ee-4c7b-8be2-88322b407a58"],"teamTags":["d9f89a8a-c563-493e-9d64-78e4f9a55d4a"],"gameTags":["c4563e55-0a5d-487f-b342-1ac80f03e285"],"metadata":{"mods":[],"play":208,"itemId":"d28f41d0-a8e4-4baa-bddc-d87186e7c299","parent":"25bb582c-f902-47e7-ba60-022a0802aed6","subPlay":0,"itemName":"Weird Bat","playerRating":2.7492060606451565,"itemDurability":2,"itemHealthAfter":1,"itemHealthBefore":2,"playerItemRatingAfter":0.06847489338346247,"playerItemRatingBefore":0.06847489338346247},"created":"2021-04-14T22:17:40.146Z","season":15,"tournament":-1,"type":186,"day":52,"phase":4,"category":1,"description":"Geraldine Frost's Weird Bat was damaged.","nuts":3}