{"id":"c2c618b0-f4ed-40bb-9c43-5fae830df2be","playerTags":["8ecea7e0-b1fb-4b74-8c8c-3271cb54f659"],"teamTags":["9debc64f-74b7-4ae1-a4d6-fce0144b6ea5"],"gameTags":["6bdaef8c-1ddf-440f-b210-3d0e4c13b565"],"metadata":{"mods":[],"play":57,"itemId":"c42d0c94-aafb-4045-9f75-dee241bad500","parent":"70a2af42-a79f-41ac-b2b9-43be7130f331","subPlay":0,"itemName":"Inflatable Sunglasses","playerRating":3.4163973998367596,"itemDurability":2,"itemHealthAfter":1,"itemHealthBefore":2,"playerItemRatingAfter":-0.017082491565655,"playerItemRatingBefore":-0.017082491565655},"created":"2021-04-15T14:04:42.381Z","season":15,"tournament":-1,"type":186,"day":68,"phase":4,"category":1,"description":"Fitzgerald Blackburn's Inflatable Sunglasses were damaged.","nuts":0}