{"id":"dc1b4c91-2af6-411e-aaf4-a2e68f7e98cb","playerTags":["ae4acebd-edb5-4d20-bf69-f2d5151312ff"],"teamTags":["36569151-a2fb-43c1-9df7-2df512424c82"],"gameTags":["67a3da1d-218a-40ba-8f39-92fb935e888c"],"metadata":{"mods":[],"play":364,"itemId":"955985a3-2ae7-41d3-8c46-85170f8dc7b4","parent":"835ff13e-38de-4787-9920-fcb74ee60351","subPlay":0,"itemName":"Bat of Vanity","playerRating":2.731516133804444,"itemDurability":2,"itemHealthAfter":1,"itemHealthBefore":2,"playerItemRatingAfter":0.09759922108321462,"playerItemRatingBefore":0.09759922108321462},"created":"2021-04-15T12:31:11.879Z","season":15,"tournament":-1,"type":186,"day":66,"phase":4,"category":1,"description":"CONSUMERS ATTACK\nTHEODORE CERVANTES DEFENDS\n\nBAT OF VANITY DAMAGED","nuts":0}