{"id":"fb1fa282-f642-46f7-8386-72e16241cdb8","playerTags":["03b80a57-77ea-4913-9be4-7a85c3594745"],"teamTags":["bfd38797-8404-4b38-8b82-341da28b1f83"],"gameTags":["6219dbe4-e39c-418e-afda-cdb617944348"],"metadata":{"mods":[],"play":287,"itemId":"a7168497-8bea-43fd-be29-dd8c11658fac","parent":"714eb939-106c-4029-9ce8-aa761edfc32c","subPlay":0,"itemName":"Hot Bat","playerRating":1.9521767541328814,"itemDurability":2,"itemHealthAfter":1,"itemHealthBefore":2,"playerItemRatingAfter":0.1344151450116108,"playerItemRatingBefore":0.1344151450116108},"created":"2021-04-13T10:25:03.254Z","season":15,"tournament":-1,"type":186,"day":18,"phase":2,"category":1,"description":"Halexandrey Walton's Hot Bat was damaged.","nuts":0}