{"id":"008a6200-551f-4353-aa34-afade87fa743","playerTags":["750a7ba9-e595-40be-93e5-4021f1f9460d"],"teamTags":["bb4a9de5-c924-4923-a0cb-9d1445f1ee5d"],"gameTags":[],"metadata":{"type":3,"after":0.6168427506061704,"before":0.5762546198206373,"parent":"0afadc76-bd72-4a6b-94b2-4f8aa539e80d"},"created":"2021-03-14T18:01:07.538Z","season":12,"tournament":-1,"type":117,"day":115,"phase":13,"category":1,"description":"Lenny Crumb's baserunning was boosted.","nuts":0}