{"id":"0092c2ff-4f73-487e-9c4e-41f09464458b","playerTags":["6a567da6-7c96-44d3-85de-e5a08a919250"],"teamTags":["c73b705c-40ad-4633-a6ed-d357ee2e2bcf"],"gameTags":[],"metadata":{"type":4,"after":1.7191308612282379,"before":1.4820972876710639,"parent":"f0aaf3fb-385b-4cec-9401-5cfd66b57ab0"},"created":"2021-03-14T18:01:06.508Z","season":12,"tournament":-1,"type":117,"day":115,"phase":13,"category":1,"description":"Cudi Di Batterino entered the Shadows.","nuts":0}