{"id":"0102f3a2-2a2a-4f1d-83f4-cab9ca34a00d","playerTags":["af6b3edc-ed52-4edc-b0c9-14e0a5ae0ee3"],"teamTags":["b63be8c2-576a-4d6e-8daf-814f8bcea96f"],"gameTags":[],"metadata":{"type":1,"after":0.6272155696761348,"before":0.5826713109565882,"parent":"6f679ab0-a8c4-44e4-ad78-37bf75057e40"},"created":"2021-03-14T18:01:07.562Z","season":12,"tournament":-1,"type":117,"day":115,"phase":13,"category":1,"description":"Rivers Clembons' pitching was boosted.","nuts":0}