{"id":"021f9cfa-9119-4495-9b8d-9252629b4ea8","playerTags":["a1fba555-a48c-44f3-afb6-522ea256947c"],"teamTags":["46358869-dce9-4a01-bfba-ac24fc56f57e"],"gameTags":[],"metadata":{"type":1,"after":0.9567222464895916,"before":0.934735296208054,"parent":"965c2afd-a17e-41e3-bb71-89c7c979da25"},"created":"2021-04-11T18:16:46.671Z","season":14,"tournament":-1,"type":117,"day":113,"phase":13,"category":1,"description":"Mindy Kugel's pitching was boosted.","nuts":1}