{"id":"0251fdc7-e212-4fba-943f-fd28f04bf32e","playerTags":["f70dd57b-55c4-4a62-a5ea-7cc4bf9d8ac1"],"teamTags":["bfd38797-8404-4b38-8b82-341da28b1f83"],"gameTags":[],"metadata":{"type":4,"after":4.045434071107719,"before":3.242236386210018,"parent":"5e2ac944-e35b-4188-8746-ce137dfd284e"},"created":"2021-03-07T19:01:04.529Z","season":11,"tournament":-1,"type":117,"day":115,"phase":13,"category":1,"description":"Tillman Henderson is Infused.","nuts":5}