{"id":"031701d1-0ddd-4600-bf1e-51bcf8386a22","playerTags":["f883269f-117e-45ec-bb1e-fa8dbcf40d3e"],"teamTags":["f02aeae2-5e6a-4098-9842-02d2273f25c7"],"gameTags":[],"metadata":{"type":2,"after":0.6405891225487522,"before":0.6057912011940926,"parent":"43d15d9f-5e50-4cbf-88c3-9e82948d9b2a"},"created":"2021-03-14T18:01:07.482Z","season":12,"tournament":-1,"type":117,"day":115,"phase":13,"category":1,"description":"Jayden Wright's defense was boosted.","nuts":1}