{"id":"039a94fa-d3de-48b2-aa1f-1c3144218909","playerTags":["8cd06abf-be10-4a35-a3ab-1a408a329147"],"teamTags":["3f8bbb15-61c0-4e3f-8e4a-907a5fb1565e"],"gameTags":[],"metadata":{"type":0,"after":0.575434808292917,"before":0.5326571266093627,"parent":"8c2cf85d-13ef-43b1-ae80-48501ce3a655"},"created":"2021-03-14T18:01:07.464Z","season":12,"tournament":-1,"type":117,"day":115,"phase":13,"category":1,"description":"Gloria Bugsnax's hitting was boosted.","nuts":1}