{"id":"042e4e05-1cd1-42ae-a427-3702047ac469","playerTags":["b7267aba-6114-4d53-a519-bf6c99f4e3a9"],"teamTags":["9debc64f-74b7-4ae1-a4d6-fce0144b6ea5"],"gameTags":[],"metadata":{"type":1,"after":0.5768707924049793,"before":0.5297277872234399,"parent":"6f679ab0-a8c4-44e4-ad78-37bf75057e40"},"created":"2021-03-14T18:01:07.563Z","season":12,"tournament":-1,"type":117,"day":115,"phase":13,"category":1,"description":"Sosa Hayes' pitching was boosted.","nuts":3}