{"id":"04b0f039-3286-4aa9-b2de-6dae15fbc1de","playerTags":["c0732e36-3731-4f1a-abdc-daa9563b6506"],"teamTags":["3f8bbb15-61c0-4e3f-8e4a-907a5fb1565e"],"gameTags":[],"metadata":{"type":1,"after":1.3372418641142323,"before":1.287901839728886,"parent":"6f679ab0-a8c4-44e4-ad78-37bf75057e40"},"created":"2021-03-14T18:01:07.563Z","season":12,"tournament":-1,"type":117,"day":115,"phase":13,"category":1,"description":"Nagomi Mcdaniel's pitching was boosted.","nuts":4}