{"id":"051b9f88-a69d-4237-9df3-12650341f085","playerTags":["9e724d9a-92a0-436e-bde1-da0b2af85d8f"],"teamTags":["36569151-a2fb-43c1-9df7-2df512424c82"],"gameTags":[],"metadata":{"type":4,"after":3.4281579458252724,"before":2.632281518159975,"parent":"d84a0359-2d85-4287-bb12-3b1e62ab8ff8"},"created":"2021-03-21T18:01:05.404Z","season":13,"tournament":-1,"type":117,"day":116,"phase":13,"category":1,"description":"Hatfield Suzuki is Infused.","nuts":18}