{"id":"0597a788-878b-438b-af9e-4954cc8c5d34","playerTags":["7d388846-8f4c-407f-aacb-b844d2561c5e"],"teamTags":["b024e975-1c4a-4575-8936-a3754a08806a"],"gameTags":[],"metadata":{"type":4,"after":2.2315570807260108,"before":2.0482703959337933,"parent":"ee2a641e-81f9-40e3-90a5-463a5cdf31c0"},"created":"2021-03-21T18:01:05.022Z","season":13,"tournament":-1,"type":117,"day":116,"phase":13,"category":1,"description":"Kit Adamses entered the Shadows.","nuts":10}