{"id":"05ec9a86-b9e0-4767-aaf7-db4284e431a4","playerTags":["db3ff6f0-1045-4223-b3a8-a016ca987af9"],"teamTags":["747b8e4a-7e50-4638-a973-ea7950a3e739"],"gameTags":[],"metadata":{"type":2,"after":0.7111984375276003,"before":0.6316417038964456,"parent":"f67b4930-7f2b-470d-ad98-701adb72c20b"},"created":"2021-04-11T18:16:46.596Z","season":14,"tournament":-1,"type":117,"day":113,"phase":13,"category":1,"description":"Murphy Thibault's defense was boosted.","nuts":3}