{"id":"06003101-d477-46ae-8bcc-a89ab5fe1f92","playerTags":["0eddd056-9d72-4804-bd60-53144b785d5c"],"teamTags":["b63be8c2-576a-4d6e-8daf-814f8bcea96f"],"gameTags":[],"metadata":{"type":0,"after":0.2825489324712284,"before":0.22433574084531085,"parent":"8c2cf85d-13ef-43b1-ae80-48501ce3a655"},"created":"2021-03-14T18:01:07.462Z","season":12,"tournament":-1,"type":117,"day":115,"phase":13,"category":1,"description":"Caleb Novak's hitting was boosted.","nuts":0}