{"id":"06108bb3-57ce-40a2-b687-7812faaa9863","playerTags":["126fb128-7c53-45b5-ac2b-5dbf9943d71b"],"teamTags":["f02aeae2-5e6a-4098-9842-02d2273f25c7"],"gameTags":[],"metadata":{"type":4,"after":2.668385260599671,"before":2.51580988926574,"parent":"8df8a04a-55c6-4a72-b3dc-f40ca9af2e82"},"created":"2021-03-21T18:01:04.803Z","season":13,"tournament":-1,"type":117,"day":116,"phase":13,"category":1,"description":"Sigmund Castillo entered the Shadows.","nuts":12}