{"id":"0675b11e-099b-464f-8c9f-83d0b62c509d","playerTags":["75f9d874-5e69-438d-900d-a3fcb1d429b3"],"teamTags":["3f8bbb15-61c0-4e3f-8e4a-907a5fb1565e"],"gameTags":[],"metadata":{"type":3,"after":0.6546559809272042,"before":0.6160330243787685,"parent":"0afadc76-bd72-4a6b-94b2-4f8aa539e80d"},"created":"2021-03-14T18:01:07.536Z","season":12,"tournament":-1,"type":117,"day":115,"phase":13,"category":1,"description":"Moses Mason's baserunning was boosted.","nuts":1}