{"id":"07a2e50d-b46b-4e03-b9ed-850e56cc5bad","playerTags":["f0bcf4bb-74b3-412e-a54c-04c12ad28ecb"],"teamTags":["f02aeae2-5e6a-4098-9842-02d2273f25c7"],"gameTags":[],"metadata":{"type":2,"after":0.46273200739478987,"before":0.39880383500414524,"parent":"43d15d9f-5e50-4cbf-88c3-9e82948d9b2a"},"created":"2021-03-14T18:01:07.481Z","season":12,"tournament":-1,"type":117,"day":115,"phase":13,"category":1,"description":"Hahn Fox's defense was boosted.","nuts":3}