{"id":"08d24796-7d57-4052-8dcc-031f82b2e1a6","playerTags":["db33a54c-3934-478f-bad4-fc313ac2580e"],"teamTags":["b72f3061-f573-40d7-832a-5ad475bd7909"],"gameTags":[],"metadata":{"type":4,"after":2.4970403233171035,"before":2.3743346243747716,"parent":"6beae3bd-a867-4a6d-8e54-8e99cc242d45"},"created":"2021-03-14T18:01:06.269Z","season":12,"tournament":-1,"type":117,"day":115,"phase":13,"category":1,"description":"Percival Wheeler entered the Shadows.","nuts":0}