{"id":"09a27923-d0bd-41b3-a8a8-1e311885c5ab","playerTags":["8605af4b-b235-43f8-81aa-6381ecdda756"],"teamTags":["bb4a9de5-c924-4923-a0cb-9d1445f1ee5d"],"gameTags":[],"metadata":{"type":2,"after":0.538988107987369,"before":0.4894817355419483,"parent":"43d15d9f-5e50-4cbf-88c3-9e82948d9b2a"},"created":"2021-03-14T18:01:07.484Z","season":12,"tournament":-1,"type":117,"day":115,"phase":13,"category":1,"description":"Muse Scantron's defense was boosted.","nuts":2}