{"id":"0a2ecca0-a66b-4fbd-b393-8e3fdd3745b7","playerTags":["c09e64b6-8248-407e-b3af-1931b880dbee"],"teamTags":["3f8bbb15-61c0-4e3f-8e4a-907a5fb1565e"],"gameTags":[],"metadata":{"type":3,"after":0.8893627367831592,"before":0.8523184038265106,"parent":"0afadc76-bd72-4a6b-94b2-4f8aa539e80d"},"created":"2021-03-14T18:01:07.536Z","season":12,"tournament":-1,"type":117,"day":115,"phase":13,"category":1,"description":"Lenny Spruce's baserunning was boosted.","nuts":1}