{"id":"0a34a79d-a02d-44eb-87a4-6b73d62fd4d9","playerTags":["9a031b9a-16f8-4165-a468-5d0e28a81151"],"teamTags":["7966eb04-efcc-499b-8f03-d13916330531"],"gameTags":[],"metadata":{"type":0,"after":0.9757634921373397,"before":0.7773675488249845,"parent":"2fac2cbd-2a8a-4b9f-8cbd-40bcc1067b23"},"created":"2021-03-21T18:01:07.024Z","season":13,"tournament":-1,"type":117,"day":116,"phase":13,"category":1,"description":"Tiana Wheeler's hitting was boosted.","nuts":15}