{"id":"0a58f859-13dc-401d-b6ac-7083b6ea932d","playerTags":["e4034192-4dc6-4901-bb30-07fe3cf77b5e"],"teamTags":["b63be8c2-576a-4d6e-8daf-814f8bcea96f"],"gameTags":[],"metadata":{"type":0,"after":0.2790429527060403,"before":0.21222070919787292,"parent":"8c2cf85d-13ef-43b1-ae80-48501ce3a655"},"created":"2021-03-14T18:01:07.463Z","season":12,"tournament":-1,"type":117,"day":115,"phase":13,"category":1,"description":"Baldwin Breadwinner's hitting was boosted.","nuts":1}