{"id":"0ad9c6c0-a6d5-4b67-a609-ff5f2a12e72a","playerTags":["503a235f-9fa6-41b5-8514-9475c944273f"],"teamTags":["9debc64f-74b7-4ae1-a4d6-fce0144b6ea5"],"gameTags":[],"metadata":{"type":2,"after":0.7806040520183692,"before":0.7441998935405317,"parent":"43d15d9f-5e50-4cbf-88c3-9e82948d9b2a"},"created":"2021-03-14T18:01:07.483Z","season":12,"tournament":-1,"type":117,"day":115,"phase":13,"category":1,"description":"Reese Clark's defense was boosted.","nuts":2}