{"id":"0b119a57-c9d9-4a8c-b33c-0d0f71dcf702","playerTags":["c755efce-d04d-4e00-b5c1-d801070d3808"],"teamTags":["878c1bf6-0d21-4659-bfee-916c8314d69c"],"gameTags":[],"metadata":{"type":3,"after":0.7143788788148064,"before":0.6756270345944866,"parent":"0afadc76-bd72-4a6b-94b2-4f8aa539e80d"},"created":"2021-03-14T18:01:07.535Z","season":12,"tournament":-1,"type":117,"day":115,"phase":13,"category":1,"description":"Basilio Fig's baserunning was boosted.","nuts":0}