{"id":"0bc91431-1f37-4c90-a6ae-f0e0e0ed4869","playerTags":["c675fcdf-6117-49a6-ac32-99a89a3a88aa"],"teamTags":["878c1bf6-0d21-4659-bfee-916c8314d69c"],"gameTags":[],"metadata":{"type":2,"after":0.42957882290318034,"before":0.36617070331612733,"parent":"43d15d9f-5e50-4cbf-88c3-9e82948d9b2a"},"created":"2021-03-14T18:01:07.478Z","season":12,"tournament":-1,"type":117,"day":115,"phase":13,"category":1,"description":"Valentine Games' defense was boosted.","nuts":6}