{"id":"0d5c0de8-eef8-449f-be76-cf967b68225d","playerTags":["a38ada0a-aeac-4a3d-b9a5-968687ccd2f9"],"teamTags":["b63be8c2-576a-4d6e-8daf-814f8bcea96f"],"gameTags":[],"metadata":{"type":1,"after":0.6815861904028587,"before":0.6355885787493748,"parent":"6f679ab0-a8c4-44e4-ad78-37bf75057e40"},"created":"2021-03-14T18:01:07.562Z","season":12,"tournament":-1,"type":117,"day":115,"phase":13,"category":1,"description":"Sixpack Santiago's pitching was boosted.","nuts":1}