{"id":"0da245c3-86ab-4af8-b3a5-d2ab2ca05f8d","playerTags":["bf6a24d1-4e89-4790-a4ba-eeb2870cbf6f"],"teamTags":["878c1bf6-0d21-4659-bfee-916c8314d69c"],"gameTags":[],"metadata":{"type":3,"after":0.4322520106687819,"before":0.26870960653692505,"parent":"40bd388c-a354-4b22-b324-91bc30dc499c"},"created":"2021-03-07T19:01:05.461Z","season":11,"tournament":-1,"type":117,"day":115,"phase":13,"category":1,"description":"Rat Mason's baserunning was boosted.","nuts":2}