{"id":"0e2b8898-d9df-421f-8f38-70ad2475612f","playerTags":["cf8e152e-2d27-4dcc-ba2b-68127de4e6a4"],"teamTags":["f02aeae2-5e6a-4098-9842-02d2273f25c7"],"gameTags":[],"metadata":{"type":3,"after":0.6967890711144789,"before":0.6708001813427511,"parent":"7680c8c1-8203-4fa7-8093-2faca4ef4744"},"created":"2021-04-11T18:16:46.589Z","season":14,"tournament":-1,"type":117,"day":113,"phase":13,"category":1,"description":"Hendricks Richardson's baserunning was boosted.","nuts":4}