{"id":"0ec55832-7d51-47cd-98f0-075b9bf77564","playerTags":["446a3366-3fe3-41bb-bfdd-d8717f2152a9"],"teamTags":["9debc64f-74b7-4ae1-a4d6-fce0144b6ea5"],"gameTags":[],"metadata":{"type":4,"after":2.08670669560886,"before":1.9836323304851002,"parent":"82c89ff9-61c6-482d-849b-d17575642321"},"created":"2021-03-14T18:01:05.834Z","season":12,"tournament":-1,"type":117,"day":115,"phase":13,"category":1,"description":"Marco Escobar entered the Shadows.","nuts":0}