{"id":"116ed322-59eb-4a36-a62c-261cdebfc4b5","playerTags":["defbc540-a36d-460b-afd8-07da2375ee63"],"teamTags":["3f8bbb15-61c0-4e3f-8e4a-907a5fb1565e"],"gameTags":[],"metadata":{"type":4,"after":4.127374038467893,"before":4.001523738984036,"parent":"3976b71d-62b8-4a27-a5c6-77c14343a32e"},"created":"2021-03-14T18:01:06.170Z","season":12,"tournament":-1,"type":117,"day":115,"phase":13,"category":1,"description":"Castillo Turner entered the Shadows.","nuts":2}