{"id":"123749f9-9ee9-4e40-b2c5-138b330ac9bb","playerTags":["5a26fc61-d75d-4c01-9ce2-1880ffb5550f"],"teamTags":["b63be8c2-576a-4d6e-8daf-814f8bcea96f"],"gameTags":[],"metadata":{"type":3,"after":0.5266374393719128,"before":0.48504918081467674,"parent":"0afadc76-bd72-4a6b-94b2-4f8aa539e80d"},"created":"2021-03-14T18:01:07.535Z","season":12,"tournament":-1,"type":117,"day":115,"phase":13,"category":1,"description":"Randy Dennis' baserunning was boosted.","nuts":1}