{"id":"123d8af3-a33d-488c-81ec-ae0e6220b43d","playerTags":["d81ce662-07b6-4a73-baa4-acbbb41f9dc5"],"teamTags":["878c1bf6-0d21-4659-bfee-916c8314d69c"],"gameTags":[],"metadata":{"type":4,"after":3.2974643029873296,"before":2.302092251105062,"parent":"9df8e6a4-2984-42b5-923d-911b38f6f93d"},"created":"2021-03-21T18:01:04.568Z","season":13,"tournament":-1,"type":117,"day":116,"phase":13,"category":1,"description":"Yummy Elliott is Infused.","nuts":24}