{"id":"1260983a-c3d7-43cc-9949-288de4d484ed","playerTags":["bc29afc1-c954-4def-978b-a59ae5def3c3"],"teamTags":["d9f89a8a-c563-493e-9d64-78e4f9a55d4a"],"gameTags":[],"metadata":{"type":4,"after":3.2152421714466017,"before":2.3173544833905226,"parent":"82fcf23f-4098-4af3-8145-73f7cf875066"},"created":"2021-03-07T19:01:04.651Z","season":11,"tournament":-1,"type":117,"day":115,"phase":13,"category":1,"description":"Rigby Friedrich is Infused.","nuts":4}