{"id":"12d76da2-209a-4526-bec2-a93e50ecdb2e","playerTags":["bd24e18b-800d-4f15-878d-e334fb4803c4"],"teamTags":["b72f3061-f573-40d7-832a-5ad475bd7909"],"gameTags":[],"metadata":{"type":4,"after":1.9939856795439992,"before":1.8623264243272168,"parent":"6e3e4269-8885-4d17-b364-5390c6e54bdf"},"created":"2021-03-21T18:01:04.763Z","season":13,"tournament":-1,"type":117,"day":116,"phase":13,"category":1,"description":"Helga Burton entered the Shadows.","nuts":8}