{"id":"12d83905-6a3b-45c8-9267-f9c352072597","playerTags":["6f9de777-e812-4c84-915c-ef283c9f0cde"],"teamTags":["105bc3ff-1320-4e37-8ef0-8d595cb95dd0"],"gameTags":[],"metadata":{"type":3,"after":1.0363159049164348,"before":0.9676642723749062,"parent":"12ffbdec-a405-4040-8537-7bf303131459"},"created":"2021-04-11T18:16:46.761Z","season":14,"tournament":-1,"type":117,"day":113,"phase":13,"category":1,"description":"Arturo Huerta's baserunning was boosted.","nuts":3}