{"id":"1311147d-ed80-40af-bba6-a7310b24c24c","playerTags":["2720559e-9173-4042-aaa0-d3852b72ab2e"],"teamTags":["747b8e4a-7e50-4638-a973-ea7950a3e739"],"gameTags":[],"metadata":{"type":1,"after":0.8116321631993308,"before":0.7824851164845977,"parent":"72dadbd9-afb8-45e5-8dbc-bdda81f0632f"},"created":"2021-03-21T18:01:07.028Z","season":13,"tournament":-1,"type":117,"day":116,"phase":13,"category":1,"description":"Hiroto Wilcox's pitching was boosted.","nuts":18}