{"id":"1388dcd2-1eab-4ac3-b360-9ad7dc08a564","playerTags":["f4a5d734-0ade-4410-abb6-c0cd5a7a1c26"],"teamTags":["ca3f1c8c-c025-4d8e-8eef-5be6accbeb16"],"gameTags":[],"metadata":{"type":1,"after":0.48864458001200384,"before":0.35903550544526125,"parent":"47cd3d8a-c30d-480b-97d4-533fbcf14cff"},"created":"2021-03-07T19:01:05.448Z","season":11,"tournament":-1,"type":117,"day":115,"phase":13,"category":1,"description":"Agan Harrison's pitching was boosted.","nuts":0}