{"id":"13fa5b2d-f1e8-4c3c-a3f8-279112829b61","playerTags":["bbf9543f-f100-445a-a467-81d7aab12236"],"teamTags":["bb4a9de5-c924-4923-a0cb-9d1445f1ee5d"],"gameTags":[],"metadata":{"type":0,"after":0.5266771999283835,"before":0.40615631449814643,"parent":"ac4d14b5-1bb1-49f6-bdf5-361c955bd742"},"created":"2021-03-07T19:01:05.431Z","season":11,"tournament":-1,"type":117,"day":115,"phase":13,"category":1,"description":"Farrell Seagull's hitting was boosted.","nuts":0}