{"id":"144d759a-71e5-46fd-9e5a-d948ec256986","playerTags":["eaaef47e-82cc-4c90-b77d-75c3fb279e83"],"teamTags":["bfd38797-8404-4b38-8b82-341da28b1f83"],"gameTags":[],"metadata":{"type":4,"after":2.6994665529512165,"before":1.681082763313189,"parent":"bbe72d28-fe76-4497-b565-5e7527b2379e"},"created":"2021-03-21T18:01:06.101Z","season":13,"tournament":-1,"type":117,"day":116,"phase":13,"category":1,"description":"Herring Winfield is Infused.","nuts":12}