{"id":"15520c82-3d24-4ae9-975e-79cf7790aa1b","playerTags":["8a6fc67d-a7fe-443b-a084-744294cec647"],"teamTags":["105bc3ff-1320-4e37-8ef0-8d595cb95dd0"],"gameTags":[],"metadata":{"type":3,"after":0.420676810659976,"before":0.36374863290589987,"parent":"12ffbdec-a405-4040-8537-7bf303131459"},"created":"2021-04-11T18:16:46.761Z","season":14,"tournament":-1,"type":117,"day":113,"phase":13,"category":1,"description":"Terrell Bradley's baserunning was boosted.","nuts":1}