{"id":"15b6ad7e-6a64-448f-847d-8a1b5e2705c7","playerTags":["9ba361a1-16d5-4f30-b590-fc4fc2fb53d2"],"teamTags":["eb67ae5e-c4bf-46ca-bbbc-425cd34182ff"],"gameTags":[],"metadata":{"type":4,"after":2.0504589610278074,"before":1.9203130080804256,"parent":"346b4feb-a355-4236-8f3e-d537974ae0b9"},"created":"2021-03-14T18:01:05.928Z","season":12,"tournament":-1,"type":117,"day":115,"phase":13,"category":1,"description":"Mooney Doctor entered the Shadows.","nuts":0}