{"id":"17aa63ff-61f5-40c0-94a4-28bbc971c48a","playerTags":["4542f0b0-3409-4a4a-a9e1-e8e8e5d73fcf"],"teamTags":["57ec08cc-0411-4643-b304-0e80dbc15ac7"],"gameTags":[],"metadata":{"type":4,"after":2.9864822147095973,"before":1.9122080653231768,"parent":"9f4449a5-6a2f-42a1-8fb8-ab8275d11d24"},"created":"2021-03-21T18:01:05.144Z","season":13,"tournament":-1,"type":117,"day":116,"phase":13,"category":1,"description":"Brock Watson is Infused.","nuts":13}