{"id":"1893ebd4-c873-457c-972f-fd0cbf11570a","playerTags":["46721a07-7cd2-4839-982e-7046df6e8b66"],"teamTags":["9debc64f-74b7-4ae1-a4d6-fce0144b6ea5"],"gameTags":[],"metadata":{"type":3,"after":0.41531700593046583,"before":0.2632627876449904,"parent":"0afadc76-bd72-4a6b-94b2-4f8aa539e80d"},"created":"2021-03-14T18:01:07.538Z","season":12,"tournament":-1,"type":117,"day":115,"phase":13,"category":1,"description":"Stew Briggs' baserunning was boosted.","nuts":0}