{"id":"1aa5e67f-48b7-436f-b032-925dba571a65","playerTags":["48d07a64-9ea2-4b9e-8046-6901ad398490"],"teamTags":["bb4a9de5-c924-4923-a0cb-9d1445f1ee5d"],"gameTags":[],"metadata":{"type":1,"after":0.6093374462644829,"before":0.5511509601134197,"parent":"a63dbb5e-3524-429e-9481-2fe0d899e884"},"created":"2021-04-11T18:16:46.744Z","season":14,"tournament":-1,"type":117,"day":113,"phase":13,"category":1,"description":"Dulce Schofield's pitching was boosted.","nuts":4}