{"id":"1b08c6ea-d5b3-46cf-902d-f8989be9bee0","playerTags":["126fb128-7c53-45b5-ac2b-5dbf9943d71b"],"teamTags":["f02aeae2-5e6a-4098-9842-02d2273f25c7"],"gameTags":[],"metadata":{"type":0,"after":0.6357381634276075,"before":0.5942921763073132,"parent":"8c2cf85d-13ef-43b1-ae80-48501ce3a655"},"created":"2021-03-14T18:01:07.464Z","season":12,"tournament":-1,"type":117,"day":115,"phase":13,"category":1,"description":"Sigmund Castillo's hitting was boosted.","nuts":1}