{"id":"1c00c3e5-0f47-4caa-b40c-97da3c8005d8","playerTags":["5361e381-6658-488b-8236-dde6a264554f"],"teamTags":["d9f89a8a-c563-493e-9d64-78e4f9a55d4a"],"gameTags":[],"metadata":{"type":4,"after":3.1458781360417643,"before":2.155807994504937,"parent":"8baac6d4-ac23-4d66-97c2-8070d7ab34a8"},"created":"2021-03-21T18:01:06.209Z","season":13,"tournament":-1,"type":117,"day":116,"phase":13,"category":1,"description":"Yurts Buttercup is Infused.","nuts":15}