{"id":"1d18244b-a595-41a0-bbc0-2fe3d34c6854","playerTags":["5fc4713c-45e1-4593-a968-7defeb00a0d4"],"teamTags":["747b8e4a-7e50-4638-a973-ea7950a3e739"],"gameTags":[],"metadata":{"type":2,"after":0.7196157465477828,"before":0.6474035368261248,"parent":"f67b4930-7f2b-470d-ad98-701adb72c20b"},"created":"2021-04-11T18:16:46.597Z","season":14,"tournament":-1,"type":117,"day":113,"phase":13,"category":1,"description":"Percival Bendie's defense was boosted.","nuts":3}