{"id":"1d3d8774-7e1c-48cc-8d97-a2af5a09c293","playerTags":["9fbab4df-35dd-4991-9e82-9635ab756b0f"],"teamTags":["bb4a9de5-c924-4923-a0cb-9d1445f1ee5d"],"gameTags":[],"metadata":{"type":1,"after":0.6117900024623317,"before":0.5605766101225141,"parent":"a63dbb5e-3524-429e-9481-2fe0d899e884"},"created":"2021-04-11T18:16:46.744Z","season":14,"tournament":-1,"type":117,"day":113,"phase":13,"category":1,"description":"Rocio Caster's pitching was boosted.","nuts":2}