{"id":"1e27ed36-88c5-4bb8-8da7-46e4de6ccea0","playerTags":["0eddd056-9d72-4804-bd60-53144b785d5c"],"teamTags":["b63be8c2-576a-4d6e-8daf-814f8bcea96f"],"gameTags":[],"metadata":{"type":2,"after":0.5940816597583783,"before":0.5544248249624382,"parent":"43d15d9f-5e50-4cbf-88c3-9e82948d9b2a"},"created":"2021-03-14T18:01:07.479Z","season":12,"tournament":-1,"type":117,"day":115,"phase":13,"category":1,"description":"Caleb Novak's defense was boosted.","nuts":0}