{"id":"1fc3e601-f117-499d-9426-4c8ef83564c8","playerTags":["7932c7c7-babb-4245-b9f5-cdadb97c99fb"],"teamTags":["747b8e4a-7e50-4638-a973-ea7950a3e739"],"gameTags":[],"metadata":{"type":4,"after":1.5579960816391494,"before":1.391165139039518,"parent":"d104f955-96c6-4dab-8bc8-446f45c1b093"},"created":"2021-03-07T19:01:00.717Z","season":11,"tournament":-1,"type":117,"day":115,"phase":13,"category":1,"description":"Randy Castillo Evolved to Base 1","nuts":1}