{"id":"20378d17-890c-4bb7-9d3a-2a74fcc7b26f","playerTags":["e4034192-4dc6-4901-bb30-07fe3cf77b5e"],"teamTags":["b63be8c2-576a-4d6e-8daf-814f8bcea96f"],"gameTags":[],"metadata":{"type":3,"after":0.3483013157042039,"before":0.21919644825949908,"parent":"0afadc76-bd72-4a6b-94b2-4f8aa539e80d"},"created":"2021-03-14T18:01:07.536Z","season":12,"tournament":-1,"type":117,"day":115,"phase":13,"category":1,"description":"Baldwin Breadwinner's baserunning was boosted.","nuts":1}