{"id":"214c228d-4d56-4798-9fc9-f91697a0aa67","playerTags":["82d1b7b4-ce00-4536-8631-a025f05150ce"],"teamTags":["b024e975-1c4a-4575-8936-a3754a08806a"],"gameTags":[],"metadata":{"type":4,"after":3.55435650846265,"before":3.40912295054191,"parent":"8bd521b7-4ce2-4bff-8528-ad386673067f"},"created":"2021-03-14T18:01:06.092Z","season":12,"tournament":-1,"type":117,"day":115,"phase":13,"category":1,"description":"Sam Scandal entered the Shadows.","nuts":1}