{"id":"2179e76c-1e6e-46ae-a9db-a02e8dce5f0b","playerTags":["019ce117-2399-4382-8036-8c14db7e1d30"],"teamTags":["105bc3ff-1320-4e37-8ef0-8d595cb95dd0"],"gameTags":[],"metadata":{"type":3,"after":0.5617982229989652,"before":0.48221872555560585,"parent":"12ffbdec-a405-4040-8537-7bf303131459"},"created":"2021-04-11T18:16:46.761Z","season":14,"tournament":-1,"type":117,"day":113,"phase":13,"category":1,"description":"Lori Boston's baserunning was boosted.","nuts":1}