{"id":"217bb07b-1193-4a47-82b3-167cfd8ee754","playerTags":["e6502bc7-5b76-4939-9fb8-132057390b30"],"teamTags":["eb67ae5e-c4bf-46ca-bbbc-425cd34182ff"],"gameTags":[],"metadata":{"type":1,"after":0.9149586063951952,"before":0.6879658508323027,"parent":"5fc850e4-c354-4c2d-9790-eb9f5690430e"},"created":"2021-04-11T18:16:07.588Z","season":14,"tournament":-1,"type":117,"day":113,"phase":13,"category":1,"description":"Greer Lott's Pitching is Infused.","nuts":19}