{"id":"23133924-9904-4caa-bff5-81ebd33822d7","playerTags":["305921e8-3f4d-4c91-a280-d7bf1a449b08"],"teamTags":["46358869-dce9-4a01-bfba-ac24fc56f57e"],"gameTags":[],"metadata":{"type":4,"after":1.9776321899019413,"before":1.8289984243678727,"parent":"d0667b92-a048-47a7-ba06-778e76c427cf"},"created":"2021-04-11T18:16:08.161Z","season":14,"tournament":-1,"type":117,"day":113,"phase":13,"category":1,"description":"Torus McGhee entered the Shadows.","nuts":0}