{"id":"2314791d-8d6d-4746-abf6-4245120b223b","playerTags":["54bc7b23-49a9-4f1d-b60f-9c3cf9754b67"],"teamTags":["bb4a9de5-c924-4923-a0cb-9d1445f1ee5d"],"gameTags":[],"metadata":{"type":1,"after":0.5550043466119539,"before":0.4496160692970919,"parent":"a63dbb5e-3524-429e-9481-2fe0d899e884"},"created":"2021-04-11T18:16:46.744Z","season":14,"tournament":-1,"type":117,"day":113,"phase":13,"category":1,"description":"Clove Mahle's pitching was boosted.","nuts":2}