{"id":"23199432-28d3-4875-92b7-95b417746e5c","playerTags":["c755efce-d04d-4e00-b5c1-d801070d3808"],"teamTags":["878c1bf6-0d21-4659-bfee-916c8314d69c"],"gameTags":[],"metadata":{"type":3,"after":0.6756270345944866,"before":0.5264240062575655,"parent":"40bd388c-a354-4b22-b324-91bc30dc499c"},"created":"2021-03-07T19:01:05.461Z","season":11,"tournament":-1,"type":117,"day":115,"phase":13,"category":1,"description":"Basilio Fig's baserunning was boosted.","nuts":0}