{"id":"237aa53b-c614-4026-8469-9d3fc46c3816","playerTags":["a3947fbc-50ec-45a4-bca4-49ffebb77dbe"],"teamTags":["7966eb04-efcc-499b-8f03-d13916330531"],"gameTags":[],"metadata":{"type":4,"after":3.060172012669063,"before":2.0422408969795813,"parent":"2c17b571-822d-4770-b90d-6489ee267f8f"},"created":"2021-03-14T18:01:06.137Z","season":12,"tournament":-1,"type":117,"day":115,"phase":13,"category":1,"description":"Chorby Short is Infused.","nuts":18}