{"id":"23926416-6122-493a-917b-094e520ccd87","playerTags":["63df8701-1871-4987-87d7-b55d4f1df2e9"],"teamTags":["878c1bf6-0d21-4659-bfee-916c8314d69c"],"gameTags":[],"metadata":{"type":3,"after":0.7722227327751721,"before":0.626262470260129,"parent":"40bd388c-a354-4b22-b324-91bc30dc499c"},"created":"2021-03-07T19:01:05.461Z","season":11,"tournament":-1,"type":117,"day":115,"phase":13,"category":1,"description":"Mcdowell Mason's baserunning was boosted.","nuts":0}