{"id":"23b0cabc-d694-48c4-adb9-6cc2846e5a34","playerTags":["5a26fc61-d75d-4c01-9ce2-1880ffb5550f"],"teamTags":["b63be8c2-576a-4d6e-8daf-814f8bcea96f"],"gameTags":[],"metadata":{"type":2,"after":0.701751553572321,"before":0.6684308110884273,"parent":"43d15d9f-5e50-4cbf-88c3-9e82948d9b2a"},"created":"2021-03-14T18:01:07.479Z","season":12,"tournament":-1,"type":117,"day":115,"phase":13,"category":1,"description":"Randy Dennis' defense was boosted.","nuts":0}