{"id":"25b50f85-6251-4d0f-abd6-92e9e8663295","playerTags":["305921e8-3f4d-4c91-a280-d7bf1a449b08"],"teamTags":["46358869-dce9-4a01-bfba-ac24fc56f57e"],"gameTags":[],"metadata":{"type":0,"after":0.33512676726973256,"before":0.25513833311176515,"parent":"e2bcb905-7b24-4c63-920a-ca79128bf390"},"created":"2021-04-11T18:16:46.691Z","season":14,"tournament":-1,"type":117,"day":113,"phase":13,"category":1,"description":"Torus McGhee's hitting was boosted.","nuts":1}