{"id":"268ca208-016a-4c6f-9c9f-eb3800c16ac1","playerTags":["b629cb7a-414b-4695-a115-7528ab700346"],"teamTags":["46358869-dce9-4a01-bfba-ac24fc56f57e"],"gameTags":[],"metadata":{"type":1,"after":0.86851418229685,"before":0.8463145417128549,"parent":"965c2afd-a17e-41e3-bb71-89c7c979da25"},"created":"2021-04-11T18:16:46.671Z","season":14,"tournament":-1,"type":117,"day":113,"phase":13,"category":1,"description":"Shirai McElroy's pitching was boosted.","nuts":0}