{"id":"26a293ba-c1b3-4758-94fc-3799721a4813","playerTags":["ef9f8b95-9e73-49cd-be54-60f84858a285"],"teamTags":["a37f9158-7f82-46bc-908c-c9e2dda7c33b"],"gameTags":[],"metadata":{"type":4,"after":4.264276827878094,"before":3.3561118328604342,"parent":"023ef635-31f2-4841-a99b-b0bd5cc8729e"},"created":"2021-03-21T18:01:05.811Z","season":13,"tournament":-1,"type":117,"day":116,"phase":13,"category":1,"description":"Collins Melon is Infused.","nuts":15}