{"id":"27353f01-be73-440b-a246-8ac3272b51c5","playerTags":["8903a74f-f322-41d2-bd75-dbf7563c4abb"],"teamTags":["b63be8c2-576a-4d6e-8daf-814f8bcea96f"],"gameTags":[],"metadata":{"type":2,"after":0.6039168769005882,"before":0.5632835082531592,"parent":"43d15d9f-5e50-4cbf-88c3-9e82948d9b2a"},"created":"2021-03-14T18:01:07.480Z","season":12,"tournament":-1,"type":117,"day":115,"phase":13,"category":1,"description":"Francisca Sasquatch's defense was boosted.","nuts":0}