{"id":"274882c8-1088-4e56-995a-4e3a6bcc1d9d","playerTags":["a73427b3-e96a-4156-a9ab-844edc696fed"],"teamTags":["747b8e4a-7e50-4638-a973-ea7950a3e739"],"gameTags":[],"metadata":{"type":2,"after":0.7962381317584052,"before":0.7339806224754791,"parent":"f67b4930-7f2b-470d-ad98-701adb72c20b"},"created":"2021-04-11T18:16:46.597Z","season":14,"tournament":-1,"type":117,"day":113,"phase":13,"category":1,"description":"Wesley Vodka's defense was boosted.","nuts":3}