{"id":"27a8b914-d895-413f-989d-1da0676842d2","playerTags":["f7de0227-6739-48e2-bbd6-9dc7b247ab9a"],"teamTags":["46358869-dce9-4a01-bfba-ac24fc56f57e"],"gameTags":[],"metadata":{"type":0,"after":0.47670776970796996,"before":0.36404727442690776,"parent":"e2bcb905-7b24-4c63-920a-ca79128bf390"},"created":"2021-04-11T18:16:46.691Z","season":14,"tournament":-1,"type":117,"day":113,"phase":13,"category":1,"description":"Spiff Piazza's hitting was boosted.","nuts":0}