{"id":"2801f9fe-706a-4fc0-8d2a-d629aee45958","playerTags":["17392be2-7344-48a0-b4db-8a040a7fb532"],"teamTags":["7966eb04-efcc-499b-8f03-d13916330531"],"gameTags":[],"metadata":{"type":4,"after":1.325289263543681,"before":1.1292357113806177,"parent":"51080a40-2614-4828-9add-820303246b25"},"created":"2021-03-21T18:01:04.319Z","season":13,"tournament":-1,"type":117,"day":116,"phase":13,"category":1,"description":"Washer Barajas entered the Shadows.","nuts":11}