{"id":"288ec4d6-a282-473b-8f37-5517a4c41585","playerTags":["852107b8-8cf3-4fbb-97f9-76f73bc47708"],"teamTags":["747b8e4a-7e50-4638-a973-ea7950a3e739"],"gameTags":[],"metadata":{"type":2,"after":0.9059617143591628,"before":0.8562064557038164,"parent":"f67b4930-7f2b-470d-ad98-701adb72c20b"},"created":"2021-04-11T18:16:46.597Z","season":14,"tournament":-1,"type":117,"day":113,"phase":13,"category":1,"description":"Lucy VanderMale's defense was boosted.","nuts":4}