{"id":"28e86461-498f-4a96-b37e-515df4d25a7e","playerTags":["cc11963b-a05b-477b-b154-911dc31960df"],"teamTags":["adc5b394-8f76-416d-9ce9-813706877b84"],"gameTags":[],"metadata":{"type":4,"after":2.331918776862823,"before":1.2864069238108102,"parent":"82f4f50f-1fd6-4a39-bf20-4f0244ab1083"},"created":"2021-03-07T19:01:04.381Z","season":11,"tournament":-1,"type":117,"day":115,"phase":13,"category":1,"description":"Pudge Nakamoto is Infused.","nuts":1}