{"id":"29e3d1b9-84db-493f-a9a8-543e31ba8fec","playerTags":["30fa4bf1-8f3b-45dc-9aa3-6511e998040a"],"teamTags":["46358869-dce9-4a01-bfba-ac24fc56f57e"],"gameTags":[],"metadata":{"type":0,"after":0.36808233019438086,"before":0.2636483878442994,"parent":"e2bcb905-7b24-4c63-920a-ca79128bf390"},"created":"2021-04-11T18:16:46.691Z","season":14,"tournament":-1,"type":117,"day":113,"phase":13,"category":1,"description":"Kaj Murphy's hitting was boosted.","nuts":0}