{"id":"2ab38983-0ae2-47cc-8a6b-b92d94b18a56","playerTags":["1f159bab-923a-4811-b6fa-02bfde50925a"],"teamTags":["b72f3061-f573-40d7-832a-5ad475bd7909"],"gameTags":[],"metadata":{"type":4,"after":1.1596507674970329,"before":1.0147209615585717,"parent":"5a61111e-78bc-4386-9fd6-5761f1b95366"},"created":"2021-04-11T18:16:08.378Z","season":14,"tournament":-1,"type":117,"day":113,"phase":13,"category":1,"description":"NaN entered the Shadows.","nuts":13}