{"id":"2afc02ab-3c1e-4144-99e5-f9edd770fdfe","playerTags":["2c4b2a6d-9961-4e40-882c-a338f4e72117"],"teamTags":["8d87c468-699a-47a8-b40d-cfb73a5660ad"],"gameTags":[],"metadata":{"type":2,"after":0.72114319449692,"before":0.5731802948777818,"parent":"37f42e1a-6336-4922-913b-cdce94a0321f"},"created":"2021-03-07T19:01:05.476Z","season":11,"tournament":-1,"type":117,"day":115,"phase":13,"category":1,"description":"Evelton McBlase II's defense was boosted.","nuts":3}