{"id":"2ba35b72-687c-47b8-8f19-6b498b937e62","playerTags":["9820f2c5-f9da-4a07-b610-c2dd7bee2ef6"],"teamTags":["878c1bf6-0d21-4659-bfee-916c8314d69c"],"gameTags":[],"metadata":{"type":4,"after":1.69767526696209,"before":1.5903186843722807,"parent":"fd5dc9c2-7882-47b2-9e78-b71aebe3ea37"},"created":"2021-03-07T19:01:04.543Z","season":11,"tournament":-1,"type":117,"day":115,"phase":13,"category":1,"description":"Peanut Bong entered the Shadows.","nuts":2}