{"id":"2bb017ee-82a6-4115-89be-5c0a0b7429a3","playerTags":["8605af4b-b235-43f8-81aa-6381ecdda756"],"teamTags":["bb4a9de5-c924-4923-a0cb-9d1445f1ee5d"],"gameTags":[],"metadata":{"type":0,"after":0.3829874732513872,"before":0.26920174538736763,"parent":"ac4d14b5-1bb1-49f6-bdf5-361c955bd742"},"created":"2021-03-07T19:01:05.430Z","season":11,"tournament":-1,"type":117,"day":115,"phase":13,"category":1,"description":"Muse Scantron's hitting was boosted.","nuts":0}