{"id":"2bc1240d-b248-468e-abff-f7c54b917aff","playerTags":["b3e512df-c411-4100-9544-0ceadddb28cf"],"teamTags":["747b8e4a-7e50-4638-a973-ea7950a3e739"],"gameTags":[],"metadata":{"type":1,"after":0.7158068406729907,"before":0.6861242143720142,"parent":"72dadbd9-afb8-45e5-8dbc-bdda81f0632f"},"created":"2021-03-21T18:01:07.028Z","season":13,"tournament":-1,"type":117,"day":116,"phase":13,"category":1,"description":"Famous Owens' pitching was boosted.","nuts":7}