{"id":"2bdd750f-5e81-40cd-ac4f-2b68e64bc96c","playerTags":["10ea5d50-ec88-40a0-ab53-c6e11cc1e479"],"teamTags":["878c1bf6-0d21-4659-bfee-916c8314d69c"],"gameTags":[],"metadata":{"type":3,"after":0.3991777189812619,"before":0.3562795525625001,"parent":"0afadc76-bd72-4a6b-94b2-4f8aa539e80d"},"created":"2021-03-14T18:01:07.535Z","season":12,"tournament":-1,"type":117,"day":115,"phase":13,"category":1,"description":"Nicholas Vincent's baserunning was boosted.","nuts":1}