{"id":"2cc3c599-9291-4934-9161-a31aee346139","playerTags":["d81ce662-07b6-4a73-baa4-acbbb41f9dc5"],"teamTags":["878c1bf6-0d21-4659-bfee-916c8314d69c"],"gameTags":[],"metadata":{"type":2,"after":0.6247798266361596,"before":0.5856368534016496,"parent":"43d15d9f-5e50-4cbf-88c3-9e82948d9b2a"},"created":"2021-03-14T18:01:07.479Z","season":12,"tournament":-1,"type":117,"day":115,"phase":13,"category":1,"description":"Yummy Elliott's defense was boosted.","nuts":2}