{"id":"2d6b4a96-bb6c-4b6e-ac4a-2e236ff5eb62","playerTags":["8acc97fa-4bf1-49f6-bb93-fb52513a015b"],"teamTags":["3f8bbb15-61c0-4e3f-8e4a-907a5fb1565e"],"gameTags":[],"metadata":{"type":0,"after":0.45983678042977416,"before":0.4107756734462657,"parent":"8c2cf85d-13ef-43b1-ae80-48501ce3a655"},"created":"2021-03-14T18:01:07.463Z","season":12,"tournament":-1,"type":117,"day":115,"phase":13,"category":1,"description":"Zesty Yaboi's hitting was boosted.","nuts":1}