{"id":"2d9de056-a44f-4c72-b7f5-856ea94a9336","playerTags":["6e744b21-c4fa-4fa8-b4ea-e0e97f68ded5"],"teamTags":["747b8e4a-7e50-4638-a973-ea7950a3e739"],"gameTags":[],"metadata":{"type":2,"after":0.7525538876533543,"before":0.7018897533392163,"parent":"f67b4930-7f2b-470d-ad98-701adb72c20b"},"created":"2021-04-11T18:16:46.597Z","season":14,"tournament":-1,"type":117,"day":113,"phase":13,"category":1,"description":"Daniel Koch's defense was boosted.","nuts":2}