{"id":"2d9e4baa-3df6-4598-9833-f1321e2a0f6b","playerTags":["1f159bab-923a-4811-b6fa-02bfde50925a"],"teamTags":["bb4a9de5-c924-4923-a0cb-9d1445f1ee5d"],"gameTags":[],"metadata":{"type":1,"after":0.20326116327396554,"before":0.1638657657384659,"parent":"6f679ab0-a8c4-44e4-ad78-37bf75057e40"},"created":"2021-03-14T18:01:07.564Z","season":12,"tournament":-1,"type":117,"day":115,"phase":13,"category":1,"description":"NaN's pitching was boosted.","nuts":2}