{"id":"2da5741e-c22f-425e-b6ce-647d1e0beac7","playerTags":["04931546-1b4a-469f-b391-7ed67afe824c"],"teamTags":["3f8bbb15-61c0-4e3f-8e4a-907a5fb1565e"],"gameTags":[],"metadata":{"type":2,"after":1.2465410975685873,"before":1.2205524224649138,"parent":"43d15d9f-5e50-4cbf-88c3-9e82948d9b2a"},"created":"2021-03-14T18:01:07.481Z","season":12,"tournament":-1,"type":117,"day":115,"phase":13,"category":1,"description":"Glabe Moon's defense was boosted.","nuts":0}