{"id":"2e181206-03e5-4818-be49-3772e792d82e","playerTags":["f0bcf4bb-74b3-412e-a54c-04c12ad28ecb"],"teamTags":["f02aeae2-5e6a-4098-9842-02d2273f25c7"],"gameTags":[],"metadata":{"type":0,"after":0.9056584482231643,"before":0.8664420623986192,"parent":"8c2cf85d-13ef-43b1-ae80-48501ce3a655"},"created":"2021-03-14T18:01:07.464Z","season":12,"tournament":-1,"type":117,"day":115,"phase":13,"category":1,"description":"Hahn Fox's hitting was boosted.","nuts":3}