{"id":"2e3e87a4-5e2b-4dfd-ab21-f105c93ddfb7","playerTags":["611d18e0-b972-4cdd-afc2-793c56bfe5a9"],"teamTags":["eb67ae5e-c4bf-46ca-bbbc-425cd34182ff"],"gameTags":[],"metadata":{"type":0,"after":1.199834554581792,"before":1.112017825593392,"parent":"ac4d14b5-1bb1-49f6-bdf5-361c955bd742"},"created":"2021-03-07T19:01:05.429Z","season":11,"tournament":-1,"type":117,"day":115,"phase":13,"category":1,"description":"Alston Cerveza's hitting was boosted.","nuts":9}