{"id":"2eb8e0a8-a7fb-4773-bab3-33c50e86085a","playerTags":["80e474a3-7d2b-431d-8192-2f1e27162607"],"teamTags":["57ec08cc-0411-4643-b304-0e80dbc15ac7"],"gameTags":[],"metadata":{"type":4,"after":2.3838072594592954,"before":0.9447704379761862,"parent":"22c12776-659b-47d3-b88f-101294075760"},"created":"2021-03-14T18:01:05.956Z","season":12,"tournament":-1,"type":117,"day":115,"phase":13,"category":1,"description":"Summers Preston is Infused.","nuts":4}