{"id":"2efbbdbc-90cb-4d4e-87e3-61f33a3bd318","playerTags":["27839754-c351-43ec-9bff-ca662a2385b9"],"teamTags":["bb4a9de5-c924-4923-a0cb-9d1445f1ee5d"],"gameTags":[],"metadata":{"type":3,"after":0.9802641356892188,"before":0.9437597504556894,"parent":"0afadc76-bd72-4a6b-94b2-4f8aa539e80d"},"created":"2021-03-14T18:01:07.538Z","season":12,"tournament":-1,"type":117,"day":115,"phase":13,"category":1,"description":"Loubert Ji-Eun's baserunning was boosted.","nuts":0}