{"id":"2fcfb6df-c389-4e77-bf08-598866e8bf55","playerTags":["691f9ab2-9dd4-42e8-bf95-9fd01253c801"],"teamTags":["878c1bf6-0d21-4659-bfee-916c8314d69c"],"gameTags":[],"metadata":{"type":4,"after":2.0948180713853355,"before":2.01618231973529,"parent":"1601a99e-43e8-4602-ba42-d5a37411cdb7"},"created":"2021-03-21T18:01:07.039Z","season":13,"tournament":-1,"type":117,"day":116,"phase":13,"category":1,"description":"Wyatt Mason IV Evolved to Base 1","nuts":23}