{"id":"302bc3fa-81ee-495c-8aa5-93bd277b6b50","playerTags":["f0bcf4bb-74b3-412e-a54c-04c12ad28ecb"],"teamTags":["f02aeae2-5e6a-4098-9842-02d2273f25c7"],"gameTags":[],"metadata":{"type":3,"after":0.7850505347744282,"before":0.7470758991679196,"parent":"0afadc76-bd72-4a6b-94b2-4f8aa539e80d"},"created":"2021-03-14T18:01:07.537Z","season":12,"tournament":-1,"type":117,"day":115,"phase":13,"category":1,"description":"Hahn Fox's baserunning was boosted.","nuts":6}