{"id":"317da0dc-aab6-47b4-8062-daff1e75dedd","playerTags":["64c92f8d-6028-495b-b81d-32c975afb2e1"],"teamTags":["8d87c468-699a-47a8-b40d-cfb73a5660ad"],"gameTags":[],"metadata":{"type":4,"after":3.3673962211433075,"before":3.2321086987982874,"parent":"31683396-c05f-46f8-b44d-9863d3f68eee"},"created":"2021-03-21T18:01:06.009Z","season":13,"tournament":-1,"type":117,"day":116,"phase":13,"category":1,"description":"Enid Marlow entered the Shadows.","nuts":12}