{"id":"320eef62-5bff-4560-8cf9-6da86e70b97d","playerTags":["7158d158-e7bf-4e9b-9259-62e5b25e3de8"],"teamTags":["9debc64f-74b7-4ae1-a4d6-fce0144b6ea5"],"gameTags":[],"metadata":{"type":2,"after":1.0019906221626451,"before":0.9736662663765075,"parent":"43d15d9f-5e50-4cbf-88c3-9e82948d9b2a"},"created":"2021-03-14T18:01:07.483Z","season":12,"tournament":-1,"type":117,"day":115,"phase":13,"category":1,"description":"Karato Bean's defense was boosted.","nuts":0}