{"id":"323dd1f2-bb31-40ac-a632-111b5de5546b","playerTags":["f7847de2-df43-4236-8dbe-ae403f5f3ab3"],"teamTags":["bfd38797-8404-4b38-8b82-341da28b1f83"],"gameTags":[],"metadata":{"type":4,"after":3.174200797021637,"before":3.0640127305775113,"parent":"11a10bce-0943-46b8-b2e2-803c002ac2aa"},"created":"2021-03-14T18:01:06.316Z","season":12,"tournament":-1,"type":117,"day":115,"phase":13,"category":1,"description":"Blood Hamburger entered the Shadows.","nuts":1}