{"id":"332e1384-f23c-40de-8ef5-8a3ec372c74e","playerTags":[],"teamTags":["f02aeae2-5e6a-4098-9842-02d2273f25c7"],"gameTags":[],"metadata":{"type":3,"after":0.5175974814424502,"before":0.5108003922341701,"parent":"7680c8c1-8203-4fa7-8093-2faca4ef4744"},"created":"2021-04-11T18:16:46.588Z","season":14,"tournament":-1,"type":117,"day":113,"phase":13,"category":1,"description":"The Sunbeams were boosted.","nuts":6}