{"id":"33777a6a-1877-463c-8735-8383a0fd3a01","playerTags":["a3947fbc-50ec-45a4-bca4-49ffebb77dbe"],"teamTags":["7966eb04-efcc-499b-8f03-d13916330531"],"gameTags":[],"metadata":{"type":0,"after":0.8676111353798168,"before":0.6757687158888714,"parent":"2fac2cbd-2a8a-4b9f-8cbd-40bcc1067b23"},"created":"2021-03-21T18:01:07.023Z","season":13,"tournament":-1,"type":117,"day":116,"phase":13,"category":1,"description":"Chorby Short's hitting was boosted.","nuts":76}