{"id":"33cd5d62-e60c-4eca-b62b-53367b2b349d","playerTags":["1a93a2d2-b5b6-479b-a595-703e4a2f3885"],"teamTags":["8d87c468-699a-47a8-b40d-cfb73a5660ad"],"gameTags":[],"metadata":{"type":2,"after":0.8969491993409229,"before":0.7752202701226943,"parent":"37f42e1a-6336-4922-913b-cdce94a0321f"},"created":"2021-03-07T19:01:05.476Z","season":11,"tournament":-1,"type":117,"day":115,"phase":13,"category":1,"description":"Pedro Davids' defense was boosted.","nuts":0}