{"id":"33d9b45e-36d5-4d1e-8a55-bf9d4a9e566b","playerTags":["e4034192-4dc6-4901-bb30-07fe3cf77b5e"],"teamTags":["b63be8c2-576a-4d6e-8daf-814f8bcea96f"],"gameTags":[],"metadata":{"type":2,"after":0.4947585216906314,"before":0.4298538119647204,"parent":"43d15d9f-5e50-4cbf-88c3-9e82948d9b2a"},"created":"2021-03-14T18:01:07.479Z","season":12,"tournament":-1,"type":117,"day":115,"phase":13,"category":1,"description":"Baldwin Breadwinner's defense was boosted.","nuts":1}