{"id":"33f6db12-9a0a-42d3-abe6-ca59546d7062","playerTags":["30218684-7fa1-41a5-a3b3-5d9cd97dd36b"],"teamTags":["9debc64f-74b7-4ae1-a4d6-fce0144b6ea5"],"gameTags":[],"metadata":{"type":2,"after":0.6978293157149486,"before":0.6635558745452698,"parent":"43d15d9f-5e50-4cbf-88c3-9e82948d9b2a"},"created":"2021-03-14T18:01:07.483Z","season":12,"tournament":-1,"type":117,"day":115,"phase":13,"category":1,"description":"Jordan Hildebert's defense was boosted.","nuts":0}