{"id":"356a7519-ca60-4f7b-be4e-2418dedbdeca","playerTags":["51c5473a-7545-4a9a-920d-d9b718d0e8d1"],"teamTags":["3f8bbb15-61c0-4e3f-8e4a-907a5fb1565e"],"gameTags":[],"metadata":{"type":3,"after":0.4315615496050099,"before":0.376878908152229,"parent":"0afadc76-bd72-4a6b-94b2-4f8aa539e80d"},"created":"2021-03-14T18:01:07.536Z","season":12,"tournament":-1,"type":117,"day":115,"phase":13,"category":1,"description":"Jacob Haynes' baserunning was boosted.","nuts":1}