{"id":"358af57c-87e2-47d3-8a0b-f9373caa9714","playerTags":["0eddd056-9d72-4804-bd60-53144b785d5c"],"teamTags":["b63be8c2-576a-4d6e-8daf-814f8bcea96f"],"gameTags":[],"metadata":{"type":3,"after":0.6972285624763197,"before":0.656503421778143,"parent":"0afadc76-bd72-4a6b-94b2-4f8aa539e80d"},"created":"2021-03-14T18:01:07.535Z","season":12,"tournament":-1,"type":117,"day":115,"phase":13,"category":1,"description":"Caleb Novak's baserunning was boosted.","nuts":0}