{"id":"35b792ba-b6a1-46f6-b41c-8dcf75c2be43","playerTags":["57a19a22-f2cd-4e59-aa84-15cb0af30ba3"],"teamTags":["bb4a9de5-c924-4923-a0cb-9d1445f1ee5d"],"gameTags":[],"metadata":{"type":0,"after":0.7674550180325291,"before":0.6605288380088049,"parent":"ac4d14b5-1bb1-49f6-bdf5-361c955bd742"},"created":"2021-03-07T19:01:05.430Z","season":11,"tournament":-1,"type":117,"day":115,"phase":13,"category":1,"description":"Vessalius Sundae's hitting was boosted.","nuts":0}