{"id":"35b9f0bf-b81c-42ba-942a-4b7be37f4617","playerTags":["750a7ba9-e595-40be-93e5-4021f1f9460d"],"teamTags":["bb4a9de5-c924-4923-a0cb-9d1445f1ee5d"],"gameTags":[],"metadata":{"type":0,"after":0.5860827402515324,"before":0.47868488426932077,"parent":"ac4d14b5-1bb1-49f6-bdf5-361c955bd742"},"created":"2021-03-07T19:01:05.430Z","season":11,"tournament":-1,"type":117,"day":115,"phase":13,"category":1,"description":"Lenny Crumb's hitting was boosted.","nuts":0}