{"id":"36aac11b-5fcc-4cda-ae40-bd9f50bc1933","playerTags":["8605af4b-b235-43f8-81aa-6381ecdda756"],"teamTags":["bb4a9de5-c924-4923-a0cb-9d1445f1ee5d"],"gameTags":[],"metadata":{"type":3,"after":0.7006158688527323,"before":0.6540407618661644,"parent":"0afadc76-bd72-4a6b-94b2-4f8aa539e80d"},"created":"2021-03-14T18:01:07.539Z","season":12,"tournament":-1,"type":117,"day":115,"phase":13,"category":1,"description":"Muse Scantron's baserunning was boosted.","nuts":3}