{"id":"374663a6-8297-4b12-9d2f-a8913d861268","playerTags":["b93f4c32-64e4-4461-b708-05f6f7f6bbc2"],"teamTags":["bb4a9de5-c924-4923-a0cb-9d1445f1ee5d"],"gameTags":[],"metadata":{"type":1,"after":0.4003807096147721,"before":0.3297607354654208,"parent":"a63dbb5e-3524-429e-9481-2fe0d899e884"},"created":"2021-04-11T18:16:46.744Z","season":14,"tournament":-1,"type":117,"day":113,"phase":13,"category":1,"description":"Atma Willowtree's pitching was boosted.","nuts":3}