{"id":"38625638-3161-4c9c-86a6-d31d251dd9bd","playerTags":["8cf78b49-d0ca-4703-88e8-4bcad26c44b1"],"teamTags":["b63be8c2-576a-4d6e-8daf-814f8bcea96f"],"gameTags":[],"metadata":{"type":2,"after":0.7447204732720558,"before":0.7082409494416562,"parent":"43d15d9f-5e50-4cbf-88c3-9e82948d9b2a"},"created":"2021-03-14T18:01:07.479Z","season":12,"tournament":-1,"type":117,"day":115,"phase":13,"category":1,"description":"Avila Guzman's defense was boosted.","nuts":0}