{"id":"389e1fcb-e459-4549-94a2-b4b38d09cf8a","playerTags":["718dea1a-d9a8-4c2b-933a-f0667b5250e6"],"teamTags":["3f8bbb15-61c0-4e3f-8e4a-907a5fb1565e"],"gameTags":[],"metadata":{"type":2,"after":0.5008214662388963,"before":0.44017452332491963,"parent":"43d15d9f-5e50-4cbf-88c3-9e82948d9b2a"},"created":"2021-03-14T18:01:07.480Z","season":12,"tournament":-1,"type":117,"day":115,"phase":13,"category":1,"description":"Margarito Nava's defense was boosted.","nuts":2}