{"id":"3931594b-d0cf-4744-828b-7f598d92473b","playerTags":["114100a4-1bf7-4433-b304-6aad75904055"],"teamTags":["7966eb04-efcc-499b-8f03-d13916330531"],"gameTags":[],"metadata":{"type":0,"after":0.6093857658130397,"before":0.3579764285798287,"parent":"2fac2cbd-2a8a-4b9f-8cbd-40bcc1067b23"},"created":"2021-03-21T18:01:07.023Z","season":13,"tournament":-1,"type":117,"day":116,"phase":13,"category":1,"description":"Kurt Crueller's hitting was boosted.","nuts":23}