{"id":"3a1e397c-a23c-4035-9985-29b2218cd200","playerTags":["86d4e22b-f107-4bcf-9625-32d387fcb521"],"teamTags":["eb67ae5e-c4bf-46ca-bbbc-425cd34182ff"],"gameTags":[],"metadata":{"type":0,"after":1.1035345156335554,"before":1.009106720085225,"parent":"ac4d14b5-1bb1-49f6-bdf5-361c955bd742"},"created":"2021-03-07T19:01:05.430Z","season":11,"tournament":-1,"type":117,"day":115,"phase":13,"category":1,"description":"York Silk's hitting was boosted.","nuts":6}