{"id":"3a802aa4-22d3-4205-b211-7f4a54791aff","playerTags":["d0ffc9c2-e677-4230-a639-b0ae11650501"],"teamTags":["bb4a9de5-c924-4923-a0cb-9d1445f1ee5d"],"gameTags":[],"metadata":{"type":2,"after":0.6821421556284123,"before":0.6450680628538678,"parent":"43d15d9f-5e50-4cbf-88c3-9e82948d9b2a"},"created":"2021-03-14T18:01:07.484Z","season":12,"tournament":-1,"type":117,"day":115,"phase":13,"category":1,"description":"Kaz Fiasco's defense was boosted.","nuts":1}