{"id":"3a8fdf30-612c-4ee9-8d02-d0cc7f6bb03e","playerTags":["d51f1fe8-4ab8-411e-b836-5bba92984d32"],"teamTags":["3f8bbb15-61c0-4e3f-8e4a-907a5fb1565e"],"gameTags":[],"metadata":{"type":3,"after":0.8119094665405835,"before":0.7735700521208015,"parent":"0afadc76-bd72-4a6b-94b2-4f8aa539e80d"},"created":"2021-03-14T18:01:07.536Z","season":12,"tournament":-1,"type":117,"day":115,"phase":13,"category":1,"description":"Hiroto Cerna's baserunning was boosted.","nuts":6}