{"id":"3aa98376-5bac-481d-9849-1b32910691be","playerTags":["17397256-c28c-4cad-85f2-a21768c66e67"],"teamTags":["b024e975-1c4a-4575-8936-a3754a08806a"],"gameTags":[],"metadata":{"type":4,"after":3.8056560655786975,"before":2.89950296862503,"parent":"7e2243a7-635e-4094-91be-5e07d399866c"},"created":"2021-03-14T18:01:06.107Z","season":12,"tournament":-1,"type":117,"day":115,"phase":13,"category":1,"description":"Cory Ross is Infused.","nuts":0}