{"id":"3b4309ef-1535-4b37-b477-f97228610f96","playerTags":["7dca7137-b872-46f5-8e59-8c9c996e9d22"],"teamTags":["9debc64f-74b7-4ae1-a4d6-fce0144b6ea5"],"gameTags":[],"metadata":{"type":2,"after":0.5594260721587907,"before":0.5021402825638026,"parent":"43d15d9f-5e50-4cbf-88c3-9e82948d9b2a"},"created":"2021-03-14T18:01:07.483Z","season":12,"tournament":-1,"type":117,"day":115,"phase":13,"category":1,"description":"Emmett Tabby's defense was boosted.","nuts":0}