{"id":"3b751b03-9a23-4c36-ae29-05091ff85fb6","playerTags":["0bb35615-63f2-4492-80ec-b6b322dc5450"],"teamTags":["878c1bf6-0d21-4659-bfee-916c8314d69c"],"gameTags":[],"metadata":{"type":2,"after":1.0252848227706286,"before":0.9961806441884988,"parent":"43d15d9f-5e50-4cbf-88c3-9e82948d9b2a"},"created":"2021-03-14T18:01:07.479Z","season":12,"tournament":-1,"type":117,"day":115,"phase":13,"category":1,"description":"Sexton Wheerer's defense was boosted.","nuts":3}