{"id":"3bf339d1-2b05-4387-883e-a92cb917333b","playerTags":["503a235f-9fa6-41b5-8514-9475c944273f"],"teamTags":["9debc64f-74b7-4ae1-a4d6-fce0144b6ea5"],"gameTags":[],"metadata":{"type":3,"after":0.4331520448644264,"before":0.39156184405774436,"parent":"0afadc76-bd72-4a6b-94b2-4f8aa539e80d"},"created":"2021-03-14T18:01:07.538Z","season":12,"tournament":-1,"type":117,"day":115,"phase":13,"category":1,"description":"Reese Clark's baserunning was boosted.","nuts":3}