{"id":"3c661659-484c-4fd4-a080-564838fd5896","playerTags":["56eba639-ea73-474d-bcee-ec68c0528b02"],"teamTags":["d9f89a8a-c563-493e-9d64-78e4f9a55d4a"],"gameTags":[],"metadata":{"type":4,"after":2.9964978133344773,"before":2.859745933198058,"parent":"6c614930-e64d-4105-87a1-7200706a37f6"},"created":"2021-04-11T18:16:08.424Z","season":14,"tournament":-1,"type":117,"day":113,"phase":13,"category":1,"description":"Ankle Halifax entered the Shadows.","nuts":1}