{"id":"3ce1acf2-97de-40ab-8312-dff784a2b5d6","playerTags":["2720559e-9173-4042-aaa0-d3852b72ab2e"],"teamTags":["747b8e4a-7e50-4638-a973-ea7950a3e739"],"gameTags":[],"metadata":{"type":4,"after":1.8917629910811193,"before":1.7424809042531764,"parent":"d104f955-96c6-4dab-8bc8-446f45c1b093"},"created":"2021-03-07T19:01:00.718Z","season":11,"tournament":-1,"type":117,"day":115,"phase":13,"category":1,"description":"Hiroto Wilcox Evolved to Base 1","nuts":1}