{"id":"3e688217-4012-425c-969e-f385bd5c3ad8","playerTags":["ce7d33b7-1bba-48d6-a1d1-cd0e29231be8"],"teamTags":["8d87c468-699a-47a8-b40d-cfb73a5660ad"],"gameTags":[],"metadata":{"type":1,"after":0.775008418452488,"before":0.6597097575656738,"parent":"47cd3d8a-c30d-480b-97d4-533fbcf14cff"},"created":"2021-03-07T19:01:05.449Z","season":11,"tournament":-1,"type":117,"day":115,"phase":13,"category":1,"description":"Jacoby Podcast's pitching was boosted.","nuts":3}