{"id":"3e833a28-8c02-47ee-85ca-f967413da895","playerTags":["8ecea7e0-b1fb-4b74-8c8c-3271cb54f659"],"teamTags":["9debc64f-74b7-4ae1-a4d6-fce0144b6ea5"],"gameTags":[],"metadata":{"type":2,"after":0.92833530794419,"before":0.91521619939902,"parent":"645acdf2-c2a7-4cb0-9e64-c72c65518b84"},"created":"2021-04-11T18:16:46.710Z","season":14,"tournament":-1,"type":117,"day":113,"phase":13,"category":1,"description":"Fitzgerald Blackburn's defense was boosted.","nuts":6}