{"id":"3f15af59-b67c-47d9-8b30-765b18e4c16a","playerTags":["13676ab5-afb3-4650-af23-bcde1037d25b"],"teamTags":["46358869-dce9-4a01-bfba-ac24fc56f57e"],"gameTags":[],"metadata":{"type":0,"after":0.3400164530776067,"before":0.22714550916753273,"parent":"e2bcb905-7b24-4c63-920a-ca79128bf390"},"created":"2021-04-11T18:16:46.692Z","season":14,"tournament":-1,"type":117,"day":113,"phase":13,"category":1,"description":"Dashiell Drumsolo's hitting was boosted.","nuts":1}