{"id":"3f9ed097-3590-4756-a851-dbd599024821","playerTags":["4f69e8c2-b2a1-4e98-996a-ccf35ac844c5"],"teamTags":["f02aeae2-5e6a-4098-9842-02d2273f25c7"],"gameTags":[],"metadata":{"type":0,"after":0.5466791479657493,"before":0.4972348245020158,"parent":"8c2cf85d-13ef-43b1-ae80-48501ce3a655"},"created":"2021-03-14T18:01:07.464Z","season":12,"tournament":-1,"type":117,"day":115,"phase":13,"category":1,"description":"Igneus Delacruz's hitting was boosted.","nuts":1}