{"id":"3fb66287-4074-4c1d-bfc9-b58ac19a80f4","playerTags":["d2d76815-cbdc-4c4b-9c9e-32ebf2297cc7"],"teamTags":["9debc64f-74b7-4ae1-a4d6-fce0144b6ea5"],"gameTags":[],"metadata":{"type":2,"after":0.47698090177688174,"before":0.4534137852418286,"parent":"645acdf2-c2a7-4cb0-9e64-c72c65518b84"},"created":"2021-04-11T18:16:46.710Z","season":14,"tournament":-1,"type":117,"day":113,"phase":13,"category":1,"description":"Denzel Scott's defense was boosted.","nuts":1}