{"id":"3fc3136c-526b-428c-8217-cd0497cd9c80","playerTags":["a647388d-fc59-4c1b-90d3-8c1826e07775"],"teamTags":["3f8bbb15-61c0-4e3f-8e4a-907a5fb1565e"],"gameTags":[],"metadata":{"type":2,"after":0.48070048209574023,"before":0.4352210117515892,"parent":"43d15d9f-5e50-4cbf-88c3-9e82948d9b2a"},"created":"2021-03-14T18:01:07.481Z","season":12,"tournament":-1,"type":117,"day":115,"phase":13,"category":1,"description":"Chambers Simmons' defense was boosted.","nuts":1}