{"id":"4004cdf4-7105-41ee-8b66-5e068e66e4ef","playerTags":["90768354-957e-4b4c-bb6d-eab6bbda0ba3"],"teamTags":["eb67ae5e-c4bf-46ca-bbbc-425cd34182ff"],"gameTags":[],"metadata":{"type":0,"after":0.8852751568769262,"before":0.7844183267146225,"parent":"ac4d14b5-1bb1-49f6-bdf5-361c955bd742"},"created":"2021-03-07T19:01:05.429Z","season":11,"tournament":-1,"type":117,"day":115,"phase":13,"category":1,"description":"Eugenia Garbage's hitting was boosted.","nuts":2}