{"id":"407410cc-841b-48dd-89f5-cd0fb3c19f3b","playerTags":["4204c2d1-ca48-4af7-b827-e99907f12d61"],"teamTags":["57ec08cc-0411-4643-b304-0e80dbc15ac7"],"gameTags":[],"metadata":{"type":4,"after":1.3621695534772325,"before":1.1972931405247098,"parent":"cc5729f3-1018-4d9f-b03a-37960f0098b9"},"created":"2021-03-14T18:01:05.965Z","season":12,"tournament":-1,"type":117,"day":115,"phase":13,"category":1,"description":"Axel Cardenas entered the Shadows.","nuts":1}