{"id":"4090ee8b-0ca8-4100-822f-53e37b652479","playerTags":["766dfd1e-11c3-42b6-a167-9b2d568b5dc0"],"teamTags":["36569151-a2fb-43c1-9df7-2df512424c82"],"gameTags":[],"metadata":{"type":4,"after":3.3593918675684216,"before":2.46980261155629,"parent":"f9d62926-2395-4201-ac8f-162e745cebf6"},"created":"2021-03-07T19:01:04.322Z","season":11,"tournament":-1,"type":117,"day":115,"phase":13,"category":1,"description":"Sandie Turner is Infused.","nuts":0}