{"id":"40adbda1-2d5a-4957-83d2-7a27a5b961af","playerTags":["57a19a22-f2cd-4e59-aa84-15cb0af30ba3"],"teamTags":["bb4a9de5-c924-4923-a0cb-9d1445f1ee5d"],"gameTags":[],"metadata":{"type":3,"after":0.7135350691520734,"before":0.6748662197160272,"parent":"0afadc76-bd72-4a6b-94b2-4f8aa539e80d"},"created":"2021-03-14T18:01:07.538Z","season":12,"tournament":-1,"type":117,"day":115,"phase":13,"category":1,"description":"Vessalius Sundae's baserunning was boosted.","nuts":0}