{"id":"40b20e28-87f5-48df-adc8-88712e55e440","playerTags":["f56657d3-3bdc-4840-a20c-91aca9cc360e"],"teamTags":["9debc64f-74b7-4ae1-a4d6-fce0144b6ea5"],"gameTags":[],"metadata":{"type":4,"after":2.1912279024374595,"before":2.0637202689308594,"parent":"a38fdd76-af21-450a-b6e8-b0dd21cf83e2"},"created":"2021-04-11T18:16:08.212Z","season":14,"tournament":-1,"type":117,"day":113,"phase":13,"category":1,"description":"Malik Romayne entered the Shadows.","nuts":1}