{"id":"427244a2-185b-49a8-aefc-0283380b0d7b","playerTags":["e972984c-2895-451c-b518-f06a0d8bd375"],"teamTags":["9debc64f-74b7-4ae1-a4d6-fce0144b6ea5"],"gameTags":[],"metadata":{"type":2,"after":0.645039266928801,"before":0.6086196302856133,"parent":"645acdf2-c2a7-4cb0-9e64-c72c65518b84"},"created":"2021-04-11T18:16:46.711Z","season":14,"tournament":-1,"type":117,"day":113,"phase":13,"category":1,"description":"Becker Solis' defense was boosted.","nuts":3}