{"id":"43b9a7dc-1b80-4815-af6c-f7d587114cd6","playerTags":["8cf78b49-d0ca-4703-88e8-4bcad26c44b1"],"teamTags":["b63be8c2-576a-4d6e-8daf-814f8bcea96f"],"gameTags":[],"metadata":{"type":0,"after":0.7954740342864162,"before":0.750720718293614,"parent":"8c2cf85d-13ef-43b1-ae80-48501ce3a655"},"created":"2021-03-14T18:01:07.463Z","season":12,"tournament":-1,"type":117,"day":115,"phase":13,"category":1,"description":"Avila Guzman's hitting was boosted.","nuts":0}