{"id":"4558baa7-d441-48d7-bbe4-bb4f8ff28a34","playerTags":["042962c8-4d8b-44a6-b854-6ccef3d82716"],"teamTags":["b024e975-1c4a-4575-8936-a3754a08806a"],"gameTags":[],"metadata":{"type":4,"after":4.0395615925888855,"before":3.167527434563488,"parent":"44bfeca5-cbaa-48d3-b7a7-a2649bd023f2"},"created":"2021-03-21T18:01:05.048Z","season":13,"tournament":-1,"type":117,"day":116,"phase":13,"category":1,"description":"Ronan Jaylee is Infused.","nuts":13}