{"id":"45c0df66-1150-42dc-a4ce-00977fac7ef9","playerTags":["c675fcdf-6117-49a6-ac32-99a89a3a88aa"],"teamTags":["878c1bf6-0d21-4659-bfee-916c8314d69c"],"gameTags":[],"metadata":{"type":3,"after":1.0183430471911143,"before":0.9813459534215141,"parent":"0afadc76-bd72-4a6b-94b2-4f8aa539e80d"},"created":"2021-03-14T18:01:07.534Z","season":12,"tournament":-1,"type":117,"day":115,"phase":13,"category":1,"description":"Valentine Games' baserunning was boosted.","nuts":6}