{"id":"45f1408a-d762-4856-9d44-421a801e3df1","playerTags":["10ea5d50-ec88-40a0-ab53-c6e11cc1e479"],"teamTags":["878c1bf6-0d21-4659-bfee-916c8314d69c"],"gameTags":[],"metadata":{"type":2,"after":0.7633928385785276,"before":0.730041557610032,"parent":"43d15d9f-5e50-4cbf-88c3-9e82948d9b2a"},"created":"2021-03-14T18:01:07.479Z","season":12,"tournament":-1,"type":117,"day":115,"phase":13,"category":1,"description":"Nicholas Vincent's defense was boosted.","nuts":1}