{"id":"4692e731-2fbd-43e7-8166-7db4bb32fcf6","playerTags":["46721a07-7cd2-4839-982e-7046df6e8b66"],"teamTags":["9debc64f-74b7-4ae1-a4d6-fce0144b6ea5"],"gameTags":[],"metadata":{"type":2,"after":0.18587016710124418,"before":0.09914810382667823,"parent":"43d15d9f-5e50-4cbf-88c3-9e82948d9b2a"},"created":"2021-03-14T18:01:07.483Z","season":12,"tournament":-1,"type":117,"day":115,"phase":13,"category":1,"description":"Stew Briggs' defense was boosted.","nuts":0}