{"id":"46e3f8a9-3a74-4b47-8b49-f5340f8b4d02","playerTags":["9d6f3d23-bc26-40e6-93aa-0b1c693e0ba8"],"teamTags":["b63be8c2-576a-4d6e-8daf-814f8bcea96f"],"gameTags":[],"metadata":{"type":0,"after":0.6750431366543203,"before":0.6264370590425593,"parent":"8c2cf85d-13ef-43b1-ae80-48501ce3a655"},"created":"2021-03-14T18:01:07.462Z","season":12,"tournament":-1,"type":117,"day":115,"phase":13,"category":1,"description":"Riley Firewall's hitting was boosted.","nuts":0}