{"id":"4721a673-d663-49da-8685-861a5fa95d5e","playerTags":["51c5473a-7545-4a9a-920d-d9b718d0e8d1"],"teamTags":["3f8bbb15-61c0-4e3f-8e4a-907a5fb1565e"],"gameTags":[],"metadata":{"type":0,"after":1.0661912166818277,"before":1.0302652908692183,"parent":"8c2cf85d-13ef-43b1-ae80-48501ce3a655"},"created":"2021-03-14T18:01:07.463Z","season":12,"tournament":-1,"type":117,"day":115,"phase":13,"category":1,"description":"Jacob Haynes' hitting was boosted.","nuts":1}