{"id":"4802b2c9-9486-468c-9def-9d1d98b2b7eb","playerTags":["0bb35615-63f2-4492-80ec-b6b322dc5450"],"teamTags":["878c1bf6-0d21-4659-bfee-916c8314d69c"],"gameTags":[],"metadata":{"type":4,"after":3.4943554890404966,"before":3.3865942823370396,"parent":"599484de-435c-4e86-8d09-bcce4336282a"},"created":"2021-03-21T18:01:04.614Z","season":13,"tournament":-1,"type":117,"day":116,"phase":13,"category":1,"description":"Sexton Wheerer entered the Shadows.","nuts":26}