{"id":"48ed3963-04a4-48bc-bba6-2822f458d2f1","playerTags":["2727215d-3714-438d-b1ba-2ed15ec481c0"],"teamTags":["747b8e4a-7e50-4638-a973-ea7950a3e739"],"gameTags":[],"metadata":{"type":2,"after":0.7418184617156862,"before":0.6759399341864846,"parent":"f67b4930-7f2b-470d-ad98-701adb72c20b"},"created":"2021-04-11T18:16:46.597Z","season":14,"tournament":-1,"type":117,"day":113,"phase":13,"category":1,"description":"Dominic Woman's defense was boosted.","nuts":4}