{"id":"48f8b490-3c4a-4071-8d08-ab3314b22991","playerTags":["84a17f48-0393-4166-864a-f7cd27557701"],"teamTags":["46358869-dce9-4a01-bfba-ac24fc56f57e"],"gameTags":[],"metadata":{"type":0,"after":0.5643044377546634,"before":0.4991669072724372,"parent":"e2bcb905-7b24-4c63-920a-ca79128bf390"},"created":"2021-04-11T18:16:46.691Z","season":14,"tournament":-1,"type":117,"day":113,"phase":13,"category":1,"description":"Arches Candle's hitting was boosted.","nuts":0}