{"id":"499ff56e-4e39-491d-b36e-cfde16db4374","playerTags":["7aeb8e0b-f6fb-4a9e-bba2-335dada5f0a3"],"teamTags":["747b8e4a-7e50-4638-a973-ea7950a3e739"],"gameTags":[],"metadata":{"type":1,"after":0.8014752011133729,"before":0.7711500922188897,"parent":"72dadbd9-afb8-45e5-8dbc-bdda81f0632f"},"created":"2021-03-21T18:01:07.028Z","season":13,"tournament":-1,"type":117,"day":116,"phase":13,"category":1,"description":"Dunlap Figueroa's pitching was boosted.","nuts":9}