{"id":"4a00a992-32aa-45fb-9c3b-f2e8328214a7","playerTags":["bf6a24d1-4e89-4790-a4ba-eeb2870cbf6f"],"teamTags":["878c1bf6-0d21-4659-bfee-916c8314d69c"],"gameTags":[],"metadata":{"type":0,"after":0.8318237984572496,"before":0.7929255564442919,"parent":"8c2cf85d-13ef-43b1-ae80-48501ce3a655"},"created":"2021-03-14T18:01:07.462Z","season":12,"tournament":-1,"type":117,"day":115,"phase":13,"category":1,"description":"Rat Mason's hitting was boosted.","nuts":2}