{"id":"4abc993a-dbc4-4e8f-80fd-4604cf5f3eee","playerTags":["c675fcdf-6117-49a6-ac32-99a89a3a88aa"],"teamTags":["878c1bf6-0d21-4659-bfee-916c8314d69c"],"gameTags":[],"metadata":{"type":3,"after":0.9813459534215141,"before":0.8399635497852375,"parent":"40bd388c-a354-4b22-b324-91bc30dc499c"},"created":"2021-03-07T19:01:05.461Z","season":11,"tournament":-1,"type":117,"day":115,"phase":13,"category":1,"description":"Valentine Games' baserunning was boosted.","nuts":2}