{"id":"4abd9041-f514-4e83-8083-96e78f6c652f","playerTags":["27c68d7f-5e40-4afa-8b6f-9df47b79e7dd"],"teamTags":["878c1bf6-0d21-4659-bfee-916c8314d69c"],"gameTags":[],"metadata":{"type":2,"after":0.749326959007951,"before":0.7144361235929708,"parent":"43d15d9f-5e50-4cbf-88c3-9e82948d9b2a"},"created":"2021-03-14T18:01:07.478Z","season":12,"tournament":-1,"type":117,"day":115,"phase":13,"category":1,"description":"Basilio Mason's defense was boosted.","nuts":0}