{"id":"4ac35104-a291-49de-b0d1-51d92ec84836","playerTags":["7dca7137-b872-46f5-8e59-8c9c996e9d22"],"teamTags":["9debc64f-74b7-4ae1-a4d6-fce0144b6ea5"],"gameTags":[],"metadata":{"type":2,"after":0.5775223404344937,"before":0.5594260721587907,"parent":"645acdf2-c2a7-4cb0-9e64-c72c65518b84"},"created":"2021-04-11T18:16:46.711Z","season":14,"tournament":-1,"type":117,"day":113,"phase":13,"category":1,"description":"Emmett Tabby's defense was boosted.","nuts":1}