{"id":"4ae93cce-052b-49c6-a88f-c014a943551b","playerTags":["c0732e36-3731-4f1a-abdc-daa9563b6506"],"teamTags":["3f8bbb15-61c0-4e3f-8e4a-907a5fb1565e"],"gameTags":[],"metadata":{"type":4,"after":4.554764175418884,"before":4.468377193818439,"parent":"a56ac9ba-8f55-497c-9de1-16ce95686fc2"},"created":"2021-03-07T19:01:04.440Z","season":11,"tournament":-1,"type":117,"day":115,"phase":13,"category":1,"description":"Nagomi Mcdaniel entered the Shadows.","nuts":5}