{"id":"4b3ec309-bd0b-4b33-984b-48f7ab6dff5d","playerTags":["97dfc1f6-ac94-4cdc-b0d5-1cb9f8984aa5"],"teamTags":["8d87c468-699a-47a8-b40d-cfb73a5660ad"],"gameTags":[],"metadata":{"type":1,"after":0.863797157477406,"before":0.7387286499361487,"parent":"47cd3d8a-c30d-480b-97d4-533fbcf14cff"},"created":"2021-03-07T19:01:05.448Z","season":11,"tournament":-1,"type":117,"day":115,"phase":13,"category":1,"description":"Brock Forbes' pitching was boosted.","nuts":1}