{"id":"4b88b552-9a2d-4e7c-9132-96d2112cf42b","playerTags":["a9812a8e-67c4-434c-85cb-6ddf785cadf2"],"teamTags":["bb4a9de5-c924-4923-a0cb-9d1445f1ee5d"],"gameTags":[],"metadata":{"type":0,"after":0.7682198801974554,"before":0.6659593023403985,"parent":"ac4d14b5-1bb1-49f6-bdf5-361c955bd742"},"created":"2021-03-07T19:01:05.430Z","season":11,"tournament":-1,"type":117,"day":115,"phase":13,"category":1,"description":"Augusta Chadwell's hitting was boosted.","nuts":0}