{"id":"4bb1b77c-4643-4364-ae53-55616b28a134","playerTags":["d4a10c2a-0c28-466a-9213-38ba3339b65e"],"teamTags":["f02aeae2-5e6a-4098-9842-02d2273f25c7"],"gameTags":[],"metadata":{"type":2,"after":1.022103549173152,"before":0.9927864427576689,"parent":"43d15d9f-5e50-4cbf-88c3-9e82948d9b2a"},"created":"2021-03-14T18:01:07.482Z","season":12,"tournament":-1,"type":117,"day":115,"phase":13,"category":1,"description":"Richmond Harrison's defense was boosted.","nuts":4}