{"id":"4c2da9dc-ebc8-4409-b43f-2710a9e4de6e","playerTags":[],"teamTags":["8d87c468-699a-47a8-b40d-cfb73a5660ad"],"gameTags":[],"metadata":{"type":2,"after":0.7579988376595458,"before":0.6117201641574668,"parent":"37f42e1a-6336-4922-913b-cdce94a0321f"},"created":"2021-03-07T19:01:05.476Z","season":11,"tournament":-1,"type":117,"day":115,"phase":13,"category":1,"description":"The Crabs' defense was boosted.","nuts":0}