{"id":"4c601e95-21a9-4f19-9126-44f3a4b55625","playerTags":["21d52455-6c2c-4ee4-8673-ab46b4b926b4"],"teamTags":["b63be8c2-576a-4d6e-8daf-814f8bcea96f"],"gameTags":[],"metadata":{"type":4,"after":1.9074384704764322,"before":1.6982718048156353,"parent":"d2053813-cd57-4c3f-9564-4a42eeffb467"},"created":"2021-03-14T18:01:06.115Z","season":12,"tournament":-1,"type":117,"day":115,"phase":13,"category":1,"description":"Wyatt Owens entered the Shadows.","nuts":0}