{"id":"4c95597a-1efd-4484-bf33-a4ec6cb1d5c4","playerTags":["691f9ab2-9dd4-42e8-bf95-9fd01253c801"],"teamTags":["878c1bf6-0d21-4659-bfee-916c8314d69c"],"gameTags":[],"metadata":{"type":1,"after":0.909012796782468,"before":0.6329884597957858,"parent":"ba7bc59b-980b-47c6-aa22-090e739874ac"},"created":"2021-04-11T18:16:07.800Z","season":14,"tournament":-1,"type":117,"day":113,"phase":13,"category":1,"description":"Wyatt Mason IV's Pitching is Infused.","nuts":23}