{"id":"4caa3545-65be-4d5f-9750-92965d0e9c0e","playerTags":["72ca8ed5-a8c7-4571-9745-80de5a49b2d1"],"teamTags":["f02aeae2-5e6a-4098-9842-02d2273f25c7"],"gameTags":[],"metadata":{"type":0,"after":0.478568496851976,"before":0.42987526168452966,"parent":"8c2cf85d-13ef-43b1-ae80-48501ce3a655"},"created":"2021-03-14T18:01:07.464Z","season":12,"tournament":-1,"type":117,"day":115,"phase":13,"category":1,"description":"Kaj Statter Jr.'s hitting was boosted.","nuts":1}