{"id":"4d22cf9f-804f-4ea4-9557-37108739aff1","playerTags":["f968532a-bf06-478e-89e0-3856b7f4b124"],"teamTags":["105bc3ff-1320-4e37-8ef0-8d595cb95dd0"],"gameTags":[],"metadata":{"type":3,"after":0.4017557642613764,"before":0.3668013630144886,"parent":"12ffbdec-a405-4040-8537-7bf303131459"},"created":"2021-04-11T18:16:46.761Z","season":14,"tournament":-1,"type":117,"day":113,"phase":13,"category":1,"description":"Daniel Benedicte's baserunning was boosted.","nuts":1}