{"id":"4dbffd81-1df7-47ee-aa6e-5297c3d9ed47","playerTags":["a647388d-fc59-4c1b-90d3-8c1826e07775"],"teamTags":["3f8bbb15-61c0-4e3f-8e4a-907a5fb1565e"],"gameTags":[],"metadata":{"type":1,"after":0.5096482350078907,"before":0.46575731193180586,"parent":"6f679ab0-a8c4-44e4-ad78-37bf75057e40"},"created":"2021-03-14T18:01:07.563Z","season":12,"tournament":-1,"type":117,"day":115,"phase":13,"category":1,"description":"Chambers Simmons' pitching was boosted.","nuts":3}