{"id":"4de95147-b799-4583-b5d9-8bba39844cbb","playerTags":["c755efce-d04d-4e00-b5c1-d801070d3808"],"teamTags":["878c1bf6-0d21-4659-bfee-916c8314d69c"],"gameTags":[],"metadata":{"type":0,"after":0.6691677988546645,"before":0.6278612261552275,"parent":"8c2cf85d-13ef-43b1-ae80-48501ce3a655"},"created":"2021-03-14T18:01:07.462Z","season":12,"tournament":-1,"type":117,"day":115,"phase":13,"category":1,"description":"Basilio Fig's hitting was boosted.","nuts":0}