{"id":"4e789e2a-9cf6-4354-957b-92d436b1fd15","playerTags":["7541fc4b-7e6b-446a-b6a3-755de46a0018"],"teamTags":["46358869-dce9-4a01-bfba-ac24fc56f57e"],"gameTags":[],"metadata":{"type":4,"after":1.8460553156951227,"before":1.6624813294688074,"parent":"02f99c0b-234f-4c70-a6c2-3493f2f3003a"},"created":"2021-03-07T19:01:04.692Z","season":11,"tournament":-1,"type":117,"day":115,"phase":13,"category":1,"description":"Quinns Jespersen entered the Shadows.","nuts":2}