{"id":"4f3dd21c-d4c8-4ac3-b9c6-5c4640c2b45f","playerTags":["855775c1-266f-40f6-b07b-3a67ccdf8551"],"teamTags":["3f8bbb15-61c0-4e3f-8e4a-907a5fb1565e"],"gameTags":[],"metadata":{"type":2,"after":0.316107046486375,"before":0.2615874939975717,"parent":"43d15d9f-5e50-4cbf-88c3-9e82948d9b2a"},"created":"2021-03-14T18:01:07.480Z","season":12,"tournament":-1,"type":117,"day":115,"phase":13,"category":1,"description":"Nic Winkler's defense was boosted.","nuts":2}