{"id":"4fdf6934-cbf3-4bb6-b49c-47a8efe1df5d","playerTags":[],"teamTags":["9debc64f-74b7-4ae1-a4d6-fce0144b6ea5"],"gameTags":[],"metadata":{"type":2,"after":0.5463464042705883,"before":0.5412500127302401,"parent":"645acdf2-c2a7-4cb0-9e64-c72c65518b84"},"created":"2021-04-11T18:16:46.710Z","season":14,"tournament":-1,"type":117,"day":113,"phase":13,"category":1,"description":"The Spies were boosted.","nuts":2}