{"id":"4ff53370-550c-4825-ac4d-1a4066851124","playerTags":["103d788d-2c74-4edc-9299-2a1384a2776a"],"teamTags":["bb4a9de5-c924-4923-a0cb-9d1445f1ee5d"],"gameTags":[],"metadata":{"type":1,"after":0.3231495713762809,"before":0.23275792451694077,"parent":"a63dbb5e-3524-429e-9481-2fe0d899e884"},"created":"2021-04-11T18:16:46.743Z","season":14,"tournament":-1,"type":117,"day":113,"phase":13,"category":1,"description":"Kit Ratoon's pitching was boosted.","nuts":3}