{"id":"50131564-b948-4962-84f8-c2c7c8a49709","playerTags":["2d07ccd0-cac7-4ccd-bab6-a078bb983174"],"teamTags":["c73b705c-40ad-4633-a6ed-d357ee2e2bcf"],"gameTags":[],"metadata":{"type":4,"after":3.09029977707323,"before":2.040182344117469,"parent":"1d679c64-a3d8-4196-9d40-1346b25dd0d9"},"created":"2021-03-21T18:01:05.350Z","season":13,"tournament":-1,"type":117,"day":116,"phase":13,"category":1,"description":"Engine Eberhardt is Infused.","nuts":8}