{"id":"51b91b4f-42c4-47d9-9169-4b59a17aa53b","playerTags":["d51f1fe8-4ab8-411e-b836-5bba92984d32"],"teamTags":["3f8bbb15-61c0-4e3f-8e4a-907a5fb1565e"],"gameTags":[],"metadata":{"type":2,"after":0.5894251602452232,"before":0.5505316140686175,"parent":"43d15d9f-5e50-4cbf-88c3-9e82948d9b2a"},"created":"2021-03-14T18:01:07.480Z","season":12,"tournament":-1,"type":117,"day":115,"phase":13,"category":1,"description":"Hiroto Cerna's defense was boosted.","nuts":4}