{"id":"51e0cb48-a861-4a42-916d-f3e3fe66810d","playerTags":["b7267aba-6114-4d53-a519-bf6c99f4e3a9"],"teamTags":["9debc64f-74b7-4ae1-a4d6-fce0144b6ea5"],"gameTags":[],"metadata":{"type":4,"after":3.2736112328743294,"before":2.243104724133589,"parent":"b7fd0217-ca7f-439b-80c6-3eacb6c2783b"},"created":"2021-03-07T19:01:04.418Z","season":11,"tournament":-1,"type":117,"day":115,"phase":13,"category":1,"description":"Sosa Hayes is Infused.","nuts":1}