{"id":"51f2bcc3-5493-403a-94f6-79fbb1913033","playerTags":[],"teamTags":["b63be8c2-576a-4d6e-8daf-814f8bcea96f"],"gameTags":[],"metadata":{"type":1,"after":0.78258794944262,"before":0.7356489092254428,"parent":"6f679ab0-a8c4-44e4-ad78-37bf75057e40"},"created":"2021-03-14T18:01:07.562Z","season":12,"tournament":-1,"type":117,"day":115,"phase":13,"category":1,"description":"Flotation Protocols Activated for the Wild Low.","nuts":0}