{"id":"523e46ef-3c07-495d-8146-cecb33b00f4b","playerTags":["d81ce662-07b6-4a73-baa4-acbbb41f9dc5"],"teamTags":["878c1bf6-0d21-4659-bfee-916c8314d69c"],"gameTags":[],"metadata":{"type":1,"after":0.6290818961673313,"before":0.5839487908091306,"parent":"6f679ab0-a8c4-44e4-ad78-37bf75057e40"},"created":"2021-03-14T18:01:07.562Z","season":12,"tournament":-1,"type":117,"day":115,"phase":13,"category":1,"description":"Yummy Elliott's pitching was boosted.","nuts":3}