{"id":"546d3269-3e12-4775-bb96-51848ab4c86a","playerTags":["97dfc1f6-ac94-4cdc-b0d5-1cb9f8984aa5"],"teamTags":["8d87c468-699a-47a8-b40d-cfb73a5660ad"],"gameTags":[],"metadata":{"type":2,"after":0.7904095433278387,"before":0.6621575928048616,"parent":"37f42e1a-6336-4922-913b-cdce94a0321f"},"created":"2021-03-07T19:01:05.476Z","season":11,"tournament":-1,"type":117,"day":115,"phase":13,"category":1,"description":"Brock Forbes' defense was boosted.","nuts":1}