{"id":"5695ec82-f112-41ff-8328-93b7c133e51d","playerTags":["03b80a57-77ea-4913-9be4-7a85c3594745"],"teamTags":["878c1bf6-0d21-4659-bfee-916c8314d69c"],"gameTags":[],"metadata":{"type":0,"after":0.7255266559848376,"before":0.6859436850017838,"parent":"8c2cf85d-13ef-43b1-ae80-48501ce3a655"},"created":"2021-03-14T18:01:07.461Z","season":12,"tournament":-1,"type":117,"day":115,"phase":13,"category":1,"description":"Halexandrey Walton's hitting was boosted.","nuts":3}