{"id":"56d8db30-f695-4c5d-9c9d-d1eeca28f15e","playerTags":["32c9bce6-6e52-40fa-9f64-3629b3d026a8"],"teamTags":["747b8e4a-7e50-4638-a973-ea7950a3e739"],"gameTags":[],"metadata":{"type":4,"after":0.9263976929505375,"before":0.5804425265939746,"parent":"d104f955-96c6-4dab-8bc8-446f45c1b093"},"created":"2021-03-07T19:01:00.716Z","season":11,"tournament":-1,"type":117,"day":115,"phase":13,"category":1,"description":"Ren Morin Evolved to Base 1","nuts":1}