{"id":"575ad44e-d325-4c0b-9983-40c2a47eb0bb","playerTags":["d89da2d2-674c-4b85-8959-a4bd406f760a"],"teamTags":["eb67ae5e-c4bf-46ca-bbbc-425cd34182ff"],"gameTags":[],"metadata":{"type":0,"after":1.007516844686758,"before":0.9181811733523171,"parent":"ac4d14b5-1bb1-49f6-bdf5-361c955bd742"},"created":"2021-03-07T19:01:05.430Z","season":11,"tournament":-1,"type":117,"day":115,"phase":13,"category":1,"description":"Fish Summer's hitting was boosted.","nuts":0}