{"id":"57fb1800-6230-406c-9071-eab72c745d71","playerTags":["58fca5fa-e559-4f5e-ac87-dc99dd19e410"],"teamTags":["747b8e4a-7e50-4638-a973-ea7950a3e739"],"gameTags":[],"metadata":{"type":2,"after":0.5672141076623584,"before":0.5124273620603748,"parent":"f67b4930-7f2b-470d-ad98-701adb72c20b"},"created":"2021-04-11T18:16:46.597Z","season":14,"tournament":-1,"type":117,"day":113,"phase":13,"category":1,"description":"Sullivan Septemberish's defense was boosted.","nuts":4}