{"id":"580b754d-7b55-4dfe-8ca0-a61c09fe1605","playerTags":["df4da81a-917b-434f-b309-f00423ee4967"],"teamTags":["f02aeae2-5e6a-4098-9842-02d2273f25c7"],"gameTags":[],"metadata":{"type":4,"after":2.282106995857573,"before":2.1301057304990407,"parent":"0d3e1f27-d9db-4a7a-8b0f-749575e85573"},"created":"2021-03-14T18:01:06.218Z","season":12,"tournament":-1,"type":117,"day":115,"phase":13,"category":1,"description":"Eugenia Bickle entered the Shadows.","nuts":1}