{"id":"5871bf1e-cf2a-4111-b0e9-94708f8be623","playerTags":["f0bcf4bb-74b3-412e-a54c-04c12ad28ecb"],"teamTags":["f02aeae2-5e6a-4098-9842-02d2273f25c7"],"gameTags":[],"metadata":{"type":3,"after":0.8161469582756776,"before":0.7850505347744282,"parent":"7680c8c1-8203-4fa7-8093-2faca4ef4744"},"created":"2021-04-11T18:16:46.589Z","season":14,"tournament":-1,"type":117,"day":113,"phase":13,"category":1,"description":"Hahn Fox's baserunning was boosted.","nuts":7}