{"id":"58f45d8c-3e98-4c0e-9be5-7dc54c53d514","playerTags":["503a235f-9fa6-41b5-8514-9475c944273f"],"teamTags":["9debc64f-74b7-4ae1-a4d6-fce0144b6ea5"],"gameTags":[],"metadata":{"type":0,"after":0.8660736483889963,"before":0.8282001887323908,"parent":"8c2cf85d-13ef-43b1-ae80-48501ce3a655"},"created":"2021-03-14T18:01:07.465Z","season":12,"tournament":-1,"type":117,"day":115,"phase":13,"category":1,"description":"Reese Clark's hitting was boosted.","nuts":2}