{"id":"59355b33-f2df-4a08-85da-37a9f033252b","playerTags":["9e75ff7c-fe9b-428b-a1b6-f9e6a1748c86"],"teamTags":["46358869-dce9-4a01-bfba-ac24fc56f57e"],"gameTags":[],"metadata":{"type":0,"after":0.4534281255362519,"before":0.34650401366054073,"parent":"e2bcb905-7b24-4c63-920a-ca79128bf390"},"created":"2021-04-11T18:16:46.692Z","season":14,"tournament":-1,"type":117,"day":113,"phase":13,"category":1,"description":"Kofi Gildehaus' hitting was boosted.","nuts":0}