{"id":"5959591b-a6b8-4c0e-a590-f1ad463b7c8a","playerTags":["8cd06abf-be10-4a35-a3ab-1a408a329147"],"teamTags":["3f8bbb15-61c0-4e3f-8e4a-907a5fb1565e"],"gameTags":[],"metadata":{"type":2,"after":0.6536353070223314,"before":0.6127779793732133,"parent":"43d15d9f-5e50-4cbf-88c3-9e82948d9b2a"},"created":"2021-03-14T18:01:07.480Z","season":12,"tournament":-1,"type":117,"day":115,"phase":13,"category":1,"description":"Gloria Bugsnax's defense was boosted.","nuts":1}