{"id":"59ec3964-c36d-4ecc-b93e-f259b22627e9","playerTags":["df34d168-4d6a-403c-aca5-2b1ebe90444d"],"teamTags":["747b8e4a-7e50-4638-a973-ea7950a3e739"],"gameTags":[],"metadata":{"type":2,"after":0.6336311686241297,"before":0.605280856843807,"parent":"f67b4930-7f2b-470d-ad98-701adb72c20b"},"created":"2021-04-11T18:16:46.596Z","season":14,"tournament":-1,"type":117,"day":113,"phase":13,"category":1,"description":"Doc Cash's defense was boosted.","nuts":2}