{"id":"5a58e0ec-212f-40bc-9ded-ea163c4a512a","playerTags":["46721a07-7cd2-4839-982e-7046df6e8b66"],"teamTags":["9debc64f-74b7-4ae1-a4d6-fce0144b6ea5"],"gameTags":[],"metadata":{"type":2,"after":0.21831466954835002,"before":0.18587016710124418,"parent":"645acdf2-c2a7-4cb0-9e64-c72c65518b84"},"created":"2021-04-11T18:16:46.711Z","season":14,"tournament":-1,"type":117,"day":113,"phase":13,"category":1,"description":"Stew Briggs' defense was boosted.","nuts":1}