{"id":"5a834624-8b5e-4aaa-aa4b-ec630076fa47","playerTags":["1301ee81-406e-43d9-b2bb-55ca6e0f7765"],"teamTags":["105bc3ff-1320-4e37-8ef0-8d595cb95dd0"],"gameTags":[],"metadata":{"type":4,"after":2.976102810403877,"before":1.9443170675044446,"parent":"4089fc52-73eb-4714-8f28-883227922eb0"},"created":"2021-03-21T18:01:05.867Z","season":13,"tournament":-1,"type":117,"day":116,"phase":13,"category":1,"description":"Malik Destiny is Infused.","nuts":13}