{"id":"5b2591a2-8af3-4290-a10d-8e786970534b","playerTags":["285ce77d-e5cd-4daa-9784-801347140d48"],"teamTags":["9debc64f-74b7-4ae1-a4d6-fce0144b6ea5"],"gameTags":[],"metadata":{"type":3,"after":0.5322017004839271,"before":0.4930466375892178,"parent":"0afadc76-bd72-4a6b-94b2-4f8aa539e80d"},"created":"2021-03-14T18:01:07.538Z","season":12,"tournament":-1,"type":117,"day":115,"phase":13,"category":1,"description":"Son Scotch's baserunning was boosted.","nuts":0}