{"id":"5b71c7f0-9548-4ec4-8ebc-179d6976a6d3","playerTags":["2d95d41c-ff54-4fa1-89a0-76b84dd8fe2b"],"teamTags":["105bc3ff-1320-4e37-8ef0-8d595cb95dd0"],"gameTags":[],"metadata":{"type":3,"after":0.30903885093994604,"before":0.1852717967858252,"parent":"12ffbdec-a405-4040-8537-7bf303131459"},"created":"2021-04-11T18:16:46.760Z","season":14,"tournament":-1,"type":117,"day":113,"phase":13,"category":1,"description":"Emblem Warhorse's baserunning was boosted.","nuts":2}