{"id":"5baddcc7-f705-43a9-9052-ae8c451be619","playerTags":["2e13249e-38ff-46a2-a55e-d15fa692468a"],"teamTags":["878c1bf6-0d21-4659-bfee-916c8314d69c"],"gameTags":[],"metadata":{"type":3,"after":0.7225178076029204,"before":0.5555960254575014,"parent":"40bd388c-a354-4b22-b324-91bc30dc499c"},"created":"2021-03-07T19:01:05.461Z","season":11,"tournament":-1,"type":117,"day":115,"phase":13,"category":1,"description":"Vito Kravitz's baserunning was boosted.","nuts":0}