{"id":"5bbcaa2c-3f24-4ac1-868c-7fa44bc62b81","playerTags":["d8ee256f-e3d0-46cb-8c77-b1f88d8c9df9"],"teamTags":["9debc64f-74b7-4ae1-a4d6-fce0144b6ea5"],"gameTags":[],"metadata":{"type":2,"after":0.4972278234993749,"before":0.45272990609076086,"parent":"43d15d9f-5e50-4cbf-88c3-9e82948d9b2a"},"created":"2021-03-14T18:01:07.482Z","season":12,"tournament":-1,"type":117,"day":115,"phase":13,"category":1,"description":"Comfort Septemberish's defense was boosted.","nuts":1}