{"id":"5c28be88-c243-4ebd-8f86-8ca233dfb5c4","playerTags":["8903a74f-f322-41d2-bd75-dbf7563c4abb"],"teamTags":["b63be8c2-576a-4d6e-8daf-814f8bcea96f"],"gameTags":[],"metadata":{"type":3,"after":0.7958595979788853,"before":0.7584292481050231,"parent":"0afadc76-bd72-4a6b-94b2-4f8aa539e80d"},"created":"2021-03-14T18:01:07.536Z","season":12,"tournament":-1,"type":117,"day":115,"phase":13,"category":1,"description":"Francisca Sasquatch's baserunning was boosted.","nuts":0}