{"id":"5cf6216d-7a3a-4729-b230-a7c98c875296","playerTags":["1f159bab-923a-4811-b6fa-02bfde50925a"],"teamTags":["bb4a9de5-c924-4923-a0cb-9d1445f1ee5d"],"gameTags":[],"metadata":{"type":2,"after":0.1454648053641142,"before":0.015599026261630386,"parent":"43d15d9f-5e50-4cbf-88c3-9e82948d9b2a"},"created":"2021-03-14T18:01:07.484Z","season":12,"tournament":-1,"type":117,"day":115,"phase":13,"category":1,"description":"NaN's defense was boosted.","nuts":2}