{"id":"5d92b0df-20f7-4719-9f66-b4f8b08256e0","playerTags":["889c9ef9-d521-4436-b41c-9021b81b4dfb"],"teamTags":["b63be8c2-576a-4d6e-8daf-814f8bcea96f"],"gameTags":[],"metadata":{"type":1,"after":0.7603939222996922,"before":0.7151393833005265,"parent":"6f679ab0-a8c4-44e4-ad78-37bf75057e40"},"created":"2021-03-14T18:01:07.562Z","season":12,"tournament":-1,"type":117,"day":115,"phase":13,"category":1,"description":"Liam Snail's pitching was boosted.","nuts":0}