{"id":"5e48cc84-f1bf-4669-b162-f598931a349d","playerTags":["72ca8ed5-a8c7-4571-9745-80de5a49b2d1"],"teamTags":["f02aeae2-5e6a-4098-9842-02d2273f25c7"],"gameTags":[],"metadata":{"type":2,"after":0.4933831463568481,"before":0.449191604481857,"parent":"43d15d9f-5e50-4cbf-88c3-9e82948d9b2a"},"created":"2021-03-14T18:01:07.481Z","season":12,"tournament":-1,"type":117,"day":115,"phase":13,"category":1,"description":"Kaj Statter Jr.'s defense was boosted.","nuts":2}