{"id":"5e551e0e-da29-425b-ac91-75664fa190a1","playerTags":["2b5f5dd7-e31f-4829-bec5-546652103bc0"],"teamTags":["f02aeae2-5e6a-4098-9842-02d2273f25c7"],"gameTags":[],"metadata":{"type":3,"after":0.6727892989770402,"before":0.633886224277226,"parent":"0afadc76-bd72-4a6b-94b2-4f8aa539e80d"},"created":"2021-03-14T18:01:07.537Z","season":12,"tournament":-1,"type":117,"day":115,"phase":13,"category":1,"description":"Dudley Mueller's baserunning was boosted.","nuts":5}