{"id":"5edfe609-13a5-48e3-8a97-f3185bc3b417","playerTags":[],"teamTags":["bb4a9de5-c924-4923-a0cb-9d1445f1ee5d"],"gameTags":[],"metadata":{"type":1,"after":0.4827217834197755,"before":0.4270213246883359,"parent":"6f679ab0-a8c4-44e4-ad78-37bf75057e40"},"created":"2021-03-14T18:01:07.564Z","season":12,"tournament":-1,"type":117,"day":115,"phase":13,"category":1,"description":"Flotation Protocols Activated for the Wild Low.","nuts":0}