{"id":"5f768ae6-95a0-49cb-a2dc-1c6a5f492489","playerTags":["32551e28-3a40-47ae-aed1-ff5bc66be879"],"teamTags":["9debc64f-74b7-4ae1-a4d6-fce0144b6ea5"],"gameTags":[],"metadata":{"type":0,"after":0.9818835565667251,"before":0.9438918726491798,"parent":"8c2cf85d-13ef-43b1-ae80-48501ce3a655"},"created":"2021-03-14T18:01:07.465Z","season":12,"tournament":-1,"type":117,"day":115,"phase":13,"category":1,"description":"Math Velazquez's hitting was boosted.","nuts":4}