{"id":"5fb208ae-3737-46d4-8329-ab52d8279474","playerTags":["20fd71e7-4fa0-4132-9f47-06a314ed539a"],"teamTags":["f02aeae2-5e6a-4098-9842-02d2273f25c7"],"gameTags":[],"metadata":{"type":2,"after":0.906568542285871,"before":0.8747854821520299,"parent":"43d15d9f-5e50-4cbf-88c3-9e82948d9b2a"},"created":"2021-03-14T18:01:07.482Z","season":12,"tournament":-1,"type":117,"day":115,"phase":13,"category":1,"description":"Lars Taylor's defense was boosted.","nuts":0}