{"id":"6018a3b4-3e55-476b-9fe5-2ed78d90b276","playerTags":["32c9bce6-6e52-40fa-9f64-3629b3d026a8"],"teamTags":["747b8e4a-7e50-4638-a973-ea7950a3e739"],"gameTags":[],"metadata":{"type":4,"after":1.1560210780583293,"before":0.9263976929505375,"parent":"87a300be-95fc-43e4-8856-18022640d543"},"created":"2021-03-07T19:01:04.166Z","season":11,"tournament":-1,"type":117,"day":115,"phase":13,"category":1,"description":"Ren Morin entered the Shadows.","nuts":0}