{"id":"61857f5b-e4e7-4f7e-9ab7-c5108461d0e8","playerTags":["7dca7137-b872-46f5-8e59-8c9c996e9d22"],"teamTags":["9debc64f-74b7-4ae1-a4d6-fce0144b6ea5"],"gameTags":[],"metadata":{"type":1,"after":0.642029526912903,"before":0.5955167699028003,"parent":"6f679ab0-a8c4-44e4-ad78-37bf75057e40"},"created":"2021-03-14T18:01:07.563Z","season":12,"tournament":-1,"type":117,"day":115,"phase":13,"category":1,"description":"Emmett Tabby's pitching was boosted.","nuts":0}