{"id":"62c207c7-a40a-4673-a96f-acf0e5c04345","playerTags":["f56657d3-3bdc-4840-a20c-91aca9cc360e"],"teamTags":["9debc64f-74b7-4ae1-a4d6-fce0144b6ea5"],"gameTags":[],"metadata":{"type":0,"after":0.6542017622950245,"before":0.6099438551053786,"parent":"8c2cf85d-13ef-43b1-ae80-48501ce3a655"},"created":"2021-03-14T18:01:07.465Z","season":12,"tournament":-1,"type":117,"day":115,"phase":13,"category":1,"description":"Malik Romayne's hitting was boosted.","nuts":1}