{"id":"62d5abfa-2d7a-4928-a8d0-37634c99c882","playerTags":["25581c43-f8da-4657-9e96-e704df0a8878"],"teamTags":["105bc3ff-1320-4e37-8ef0-8d595cb95dd0"],"gameTags":[],"metadata":{"type":3,"after":0.27238551216147644,"before":0.1436668328954627,"parent":"12ffbdec-a405-4040-8537-7bf303131459"},"created":"2021-04-11T18:16:46.760Z","season":14,"tournament":-1,"type":117,"day":113,"phase":13,"category":1,"description":"Freemium Fairwood's baserunning was boosted.","nuts":2}