{"id":"63c079cf-2ad7-499f-b6bc-61e704ea2cbe","playerTags":["c6a19154-7438-4c4f-b786-2dfaf5951f0f"],"teamTags":["8d87c468-699a-47a8-b40d-cfb73a5660ad"],"gameTags":[],"metadata":{"type":2,"after":0.7276662503220103,"before":0.5984828256952641,"parent":"37f42e1a-6336-4922-913b-cdce94a0321f"},"created":"2021-03-07T19:01:05.476Z","season":11,"tournament":-1,"type":117,"day":115,"phase":13,"category":1,"description":"Silvaire Roadhouse's defense was boosted.","nuts":0}