{"id":"64078426-1cfd-4914-ac75-69cc5d1f4583","playerTags":["26503f2c-631a-45ba-905e-aa14471c8b8e"],"teamTags":["bb4a9de5-c924-4923-a0cb-9d1445f1ee5d"],"gameTags":[],"metadata":{"type":1,"after":0.1572455513875106,"before":0.08601665923887711,"parent":"a63dbb5e-3524-429e-9481-2fe0d899e884"},"created":"2021-04-11T18:16:46.743Z","season":14,"tournament":-1,"type":117,"day":113,"phase":13,"category":1,"description":"Nyx Snapjaw's pitching was boosted.","nuts":3}