{"id":"644ac5e7-69c5-4dcb-878c-d5cdc7e34f44","playerTags":["5703141c-25d9-46d0-b680-0cf9cfbf4777"],"teamTags":["f02aeae2-5e6a-4098-9842-02d2273f25c7"],"gameTags":[],"metadata":{"type":2,"after":0.8117830441154189,"before":0.7794872601935736,"parent":"43d15d9f-5e50-4cbf-88c3-9e82948d9b2a"},"created":"2021-03-14T18:01:07.482Z","season":12,"tournament":-1,"type":117,"day":115,"phase":13,"category":1,"description":"Sandoval Crossing's defense was boosted.","nuts":1}