{"id":"649b93ff-f1d6-4196-abdd-2113a4e36a1b","playerTags":["3e008f60-6842-42e7-b125-b88c7e5c1a95"],"teamTags":["3f8bbb15-61c0-4e3f-8e4a-907a5fb1565e"],"gameTags":[],"metadata":{"type":4,"after":2.2532932082141954,"before":2.1356550801442955,"parent":"f11c02fa-4992-4c15-9a5c-157cd16ac63d"},"created":"2021-03-14T18:01:06.197Z","season":12,"tournament":-1,"type":117,"day":115,"phase":13,"category":1,"description":"Zeboriah Wilson entered the Shadows.","nuts":1}