{"id":"64dc6914-37b3-4c56-a002-d33ab4f73652","playerTags":["20fd71e7-4fa0-4132-9f47-06a314ed539a"],"teamTags":["f02aeae2-5e6a-4098-9842-02d2273f25c7"],"gameTags":[],"metadata":{"type":1,"after":0.35324118427507617,"before":0.3096853195559975,"parent":"6f679ab0-a8c4-44e4-ad78-37bf75057e40"},"created":"2021-03-14T18:01:07.563Z","season":12,"tournament":-1,"type":117,"day":115,"phase":13,"category":1,"description":"Lars Taylor's pitching was boosted.","nuts":1}