{"id":"655839ac-50f9-4659-b2bb-a664851867ee","playerTags":["80de2b05-e0d4-4d33-9297-9951b2b5c950"],"teamTags":["979aee4a-6d80-4863-bf1c-ee1a78e06024"],"gameTags":[],"metadata":{"type":4,"after":3.13986086889917,"before":2.1883176253385055,"parent":"7fdf826b-7258-4d2f-a283-97882aeb2c75"},"created":"2021-03-07T19:01:04.274Z","season":11,"tournament":-1,"type":117,"day":115,"phase":13,"category":1,"description":"Alyssa Harrell is Infused.","nuts":1}