{"id":"676fbb87-4572-49c7-8991-3bd278ca0b35","playerTags":["c755efce-d04d-4e00-b5c1-d801070d3808"],"teamTags":["878c1bf6-0d21-4659-bfee-916c8314d69c"],"gameTags":[],"metadata":{"type":2,"after":0.5940456106329471,"before":0.5532309368487652,"parent":"43d15d9f-5e50-4cbf-88c3-9e82948d9b2a"},"created":"2021-03-14T18:01:07.478Z","season":12,"tournament":-1,"type":117,"day":115,"phase":13,"category":1,"description":"Basilio Fig's defense was boosted.","nuts":0}