{"id":"67b607cc-2cff-4874-975d-c6d250a170b5","playerTags":["2e13249e-38ff-46a2-a55e-d15fa692468a"],"teamTags":["878c1bf6-0d21-4659-bfee-916c8314d69c"],"gameTags":[],"metadata":{"type":4,"after":2.6630067605387757,"before":2.509403481281548,"parent":"c8f20258-8059-4e97-9b69-bc59e85a5c18"},"created":"2021-03-14T18:01:05.773Z","season":12,"tournament":-1,"type":117,"day":115,"phase":13,"category":1,"description":"Vito Kravitz entered the Shadows.","nuts":0}