{"id":"6836f0fd-2695-4fd2-8833-09a015c2d28b","playerTags":["69196296-f652-42ff-b2ca-0d9b50bd9b7b"],"teamTags":["ca3f1c8c-c025-4d8e-8eef-5be6accbeb16"],"gameTags":[],"metadata":{"type":4,"after":2.6118449701950963,"before":1.652829685656214,"parent":"078c76c5-737f-47de-84cb-7abb7891b62c"},"created":"2021-03-07T19:01:04.374Z","season":11,"tournament":-1,"type":117,"day":115,"phase":13,"category":1,"description":"Joshua Butt is Infused.","nuts":4}