{"id":"68401ebf-c3d8-41f3-9559-94e3603b337a","playerTags":["fcb08e4f-df3a-446c-ab50-58a496ac5f3f"],"teamTags":["9debc64f-74b7-4ae1-a4d6-fce0144b6ea5"],"gameTags":[],"metadata":{"type":2,"after":0.5808502362059706,"before":0.5571294075691822,"parent":"645acdf2-c2a7-4cb0-9e64-c72c65518b84"},"created":"2021-04-11T18:16:46.711Z","season":14,"tournament":-1,"type":117,"day":113,"phase":13,"category":1,"description":"Bennett Bluesky's defense was boosted.","nuts":3}