{"id":"68cca919-6d0a-4460-86a9-904e6308edfe","playerTags":[],"teamTags":["878c1bf6-0d21-4659-bfee-916c8314d69c"],"gameTags":[],"metadata":{"type":3,"after":0.6679760385313456,"before":0.4893029593943942,"parent":"40bd388c-a354-4b22-b324-91bc30dc499c"},"created":"2021-03-07T19:01:05.461Z","season":11,"tournament":-1,"type":117,"day":115,"phase":13,"category":1,"description":"The Tacos' baserunning was boosted.","nuts":0}