{"id":"68dfa236-f3ab-4e68-a43f-a116647ceab2","playerTags":["d0d7b8fe-bad8-481f-978e-cb659304ed49"],"teamTags":["8d87c468-699a-47a8-b40d-cfb73a5660ad"],"gameTags":[],"metadata":{"type":2,"after":0.7292509330126258,"before":0.5839514252665515,"parent":"37f42e1a-6336-4922-913b-cdce94a0321f"},"created":"2021-03-07T19:01:05.476Z","season":11,"tournament":-1,"type":117,"day":115,"phase":13,"category":1,"description":"Adalberto Tosser's defense was boosted.","nuts":2}