{"id":"68e26774-e8ec-4a6f-9bf0-3c7b6e481e03","playerTags":["c182f33c-aea5-48a2-97ed-dc74fa29b3c0"],"teamTags":["ca3f1c8c-c025-4d8e-8eef-5be6accbeb16"],"gameTags":[],"metadata":{"type":4,"after":2.929956599337734,"before":2.1650085478608236,"parent":"7d474438-2b8e-418e-8b9b-947823f61890"},"created":"2021-03-21T18:01:05.650Z","season":13,"tournament":-1,"type":117,"day":116,"phase":13,"category":1,"description":"Swamuel Mora is Infused.","nuts":16}