{"id":"6905708e-ef4e-48ec-8f50-b345f2340943","playerTags":[],"teamTags":["eb67ae5e-c4bf-46ca-bbbc-425cd34182ff"],"gameTags":[],"metadata":{"type":0,"after":0.8221058217695177,"before":0.7198675135259502,"parent":"ac4d14b5-1bb1-49f6-bdf5-361c955bd742"},"created":"2021-03-07T19:01:05.430Z","season":11,"tournament":-1,"type":117,"day":115,"phase":13,"category":1,"description":"The Moist Talkers' hitting was boosted.","nuts":0}