{"id":"69d8a86d-aa4a-44f5-ab85-6690aa8393a4","playerTags":["32c9bce6-6e52-40fa-9f64-3629b3d026a8"],"teamTags":["747b8e4a-7e50-4638-a973-ea7950a3e739"],"gameTags":[],"metadata":{"type":2,"after":0.3504614350279716,"before":0.25815483225239155,"parent":"f67b4930-7f2b-470d-ad98-701adb72c20b"},"created":"2021-04-11T18:16:46.596Z","season":14,"tournament":-1,"type":117,"day":113,"phase":13,"category":1,"description":"Ren Morin's defense was boosted.","nuts":2}