{"id":"6a15d2dc-b976-4a7c-abe2-597aec79eeaf","playerTags":["0813d43c-b938-49da-acef-65b73f27b099"],"teamTags":["bb4a9de5-c924-4923-a0cb-9d1445f1ee5d"],"gameTags":[],"metadata":{"type":2,"after":0.6297493807566595,"before":0.5889300450035748,"parent":"43d15d9f-5e50-4cbf-88c3-9e82948d9b2a"},"created":"2021-03-14T18:01:07.484Z","season":12,"tournament":-1,"type":117,"day":115,"phase":13,"category":1,"description":"Scratch Deleuze's defense was boosted.","nuts":3}