{"id":"6a5ff612-4de4-4eae-bfc6-83fc73edf103","playerTags":["4f69e8c2-b2a1-4e98-996a-ccf35ac844c5"],"teamTags":["f02aeae2-5e6a-4098-9842-02d2273f25c7"],"gameTags":[],"metadata":{"type":3,"after":0.3614828427726297,"before":0.33158494167877545,"parent":"7680c8c1-8203-4fa7-8093-2faca4ef4744"},"created":"2021-04-11T18:16:46.589Z","season":14,"tournament":-1,"type":117,"day":113,"phase":13,"category":1,"description":"Igneus Delacruz's baserunning was boosted.","nuts":6}