{"id":"6beaa36c-4591-405b-a4c6-dab1b424e5eb","playerTags":["9be56060-3b01-47aa-a090-d072ef109fbf"],"teamTags":["eb67ae5e-c4bf-46ca-bbbc-425cd34182ff"],"gameTags":[],"metadata":{"type":0,"after":0.6369494158599752,"before":0.5336315975866951,"parent":"ac4d14b5-1bb1-49f6-bdf5-361c955bd742"},"created":"2021-03-07T19:01:05.429Z","season":11,"tournament":-1,"type":117,"day":115,"phase":13,"category":1,"description":"Jesús Koch's hitting was boosted.","nuts":2}