{"id":"6ca1661b-aa12-47c1-9414-bf031deb10bc","playerTags":["a199a681-decf-4433-b6ab-5454450bbe5e"],"teamTags":["adc5b394-8f76-416d-9ce9-813706877b84"],"gameTags":[],"metadata":{"type":1,"after":0.9205618484258647,"before":0.6963061780388613,"parent":"de0ea868-1523-4d57-a72a-a07306cf247d"},"created":"2021-04-11T18:16:07.845Z","season":14,"tournament":-1,"type":117,"day":113,"phase":13,"category":1,"description":"Leach Ingram's Pitching is Infused.","nuts":14}