{"id":"6ce6ed78-4fed-45f9-8edd-d3b5215b7fa6","playerTags":["06ced607-7f96-41e7-a8cd-b501d11d1a7e"],"teamTags":["9debc64f-74b7-4ae1-a4d6-fce0144b6ea5"],"gameTags":[],"metadata":{"type":2,"after":0.5971459478814005,"before":0.4906374491597631,"parent":"43d15d9f-5e50-4cbf-88c3-9e82948d9b2a"},"created":"2021-03-14T18:01:07.483Z","season":12,"tournament":-1,"type":117,"day":115,"phase":13,"category":1,"description":"Morrow Wilson's defense was boosted.","nuts":0}