{"id":"6dfe9e5f-139b-498e-a87f-d2938d82c66f","playerTags":["77a41c29-8abd-4456-b6e0-a034252700d2"],"teamTags":["747b8e4a-7e50-4638-a973-ea7950a3e739"],"gameTags":[],"metadata":{"type":2,"after":0.5116468947316004,"before":0.45203715144164014,"parent":"f67b4930-7f2b-470d-ad98-701adb72c20b"},"created":"2021-04-11T18:16:46.597Z","season":14,"tournament":-1,"type":117,"day":113,"phase":13,"category":1,"description":"Elip Dean's defense was boosted.","nuts":3}