{"id":"6eba6068-1686-4a27-9131-33d8fe84d6b7","playerTags":["12577256-bc4e-4955-81d6-b422d895fb12"],"teamTags":["b63be8c2-576a-4d6e-8daf-814f8bcea96f"],"gameTags":[],"metadata":{"type":2,"after":0.6109036149005964,"before":0.5678837787385093,"parent":"43d15d9f-5e50-4cbf-88c3-9e82948d9b2a"},"created":"2021-03-14T18:01:07.479Z","season":12,"tournament":-1,"type":117,"day":115,"phase":13,"category":1,"description":"Jasmine Washington's defense was boosted.","nuts":0}