{"id":"6ebf4d8c-bc08-4c5c-b4c6-e2f1991c12b4","playerTags":["0cc5bd39-e90d-42f9-9dd8-7e703f316436"],"teamTags":["b63be8c2-576a-4d6e-8daf-814f8bcea96f"],"gameTags":[],"metadata":{"type":2,"after":0.3771625577763433,"before":0.26130220949772054,"parent":"43d15d9f-5e50-4cbf-88c3-9e82948d9b2a"},"created":"2021-03-14T18:01:07.479Z","season":12,"tournament":-1,"type":117,"day":115,"phase":13,"category":1,"description":"Don Elliott's defense was boosted.","nuts":0}