{"id":"6ee6ef81-e82d-4646-8ea9-a5a401aef2aa","playerTags":["061b209a-9cda-44e8-88ce-6a4a37251970"],"teamTags":["105bc3ff-1320-4e37-8ef0-8d595cb95dd0"],"gameTags":[],"metadata":{"type":3,"after":0.5574555774424027,"before":0.4668724616339532,"parent":"12ffbdec-a405-4040-8537-7bf303131459"},"created":"2021-04-11T18:16:46.760Z","season":14,"tournament":-1,"type":117,"day":113,"phase":13,"category":1,"description":"Mcdowell Karim's baserunning was boosted.","nuts":1}