{"id":"6f013c18-a0c6-49cf-b6f4-0b9bfe58b6a2","playerTags":["d47dd08e-833c-4302-a965-a391d345455c"],"teamTags":["bfd38797-8404-4b38-8b82-341da28b1f83"],"gameTags":[],"metadata":{"type":4,"after":2.6653999780852966,"before":1.8020312376697045,"parent":"4fd06cd6-ba5c-482f-bace-223c69552421"},"created":"2021-03-14T18:01:06.308Z","season":12,"tournament":-1,"type":117,"day":115,"phase":13,"category":1,"description":"Stu Trololol is Infused.","nuts":2}