{"id":"6f4a09b3-bd01-4394-8b58-0faa5dcd5d51","playerTags":["7158d158-e7bf-4e9b-9259-62e5b25e3de8"],"teamTags":["9debc64f-74b7-4ae1-a4d6-fce0144b6ea5"],"gameTags":[],"metadata":{"type":1,"after":0.3116694365520373,"before":0.25502909548950675,"parent":"6f679ab0-a8c4-44e4-ad78-37bf75057e40"},"created":"2021-03-14T18:01:07.564Z","season":12,"tournament":-1,"type":117,"day":115,"phase":13,"category":1,"description":"Karato Bean's pitching was boosted.","nuts":0}