{"id":"6fe5aff4-5663-400a-962f-096400b8c97a","playerTags":["7dcf6902-632f-48c5-936a-7cf88802b93a"],"teamTags":["8d87c468-699a-47a8-b40d-cfb73a5660ad"],"gameTags":[],"metadata":{"type":2,"after":0.7305167308194588,"before":0.5642539794383394,"parent":"37f42e1a-6336-4922-913b-cdce94a0321f"},"created":"2021-03-07T19:01:05.476Z","season":11,"tournament":-1,"type":117,"day":115,"phase":13,"category":1,"description":"Parker Parra's defense was boosted.","nuts":0}