{"id":"701c06c5-2ce5-4651-a42a-0deb08586273","playerTags":["8acc97fa-4bf1-49f6-bb93-fb52513a015b"],"teamTags":["3f8bbb15-61c0-4e3f-8e4a-907a5fb1565e"],"gameTags":[],"metadata":{"type":2,"after":0.6025187670515002,"before":0.5614323510938921,"parent":"43d15d9f-5e50-4cbf-88c3-9e82948d9b2a"},"created":"2021-03-14T18:01:07.480Z","season":12,"tournament":-1,"type":117,"day":115,"phase":13,"category":1,"description":"Zesty Yaboi's defense was boosted.","nuts":1}