{"id":"706c0a65-6039-4075-9953-55107adad1db","playerTags":["5e4dfa16-f1b9-400f-b8ef-a1613c2b026a"],"teamTags":["bfd38797-8404-4b38-8b82-341da28b1f83"],"gameTags":[],"metadata":{"type":1,"after":0.8227503969323298,"before":0.5721163211917856,"parent":"cf658c2a-c3a9-43cd-a90d-fd2db3cb4517"},"created":"2021-04-11T18:16:08.307Z","season":14,"tournament":-1,"type":117,"day":113,"phase":13,"category":1,"description":"Snyder Briggs' Pitching is Infused.","nuts":7}