{"id":"70a3be15-40b2-4a92-a448-397b3f88a414","playerTags":["df4da81a-917b-434f-b309-f00423ee4967"],"teamTags":["f02aeae2-5e6a-4098-9842-02d2273f25c7"],"gameTags":[],"metadata":{"type":3,"after":0.41222927598272785,"before":0.3816866272500171,"parent":"7680c8c1-8203-4fa7-8093-2faca4ef4744"},"created":"2021-04-11T18:16:46.589Z","season":14,"tournament":-1,"type":117,"day":113,"phase":13,"category":1,"description":"Eugenia Bickle's baserunning was boosted.","nuts":5}