{"id":"71b23430-07da-49c3-ba9b-5e04115256cc","playerTags":["e6502bc7-5b76-4939-9fb8-132057390b30"],"teamTags":["eb67ae5e-c4bf-46ca-bbbc-425cd34182ff"],"gameTags":[],"metadata":{"type":4,"after":3.17881373258654,"before":2.303358701474224,"parent":"e9736da6-6cf4-48dd-b97e-897b26d306b8"},"created":"2021-03-07T19:01:04.353Z","season":11,"tournament":-1,"type":117,"day":115,"phase":13,"category":1,"description":"Greer Lott is Infused.","nuts":9}