{"id":"71c52080-bc90-426d-a8f1-76dadaa10a94","playerTags":[],"teamTags":["46358869-dce9-4a01-bfba-ac24fc56f57e"],"gameTags":[],"metadata":{"type":1,"after":0.637508157199472,"before":0.6288618048222254,"parent":"965c2afd-a17e-41e3-bb71-89c7c979da25"},"created":"2021-04-11T18:16:46.671Z","season":14,"tournament":-1,"type":117,"day":113,"phase":13,"category":1,"description":"The Mechanics were boosted.","nuts":1}