{"id":"720ddf86-4c53-4339-8761-f76dca3680a2","playerTags":["889c9ef9-d521-4436-b41c-9021b81b4dfb"],"teamTags":["b63be8c2-576a-4d6e-8daf-814f8bcea96f"],"gameTags":[],"metadata":{"type":2,"after":0.620091020189312,"before":0.5672575690496063,"parent":"43d15d9f-5e50-4cbf-88c3-9e82948d9b2a"},"created":"2021-03-14T18:01:07.480Z","season":12,"tournament":-1,"type":117,"day":115,"phase":13,"category":1,"description":"Liam Snail's defense was boosted.","nuts":0}