{"id":"72cd49cb-1d65-4961-9851-eae4871295e9","playerTags":["d8ee256f-e3d0-46cb-8c77-b1f88d8c9df9"],"teamTags":["9debc64f-74b7-4ae1-a4d6-fce0144b6ea5"],"gameTags":[],"metadata":{"type":3,"after":0.9866396623975519,"before":0.9498507425900843,"parent":"0afadc76-bd72-4a6b-94b2-4f8aa539e80d"},"created":"2021-03-14T18:01:07.538Z","season":12,"tournament":-1,"type":117,"day":115,"phase":13,"category":1,"description":"Comfort Septemberish's baserunning was boosted.","nuts":1}