{"id":"7331b74e-7c89-4fba-873b-5cd33a4fef5d","playerTags":["80de2b05-e0d4-4d33-9297-9951b2b5c950"],"teamTags":["979aee4a-6d80-4863-bf1c-ee1a78e06024"],"gameTags":[],"metadata":{"type":4,"after":3.9902619806043043,"before":3.13986086889917,"parent":"16c2bd29-29cd-4f06-9161-7268e320c72a"},"created":"2021-03-14T18:01:05.920Z","season":12,"tournament":-1,"type":117,"day":115,"phase":13,"category":1,"description":"Alyssa Harrell is Infused.","nuts":2}