{"id":"73e1eac8-ea89-4ddb-abfa-e357153908f0","playerTags":["c09e64b6-8248-407e-b3af-1931b880dbee"],"teamTags":["3f8bbb15-61c0-4e3f-8e4a-907a5fb1565e"],"gameTags":[],"metadata":{"type":2,"after":0.905407668793615,"before":0.875678994128782,"parent":"43d15d9f-5e50-4cbf-88c3-9e82948d9b2a"},"created":"2021-03-14T18:01:07.480Z","season":12,"tournament":-1,"type":117,"day":115,"phase":13,"category":1,"description":"Lenny Spruce's defense was boosted.","nuts":1}