{"id":"73f613dc-800d-4da7-ad78-ade4aa738012","playerTags":["e111a46d-5ada-4311-ac4f-175cca3357da"],"teamTags":["9debc64f-74b7-4ae1-a4d6-fce0144b6ea5"],"gameTags":[],"metadata":{"type":2,"after":0.36498325428042944,"before":0.30559738170092066,"parent":"43d15d9f-5e50-4cbf-88c3-9e82948d9b2a"},"created":"2021-03-14T18:01:07.483Z","season":12,"tournament":-1,"type":117,"day":115,"phase":13,"category":1,"description":"Alexandria Rosales' defense was boosted.","nuts":2}