{"id":"745d29d3-f8a3-4642-8283-ea0bb4cb5e8f","playerTags":["d2d76815-cbdc-4c4b-9c9e-32ebf2297cc7"],"teamTags":["9debc64f-74b7-4ae1-a4d6-fce0144b6ea5"],"gameTags":[],"metadata":{"type":3,"after":0.40066549387228845,"before":0.3593962191197118,"parent":"0afadc76-bd72-4a6b-94b2-4f8aa539e80d"},"created":"2021-03-14T18:01:07.537Z","season":12,"tournament":-1,"type":117,"day":115,"phase":13,"category":1,"description":"Denzel Scott's baserunning was boosted.","nuts":1}