{"id":"752109c7-8d47-49f9-9ab5-ae9b923602d6","playerTags":["32551e28-3a40-47ae-aed1-ff5bc66be879"],"teamTags":["9debc64f-74b7-4ae1-a4d6-fce0144b6ea5"],"gameTags":[],"metadata":{"type":2,"after":0.4311791681657934,"before":0.38839115636189697,"parent":"43d15d9f-5e50-4cbf-88c3-9e82948d9b2a"},"created":"2021-03-14T18:01:07.483Z","season":12,"tournament":-1,"type":117,"day":115,"phase":13,"category":1,"description":"Math Velazquez's defense was boosted.","nuts":4}