{"id":"7535be11-ab0f-4e23-b7c9-42b9d81401a6","playerTags":["88cd6efa-dbf2-4309-aabe-ec1d6f21f98a"],"teamTags":["adc5b394-8f76-416d-9ce9-813706877b84"],"gameTags":[],"metadata":{"type":4,"after":4.13549491346326,"before":3.283025292884371,"parent":"d58d5975-2803-4d6f-af04-cd49bbf9adfe"},"created":"2021-03-21T18:01:04.987Z","season":13,"tournament":-1,"type":117,"day":116,"phase":13,"category":1,"description":"Hewitt Best is Infused.","nuts":20}