{"id":"756ce40b-07b4-4e09-a556-0dfe1bf1f45a","playerTags":["e111a46d-5ada-4311-ac4f-175cca3357da"],"teamTags":["9debc64f-74b7-4ae1-a4d6-fce0144b6ea5"],"gameTags":[],"metadata":{"type":2,"after":0.3938804124418007,"before":0.36498325428042944,"parent":"645acdf2-c2a7-4cb0-9e64-c72c65518b84"},"created":"2021-04-11T18:16:46.711Z","season":14,"tournament":-1,"type":117,"day":113,"phase":13,"category":1,"description":"Alexandria Rosales' defense was boosted.","nuts":3}