{"id":"7715bbea-688a-428b-94ba-e480d4570275","playerTags":["bf6a24d1-4e89-4790-a4ba-eeb2870cbf6f"],"teamTags":["878c1bf6-0d21-4659-bfee-916c8314d69c"],"gameTags":[],"metadata":{"type":2,"after":0.5884774512464882,"before":0.5477373957643104,"parent":"43d15d9f-5e50-4cbf-88c3-9e82948d9b2a"},"created":"2021-03-14T18:01:07.478Z","season":12,"tournament":-1,"type":117,"day":115,"phase":13,"category":1,"description":"Rat Mason's defense was boosted.","nuts":2}