{"id":"7786438b-b048-48d8-9b7c-e15e6b6a689c","playerTags":["7e910e86-84b4-43c3-a68e-67b6612ddbee"],"teamTags":["46358869-dce9-4a01-bfba-ac24fc56f57e"],"gameTags":[],"metadata":{"type":0,"after":0.21253631102928697,"before":0.12934332029446136,"parent":"e2bcb905-7b24-4c63-920a-ca79128bf390"},"created":"2021-04-11T18:16:46.691Z","season":14,"tournament":-1,"type":117,"day":113,"phase":13,"category":1,"description":"Ovid Schofield's hitting was boosted.","nuts":0}