{"id":"77a815af-029b-451f-b53d-2c9b8580caf8","playerTags":["d4a10c2a-0c28-466a-9213-38ba3339b65e"],"teamTags":["f02aeae2-5e6a-4098-9842-02d2273f25c7"],"gameTags":[],"metadata":{"type":3,"after":0.6829534529006158,"before":0.6380195534539329,"parent":"0afadc76-bd72-4a6b-94b2-4f8aa539e80d"},"created":"2021-03-14T18:01:07.537Z","season":12,"tournament":-1,"type":117,"day":115,"phase":13,"category":1,"description":"Richmond Harrison's baserunning was boosted.","nuts":7}