{"id":"77d3bfc7-f3e8-4f2d-9bce-546555811a12","playerTags":["89f74891-2e25-4b5a-bd99-c95ba3f36aa0"],"teamTags":["f02aeae2-5e6a-4098-9842-02d2273f25c7"],"gameTags":[],"metadata":{"type":3,"after":0.8904471798243364,"before":0.8522171939298666,"parent":"0afadc76-bd72-4a6b-94b2-4f8aa539e80d"},"created":"2021-03-14T18:01:07.537Z","season":12,"tournament":-1,"type":117,"day":115,"phase":13,"category":1,"description":"Nagomi Nava's baserunning was boosted.","nuts":4}