{"id":"77d6d953-23e7-4fb6-86e7-f29571833996","playerTags":["5b5bcc6c-d011-490f-b084-6fdc2c52f958"],"teamTags":["bfd38797-8404-4b38-8b82-341da28b1f83"],"gameTags":[],"metadata":{"type":4,"after":1.641743732015204,"before":1.508627926528017,"parent":"4b29b804-bcaa-4db3-93e0-ddb26c6eda6c"},"created":"2021-03-21T18:01:06.074Z","season":13,"tournament":-1,"type":117,"day":116,"phase":13,"category":1,"description":"Simba Davis entered the Shadows.","nuts":10}