{"id":"7853b2f3-3caf-4032-97e2-90a42961fd62","playerTags":["e4034192-4dc6-4901-bb30-07fe3cf77b5e"],"teamTags":["979aee4a-6d80-4863-bf1c-ee1a78e06024"],"gameTags":[],"metadata":{"type":0,"after":0.7752664545964963,"before":0.7460402928902901,"parent":"77737781-2296-478f-b823-5e8c4ce802f5"},"created":"2021-04-11T18:16:46.732Z","season":14,"tournament":-1,"type":117,"day":113,"phase":13,"category":1,"description":"Baldwin Breadwinner's hitting was boosted.","nuts":2}