{"id":"79600f1f-339b-4aa2-98dc-75f0da603334","playerTags":["06ced607-7f96-41e7-a8cd-b501d11d1a7e"],"teamTags":["9debc64f-74b7-4ae1-a4d6-fce0144b6ea5"],"gameTags":[],"metadata":{"type":4,"after":1.3660992573854975,"before":1.202943227380399,"parent":"362e04bf-1b4b-43bf-8103-aa5bfd699bd8"},"created":"2021-04-11T18:16:08.227Z","season":14,"tournament":-1,"type":117,"day":113,"phase":13,"category":1,"description":"Morrow Wilson entered the Shadows.","nuts":0}