{"id":"79af5961-703d-4045-954f-7b2e31603e27","playerTags":["89f74891-2e25-4b5a-bd99-c95ba3f36aa0"],"teamTags":["f02aeae2-5e6a-4098-9842-02d2273f25c7"],"gameTags":[],"metadata":{"type":4,"after":2.9549177869963676,"before":2.002825120490258,"parent":"012fcf9c-1152-4642-afd5-da6be843ee57"},"created":"2021-03-14T18:01:06.210Z","season":12,"tournament":-1,"type":117,"day":115,"phase":13,"category":1,"description":"Nagomi Nava is Infused.","nuts":4}