{"id":"79e6f015-a8e4-4803-93c3-ede06a8af59b","playerTags":[],"teamTags":["8d87c468-699a-47a8-b40d-cfb73a5660ad"],"gameTags":[],"metadata":{"type":1,"after":0.7839683400628586,"before":0.6601147085656152,"parent":"47cd3d8a-c30d-480b-97d4-533fbcf14cff"},"created":"2021-03-07T19:01:05.449Z","season":11,"tournament":-1,"type":117,"day":115,"phase":13,"category":1,"description":"The Crabs' pitching was boosted.","nuts":1}