{"id":"7a597209-875d-42df-aa55-b7cd0e95981b","playerTags":["4b3e8e9b-6de1-4840-8751-b1fb45dc5605"],"teamTags":["36569151-a2fb-43c1-9df7-2df512424c82"],"gameTags":[],"metadata":{"type":3,"after":0.5421594370860388,"before":0.30764605466278433,"parent":"4f4f82c8-309d-4060-baa0-fd46987b2f85"},"created":"2021-04-11T18:16:07.659Z","season":14,"tournament":-1,"type":117,"day":113,"phase":13,"category":1,"description":"Thomas Dracaena's Baserunning is Infused.","nuts":16}