{"id":"7ac67041-9030-49ab-9aed-78400c1e2592","playerTags":["d51f1fe8-4ab8-411e-b836-5bba92984d32"],"teamTags":["3f8bbb15-61c0-4e3f-8e4a-907a5fb1565e"],"gameTags":[],"metadata":{"type":0,"after":0.9562327250626939,"before":0.9189303309639164,"parent":"8c2cf85d-13ef-43b1-ae80-48501ce3a655"},"created":"2021-03-14T18:01:07.463Z","season":12,"tournament":-1,"type":117,"day":115,"phase":13,"category":1,"description":"Hiroto Cerna's hitting was boosted.","nuts":4}