{"id":"7b65ae9b-86c2-487e-b5e7-3f7613dbdbd9","playerTags":["266abcc0-8abc-4570-b32e-e5668e5d38f3"],"teamTags":["46358869-dce9-4a01-bfba-ac24fc56f57e"],"gameTags":[],"metadata":{"type":1,"after":1.2614118240974526,"before":1.2316540669532912,"parent":"965c2afd-a17e-41e3-bb71-89c7c979da25"},"created":"2021-04-11T18:16:46.671Z","season":14,"tournament":-1,"type":117,"day":113,"phase":13,"category":1,"description":"Zoey Kirchner's pitching was boosted.","nuts":7}