{"id":"7bfd3461-0bdc-4388-8ba5-c1b1ce9f1b1a","playerTags":["7a75d626-d4fd-474f-a862-473138d8c376"],"teamTags":["b63be8c2-576a-4d6e-8daf-814f8bcea96f"],"gameTags":[],"metadata":{"type":3,"after":1.1414171564419668,"before":1.1027669185456759,"parent":"0afadc76-bd72-4a6b-94b2-4f8aa539e80d"},"created":"2021-03-14T18:01:07.535Z","season":12,"tournament":-1,"type":117,"day":115,"phase":13,"category":1,"description":"Beck Whitney's baserunning was boosted.","nuts":0}