{"id":"7c4c0255-0674-4fc3-b5d4-dc59b923fa18","playerTags":["4f328502-d347-4d2c-8fad-6ae59431d781"],"teamTags":["a37f9158-7f82-46bc-908c-c9e2dda7c33b"],"gameTags":[],"metadata":{"type":4,"after":1.349564309740269,"before":1.2268865973915941,"parent":"e7d6c043-2ffc-41c9-a508-94015852cd5f"},"created":"2021-03-21T18:01:05.789Z","season":13,"tournament":-1,"type":117,"day":116,"phase":13,"category":1,"description":"Stephens Lightner entered the Shadows.","nuts":10}