{"id":"7d21eea0-4244-42cd-a72c-f20013792eb4","playerTags":["e16c3f28-eecd-4571-be1a-606bbac36b2b"],"teamTags":["7966eb04-efcc-499b-8f03-d13916330531"],"gameTags":[],"metadata":{"type":4,"after":1.9076830843525256,"before":1.7790013425405755,"parent":"47e30ac9-da8d-4a3f-ba7a-9473059959ef"},"created":"2021-03-14T18:01:06.145Z","season":12,"tournament":-1,"type":117,"day":115,"phase":13,"category":1,"description":"Wyatt Glover entered the Shadows.","nuts":4}