{"id":"7d29ca39-720d-4074-b738-fff607ff5d68","playerTags":[],"teamTags":["ca3f1c8c-c025-4d8e-8eef-5be6accbeb16"],"gameTags":[],"metadata":{"type":1,"after":0.618758946379237,"before":0.49737609934178034,"parent":"47cd3d8a-c30d-480b-97d4-533fbcf14cff"},"created":"2021-03-07T19:01:05.448Z","season":11,"tournament":-1,"type":117,"day":115,"phase":13,"category":1,"description":"The Firefighters' pitching was boosted.","nuts":1}