{"id":"7e27d0bf-20bf-401d-b381-d06200adc0ab","playerTags":["b0c20916-7097-47e6-8226-cbf67da176e0"],"teamTags":["46358869-dce9-4a01-bfba-ac24fc56f57e"],"gameTags":[],"metadata":{"type":0,"after":0.6254015834175318,"before":0.5281048256369417,"parent":"e2bcb905-7b24-4c63-920a-ca79128bf390"},"created":"2021-04-11T18:16:46.691Z","season":14,"tournament":-1,"type":117,"day":113,"phase":13,"category":1,"description":"Kelvin Andante's hitting was boosted.","nuts":0}