{"id":"7e548b46-42eb-4206-a0a8-000265429bc3","playerTags":["4f69e8c2-b2a1-4e98-996a-ccf35ac844c5"],"teamTags":["f02aeae2-5e6a-4098-9842-02d2273f25c7"],"gameTags":[],"metadata":{"type":3,"after":0.33158494167877545,"before":0.2615888663486125,"parent":"0afadc76-bd72-4a6b-94b2-4f8aa539e80d"},"created":"2021-03-14T18:01:07.537Z","season":12,"tournament":-1,"type":117,"day":115,"phase":13,"category":1,"description":"Igneus Delacruz's baserunning was boosted.","nuts":1}