{"id":"7e84aa2a-5d06-4e72-a4b8-21b137224287","playerTags":["b323f897-ccf9-4200-8870-249cbe19f904"],"teamTags":["23e4cbc1-e9cd-47fa-a35b-bfa06f726cb7"],"gameTags":[],"metadata":{"type":0,"after":0.8574487281417207,"before":0.6759834137314832,"parent":"99ccf2c6-77d8-409b-b33b-a64aee40265f"},"created":"2021-04-11T18:16:08.033Z","season":14,"tournament":-1,"type":117,"day":113,"phase":13,"category":1,"description":"Huber Frumple's Batting is Infused.","nuts":4}