{"id":"7fe74c49-9aaf-482a-863a-068e1128bb0c","playerTags":["cf8e152e-2d27-4dcc-ba2b-68127de4e6a4"],"teamTags":["f02aeae2-5e6a-4098-9842-02d2273f25c7"],"gameTags":[],"metadata":{"type":0,"after":0.5903029362206407,"before":0.5496249410978278,"parent":"8c2cf85d-13ef-43b1-ae80-48501ce3a655"},"created":"2021-03-14T18:01:07.464Z","season":12,"tournament":-1,"type":117,"day":115,"phase":13,"category":1,"description":"Hendricks Richardson's hitting was boosted.","nuts":1}