{"id":"80ee1540-f485-42ef-85fd-820f6df1cc51","playerTags":["2e94fa0d-453f-4925-8ea0-c0a53e38108d"],"teamTags":["bb4a9de5-c924-4923-a0cb-9d1445f1ee5d"],"gameTags":[],"metadata":{"type":1,"after":0.7016333860364832,"before":0.6138969388784603,"parent":"a63dbb5e-3524-429e-9481-2fe0d899e884"},"created":"2021-04-11T18:16:46.744Z","season":14,"tournament":-1,"type":117,"day":113,"phase":13,"category":1,"description":"Aurora Blortles' pitching was boosted.","nuts":2}