{"id":"80fb6fb0-03c7-41de-8473-8ff2a358d003","playerTags":["10ea5d50-ec88-40a0-ab53-c6e11cc1e479"],"teamTags":["878c1bf6-0d21-4659-bfee-916c8314d69c"],"gameTags":[],"metadata":{"type":0,"after":0.8726684078509674,"before":0.8326474126722031,"parent":"8c2cf85d-13ef-43b1-ae80-48501ce3a655"},"created":"2021-03-14T18:01:07.462Z","season":12,"tournament":-1,"type":117,"day":115,"phase":13,"category":1,"description":"Nicholas Vincent's hitting was boosted.","nuts":1}