{"id":"81a332ed-0041-4c45-9477-2915a10bc677","playerTags":["718dea1a-d9a8-4c2b-933a-f0667b5250e6"],"teamTags":["3f8bbb15-61c0-4e3f-8e4a-907a5fb1565e"],"gameTags":[],"metadata":{"type":3,"after":0.7972657522126461,"before":0.7586369352239903,"parent":"0afadc76-bd72-4a6b-94b2-4f8aa539e80d"},"created":"2021-03-14T18:01:07.536Z","season":12,"tournament":-1,"type":117,"day":115,"phase":13,"category":1,"description":"Margarito Nava's baserunning was boosted.","nuts":2}