{"id":"840406a7-16ba-4a41-a4cb-1e417fa5dc03","playerTags":["ca26d8cc-8668-48c9-a061-28f6fdf5f44d"],"teamTags":["23e4cbc1-e9cd-47fa-a35b-bfa06f726cb7"],"gameTags":[],"metadata":{"type":4,"after":2.8632918344375566,"before":2.7502557507628884,"parent":"827f0a89-c98c-4099-a212-1972fcd4a94d"},"created":"2021-04-11T18:16:08.046Z","season":14,"tournament":-1,"type":117,"day":113,"phase":13,"category":1,"description":"Doc Anice entered the Shadows.","nuts":3}