{"id":"864bf513-2ca4-4810-8b2f-9a53870f214f","playerTags":["1db2f602-64b1-4a5c-8697-1932cc2c6df1"],"teamTags":["747b8e4a-7e50-4638-a973-ea7950a3e739"],"gameTags":[],"metadata":{"type":2,"after":0.6130781993643253,"before":0.5287930017226955,"parent":"f67b4930-7f2b-470d-ad98-701adb72c20b"},"created":"2021-04-11T18:16:46.597Z","season":14,"tournament":-1,"type":117,"day":113,"phase":13,"category":1,"description":"Mummy Melcon's defense was boosted.","nuts":2}