{"id":"86587414-73e2-4de6-9371-d3732890ab22","playerTags":["72fb797a-aea8-4723-b7e4-d110c301320e"],"teamTags":["bb4a9de5-c924-4923-a0cb-9d1445f1ee5d"],"gameTags":[],"metadata":{"type":2,"after":0.7132686308960106,"before":0.6763586948455771,"parent":"43d15d9f-5e50-4cbf-88c3-9e82948d9b2a"},"created":"2021-03-14T18:01:07.484Z","season":12,"tournament":-1,"type":117,"day":115,"phase":13,"category":1,"description":"Persephone Splotter's defense was boosted.","nuts":0}