{"id":"86b56a7f-2135-4ff9-b397-bab578601b67","playerTags":["4ecee7be-93e4-4f04-b114-6b333e0e6408"],"teamTags":["979aee4a-6d80-4863-bf1c-ee1a78e06024"],"gameTags":[],"metadata":{"type":0,"after":0.5968475833138098,"before":0.5791782806643218,"parent":"77737781-2296-478f-b823-5e8c4ce802f5"},"created":"2021-04-11T18:16:46.731Z","season":14,"tournament":-1,"type":117,"day":113,"phase":13,"category":1,"description":"Sutton Dreamy's hitting was boosted.","nuts":1}