{"id":"86be7769-9c89-4260-a59f-279b2de78d11","playerTags":["0bb35615-63f2-4492-80ec-b6b322dc5450"],"teamTags":["878c1bf6-0d21-4659-bfee-916c8314d69c"],"gameTags":[],"metadata":{"type":1,"after":0.7984940776021112,"before":0.7531237338186724,"parent":"6f679ab0-a8c4-44e4-ad78-37bf75057e40"},"created":"2021-03-14T18:01:07.562Z","season":12,"tournament":-1,"type":117,"day":115,"phase":13,"category":1,"description":"Sexton Wheerer's pitching was boosted.","nuts":2}