{"id":"86d3936c-a33e-4c27-b6fd-7e48b1f09a07","playerTags":["ff5a37d9-a6dd-49aa-b6fb-b935fd670820"],"teamTags":["3f8bbb15-61c0-4e3f-8e4a-907a5fb1565e"],"gameTags":[],"metadata":{"type":1,"after":0.6648665503440648,"before":0.6144985349978379,"parent":"6f679ab0-a8c4-44e4-ad78-37bf75057e40"},"created":"2021-03-14T18:01:07.562Z","season":12,"tournament":-1,"type":117,"day":115,"phase":13,"category":1,"description":"Dunn Keyes' pitching was boosted.","nuts":4}