{"id":"871cc72d-2646-4d6c-8cfd-218eabed7412","playerTags":["8ecea7e0-b1fb-4b74-8c8c-3271cb54f659"],"teamTags":["9debc64f-74b7-4ae1-a4d6-fce0144b6ea5"],"gameTags":[],"metadata":{"type":4,"after":3.4032782912915893,"before":3.2949037929181753,"parent":"ecab43e2-c1d3-4cf5-8a24-cfca01f1161e"},"created":"2021-03-21T18:01:05.282Z","season":13,"tournament":-1,"type":117,"day":116,"phase":13,"category":1,"description":"Fitzgerald Blackburn entered the Shadows.","nuts":13}