{"id":"87801907-df26-4a65-98e3-c60bf3dd7c84","playerTags":["90c2cec7-0ed5-426a-9de8-754f34d59b39"],"teamTags":["8d87c468-699a-47a8-b40d-cfb73a5660ad"],"gameTags":[],"metadata":{"type":2,"after":0.7287881646235442,"before":0.5815645435864712,"parent":"37f42e1a-6336-4922-913b-cdce94a0321f"},"created":"2021-03-07T19:01:05.475Z","season":11,"tournament":-1,"type":117,"day":115,"phase":13,"category":1,"description":"Tot Fox's defense was boosted.","nuts":2}