{"id":"881e2457-5f38-4586-b847-90cc3340fead","playerTags":["72fb797a-aea8-4723-b7e4-d110c301320e"],"teamTags":["bb4a9de5-c924-4923-a0cb-9d1445f1ee5d"],"gameTags":[],"metadata":{"type":4,"after":2.4239579702255964,"before":2.326897974506458,"parent":"7a4f736f-ef3f-4165-a696-f3b15f68740c"},"created":"2021-03-21T18:01:05.545Z","season":13,"tournament":-1,"type":117,"day":116,"phase":13,"category":1,"description":"Persephone Splotter entered the Shadows.","nuts":7}