{"id":"88f26cf7-f262-4f5a-8b64-1a70db4d0b5f","playerTags":["425f3f84-bab0-4cf2-91c1-96e78cf5cd02"],"teamTags":["8d87c468-699a-47a8-b40d-cfb73a5660ad"],"gameTags":[],"metadata":{"type":1,"after":0.671395300931186,"before":0.4220619172353237,"parent":"9c0c49bb-aee9-45af-a9be-4ca373dc1c8c"},"created":"2021-04-11T18:16:08.365Z","season":14,"tournament":-1,"type":117,"day":113,"phase":13,"category":1,"description":"Luis Acevedo's Pitching is Infused.","nuts":5}