{"id":"89148ab1-1ca1-4cac-936a-8ac322614b72","playerTags":["3d3be7b8-1cbf-450d-8503-fce0daf46cbf"],"teamTags":["f02aeae2-5e6a-4098-9842-02d2273f25c7"],"gameTags":[],"metadata":{"type":2,"after":0.8805215730783632,"before":0.8477501060712882,"parent":"43d15d9f-5e50-4cbf-88c3-9e82948d9b2a"},"created":"2021-03-14T18:01:07.482Z","season":12,"tournament":-1,"type":117,"day":115,"phase":13,"category":1,"description":"Zack Sanders' defense was boosted.","nuts":0}