{"id":"896ee842-4a7e-439a-a2d1-b6d2361631f0","playerTags":["0268b35f-b19b-4b2f-90c4-89fb36403686"],"teamTags":["b72f3061-f573-40d7-832a-5ad475bd7909"],"gameTags":[],"metadata":{"type":4,"after":2.0575355107187727,"before":1.8827685523390156,"parent":"fc53e60c-cef5-4461-a733-971a42c50242"},"created":"2021-04-11T18:16:08.407Z","season":14,"tournament":-1,"type":117,"day":113,"phase":13,"category":1,"description":"Gita Biscuits entered the Shadows.","nuts":0}