{"id":"8a054b54-8cdc-463f-8a92-20c7665f1576","playerTags":["d97835fd-2e92-4698-8900-1f5abea0a3b6"],"teamTags":["b72f3061-f573-40d7-832a-5ad475bd7909"],"gameTags":[],"metadata":{"type":4,"after":2.962358297034136,"before":1.847699766551134,"parent":"7ac84db1-03fc-45e4-8bd9-3efb882ff938"},"created":"2021-03-21T18:01:04.744Z","season":13,"tournament":-1,"type":117,"day":116,"phase":13,"category":1,"description":"King Roland is Infused.","nuts":19}