{"id":"8a151164-a365-4171-bfc8-3c7707f53faf","playerTags":["04931546-1b4a-469f-b391-7ed67afe824c"],"teamTags":["3f8bbb15-61c0-4e3f-8e4a-907a5fb1565e"],"gameTags":[],"metadata":{"type":0,"after":0.7417384070241837,"before":0.7039161828960596,"parent":"8c2cf85d-13ef-43b1-ae80-48501ce3a655"},"created":"2021-03-14T18:01:07.464Z","season":12,"tournament":-1,"type":117,"day":115,"phase":13,"category":1,"description":"Glabe Moon's hitting was boosted.","nuts":1}