{"id":"8a8accd7-717c-40f2-9070-1a16797d9fb3","playerTags":["126fb128-7c53-45b5-ac2b-5dbf9943d71b"],"teamTags":["f02aeae2-5e6a-4098-9842-02d2273f25c7"],"gameTags":[],"metadata":{"type":2,"after":0.2652230950106056,"before":0.1366289776268407,"parent":"43d15d9f-5e50-4cbf-88c3-9e82948d9b2a"},"created":"2021-03-14T18:01:07.481Z","season":12,"tournament":-1,"type":117,"day":115,"phase":13,"category":1,"description":"Sigmund Castillo's defense was boosted.","nuts":1}