{"id":"8a8b20f1-09df-458a-8b1e-fbcb3bb238ec","playerTags":["128a33b9-c82f-408e-9fa3-5161f5a3e297"],"teamTags":["747b8e4a-7e50-4638-a973-ea7950a3e739"],"gameTags":[],"metadata":{"type":2,"after":0.4401829331835749,"before":0.30547953319488363,"parent":"f67b4930-7f2b-470d-ad98-701adb72c20b"},"created":"2021-04-11T18:16:46.596Z","season":14,"tournament":-1,"type":117,"day":113,"phase":13,"category":1,"description":"Aymer Eggleton's defense was boosted.","nuts":2}