{"id":"8b0f088f-851a-472b-80b6-54f72e207de4","playerTags":["2da49de2-34e5-49d0-b752-af2a2ee061be"],"teamTags":["3f8bbb15-61c0-4e3f-8e4a-907a5fb1565e"],"gameTags":[],"metadata":{"type":2,"after":0.46078987170699265,"before":0.3889611420412501,"parent":"43d15d9f-5e50-4cbf-88c3-9e82948d9b2a"},"created":"2021-03-14T18:01:07.481Z","season":12,"tournament":-1,"type":117,"day":115,"phase":13,"category":1,"description":"Cory Twelve's defense was boosted.","nuts":0}