{"id":"8b9f8905-0a30-46a7-889f-797ae7a7892e","playerTags":["a38ada0a-aeac-4a3d-b9a5-968687ccd2f9"],"teamTags":["b63be8c2-576a-4d6e-8daf-814f8bcea96f"],"gameTags":[],"metadata":{"type":2,"after":0.5784879158795927,"before":0.5352162711153259,"parent":"43d15d9f-5e50-4cbf-88c3-9e82948d9b2a"},"created":"2021-03-14T18:01:07.480Z","season":12,"tournament":-1,"type":117,"day":115,"phase":13,"category":1,"description":"Sixpack Santiago's defense was boosted.","nuts":0}