{"id":"8bd8e522-b25a-4c4b-9671-21e1d6a1bf31","playerTags":["f56657d3-3bdc-4840-a20c-91aca9cc360e"],"teamTags":["9debc64f-74b7-4ae1-a4d6-fce0144b6ea5"],"gameTags":[],"metadata":{"type":3,"after":0.5628240613025713,"before":0.5186134377519926,"parent":"0afadc76-bd72-4a6b-94b2-4f8aa539e80d"},"created":"2021-03-14T18:01:07.538Z","season":12,"tournament":-1,"type":117,"day":115,"phase":13,"category":1,"description":"Malik Romayne's baserunning was boosted.","nuts":0}