{"id":"8c3f44c0-d1d8-4181-a1c6-beb05b10090b","playerTags":["fc1d65f5-8916-41f1-b878-4d42a965b011"],"teamTags":["979aee4a-6d80-4863-bf1c-ee1a78e06024"],"gameTags":[],"metadata":{"type":4,"after":2.0219137682085986,"before":1.860394401809779,"parent":"da665236-598c-43dd-9c80-aaafd2440fdb"},"created":"2021-03-14T18:01:05.908Z","season":12,"tournament":-1,"type":117,"day":115,"phase":13,"category":1,"description":"Lizzy Pasta entered the Shadows.","nuts":2}