{"id":"8c4522b6-f30a-4d74-bd3a-d827180ed542","playerTags":["c0998a08-de15-4187-b903-2e096ffa08e5"],"teamTags":["b63be8c2-576a-4d6e-8daf-814f8bcea96f"],"gameTags":[],"metadata":{"type":3,"after":0.5923511029975568,"before":0.5505076932486096,"parent":"0afadc76-bd72-4a6b-94b2-4f8aa539e80d"},"created":"2021-03-14T18:01:07.535Z","season":12,"tournament":-1,"type":117,"day":115,"phase":13,"category":1,"description":"Cannonball Sports' baserunning was boosted.","nuts":1}