{"id":"8c61f374-bb6b-433d-9d23-932ba3b3ae8d","playerTags":["41ad8060-2bbe-4872-a879-22cb102bb64c"],"teamTags":["9debc64f-74b7-4ae1-a4d6-fce0144b6ea5"],"gameTags":[],"metadata":{"type":2,"after":0.726382325823641,"before":0.7023312275435315,"parent":"645acdf2-c2a7-4cb0-9e64-c72c65518b84"},"created":"2021-04-11T18:16:46.711Z","season":14,"tournament":-1,"type":117,"day":113,"phase":13,"category":1,"description":"Yrjö Kerfuffle's defense was boosted.","nuts":1}