{"id":"8cc87d5d-d5bc-4a2d-b0f1-ccf0c1898151","playerTags":["8c8cc584-199b-4b76-b2cd-eaa9a74965e5"],"teamTags":["eb67ae5e-c4bf-46ca-bbbc-425cd34182ff"],"gameTags":[],"metadata":{"type":0,"after":0.7708548002196683,"before":0.669583330754064,"parent":"ac4d14b5-1bb1-49f6-bdf5-361c955bd742"},"created":"2021-03-07T19:01:05.429Z","season":11,"tournament":-1,"type":117,"day":115,"phase":13,"category":1,"description":"Ziwa Mueller's hitting was boosted.","nuts":4}