{"id":"8d2f002c-f384-4a4d-972a-36e129a9423e","playerTags":["eac00ec9-3376-423c-8684-93dd2cbd6ed4"],"teamTags":["46358869-dce9-4a01-bfba-ac24fc56f57e"],"gameTags":[],"metadata":{"type":0,"after":0.3152954746737556,"before":0.15599804547294702,"parent":"e2bcb905-7b24-4c63-920a-ca79128bf390"},"created":"2021-04-11T18:16:46.691Z","season":14,"tournament":-1,"type":117,"day":113,"phase":13,"category":1,"description":"Eddie Nakamoto's hitting was boosted.","nuts":0}