{"id":"8fb30021-fdcf-4cc4-801d-a5f5636ec007","playerTags":["89f74891-2e25-4b5a-bd99-c95ba3f36aa0"],"teamTags":["f02aeae2-5e6a-4098-9842-02d2273f25c7"],"gameTags":[],"metadata":{"type":2,"after":0.6212426841184616,"before":0.5818494781815566,"parent":"43d15d9f-5e50-4cbf-88c3-9e82948d9b2a"},"created":"2021-03-14T18:01:07.482Z","season":12,"tournament":-1,"type":117,"day":115,"phase":13,"category":1,"description":"Nagomi Nava's defense was boosted.","nuts":3}