{"id":"902a9b8f-43ab-4c78-b295-1760770be51c","playerTags":["4f69e8c2-b2a1-4e98-996a-ccf35ac844c5"],"teamTags":["f02aeae2-5e6a-4098-9842-02d2273f25c7"],"gameTags":[],"metadata":{"type":2,"after":0.38868579792021607,"before":0.3353732156214959,"parent":"43d15d9f-5e50-4cbf-88c3-9e82948d9b2a"},"created":"2021-03-14T18:01:07.482Z","season":12,"tournament":-1,"type":117,"day":115,"phase":13,"category":1,"description":"Igneus Delacruz's defense was boosted.","nuts":1}