{"id":"9061e573-0251-46b5-9852-4dbb6653fdec","playerTags":["1db2f602-64b1-4a5c-8697-1932cc2c6df1"],"teamTags":["747b8e4a-7e50-4638-a973-ea7950a3e739"],"gameTags":[],"metadata":{"type":4,"after":2.563653275611464,"before":2.4530747123277004,"parent":"b3ed70db-34a1-4bf4-bcbd-220b34deed7e"},"created":"2021-04-11T18:16:07.747Z","season":14,"tournament":-1,"type":117,"day":113,"phase":13,"category":1,"description":"Mummy Melcon entered the Shadows.","nuts":4}