{"id":"91103695-ff11-4eb8-ba7a-81a0e0ed578a","playerTags":["0813d43c-b938-49da-acef-65b73f27b099"],"teamTags":["bb4a9de5-c924-4923-a0cb-9d1445f1ee5d"],"gameTags":[],"metadata":{"type":0,"after":0.7101000701893132,"before":0.6675224739270907,"parent":"8c2cf85d-13ef-43b1-ae80-48501ce3a655"},"created":"2021-03-14T18:01:07.466Z","season":12,"tournament":-1,"type":117,"day":115,"phase":13,"category":1,"description":"Scratch Deleuze's hitting was boosted.","nuts":3}