{"id":"9192828c-a2b5-4b68-9bbc-84e6623c81f4","playerTags":[],"teamTags":["bb4a9de5-c924-4923-a0cb-9d1445f1ee5d"],"gameTags":[],"metadata":{"type":0,"after":0.5769668210389779,"before":0.458526118692372,"parent":"ac4d14b5-1bb1-49f6-bdf5-361c955bd742"},"created":"2021-03-07T19:01:05.431Z","season":11,"tournament":-1,"type":117,"day":115,"phase":13,"category":1,"description":"The Worms' hitting was boosted.","nuts":0}