{"id":"92804a33-8d5d-42f9-a495-56a30c044e49","playerTags":["46721a07-7cd2-4839-982e-7046df6e8b66"],"teamTags":["9debc64f-74b7-4ae1-a4d6-fce0144b6ea5"],"gameTags":[],"metadata":{"type":0,"after":0.32199512766040195,"before":0.1916112168187819,"parent":"8c2cf85d-13ef-43b1-ae80-48501ce3a655"},"created":"2021-03-14T18:01:07.465Z","season":12,"tournament":-1,"type":117,"day":115,"phase":13,"category":1,"description":"Stew Briggs' hitting was boosted.","nuts":0}