{"id":"929787f1-4294-4ecb-83d5-1a07c18c50b5","playerTags":["32551e28-3a40-47ae-aed1-ff5bc66be879"],"teamTags":["9debc64f-74b7-4ae1-a4d6-fce0144b6ea5"],"gameTags":[],"metadata":{"type":3,"after":0.8120420431059479,"before":0.7689784666044801,"parent":"0afadc76-bd72-4a6b-94b2-4f8aa539e80d"},"created":"2021-03-14T18:01:07.538Z","season":12,"tournament":-1,"type":117,"day":115,"phase":13,"category":1,"description":"Math Velazquez's baserunning was boosted.","nuts":4}