{"id":"93877fa4-da9c-4d50-bfb9-46dd6c549cc2","playerTags":["2e86de11-a2dd-4b28-b5fe-f4d0c38cd20b"],"teamTags":["747b8e4a-7e50-4638-a973-ea7950a3e739"],"gameTags":[],"metadata":{"type":4,"after":1.8181590678337656,"before":1.763129045173644,"parent":"d104f955-96c6-4dab-8bc8-446f45c1b093"},"created":"2021-03-07T19:01:00.717Z","season":11,"tournament":-1,"type":117,"day":115,"phase":13,"category":1,"description":"Zion Aliciakeyes Evolved to Base 1","nuts":4}