{"id":"950165e4-2e0c-4c0f-9ea0-f497c6e87fa6","playerTags":["5a26fc61-d75d-4c01-9ce2-1880ffb5550f"],"teamTags":["b63be8c2-576a-4d6e-8daf-814f8bcea96f"],"gameTags":[],"metadata":{"type":0,"after":0.6611739293200902,"before":0.6170305554457174,"parent":"8c2cf85d-13ef-43b1-ae80-48501ce3a655"},"created":"2021-03-14T18:01:07.462Z","season":12,"tournament":-1,"type":117,"day":115,"phase":13,"category":1,"description":"Randy Dennis' hitting was boosted.","nuts":0}