{"id":"9574d353-8c21-404c-aa3f-d135939f65f3","playerTags":["1513aab6-142c-48c6-b43e-fbda65fd64e8"],"teamTags":["ca3f1c8c-c025-4d8e-8eef-5be6accbeb16"],"gameTags":[],"metadata":{"type":1,"after":0.684902986577608,"before":0.5728536131304127,"parent":"47cd3d8a-c30d-480b-97d4-533fbcf14cff"},"created":"2021-03-07T19:01:05.448Z","season":11,"tournament":-1,"type":117,"day":115,"phase":13,"category":1,"description":"Caleb Alvarado's pitching was boosted.","nuts":1}