{"id":"960f4759-bb21-4dba-9ad3-cee7a57767a7","playerTags":[],"teamTags":["f02aeae2-5e6a-4098-9842-02d2273f25c7"],"gameTags":[],"metadata":{"type":1,"after":0.5815534009867446,"before":0.5332252066581699,"parent":"6f679ab0-a8c4-44e4-ad78-37bf75057e40"},"created":"2021-03-14T18:01:07.563Z","season":12,"tournament":-1,"type":117,"day":115,"phase":13,"category":1,"description":"Flotation Protocols Activated for the Wild Low.","nuts":0}