{"id":"961bf3ac-3eff-4017-aac8-9a0165727f6b","playerTags":["b7267aba-6114-4d53-a519-bf6c99f4e3a9"],"teamTags":["9debc64f-74b7-4ae1-a4d6-fce0144b6ea5"],"gameTags":[],"metadata":{"type":2,"after":0.9824994236545498,"before":0.9646080066502615,"parent":"645acdf2-c2a7-4cb0-9e64-c72c65518b84"},"created":"2021-04-11T18:16:46.711Z","season":14,"tournament":-1,"type":117,"day":113,"phase":13,"category":1,"description":"Sosa Hayes' defense was boosted.","nuts":2}