{"id":"968e9157-ed27-4483-ab98-c77738632565","playerTags":["61bbbf34-98c1-4bf6-bd0c-56c19199b35e"],"teamTags":["8d87c468-699a-47a8-b40d-cfb73a5660ad"],"gameTags":[],"metadata":{"type":4,"after":2.4129604012028905,"before":2.2292575112687807,"parent":"b0b8c380-a992-4fca-8c74-7eea00582a9e"},"created":"2021-04-11T18:16:07.550Z","season":14,"tournament":-1,"type":117,"day":113,"phase":13,"category":1,"description":"Squid Galvanic entered the Shadows.","nuts":1}