{"id":"969d162e-a3de-40f6-9b7f-b9a21b796ff8","playerTags":["718dea1a-d9a8-4c2b-933a-f0667b5250e6"],"teamTags":["3f8bbb15-61c0-4e3f-8e4a-907a5fb1565e"],"gameTags":[],"metadata":{"type":0,"after":1.0390119096799095,"before":1.0002959094977688,"parent":"8c2cf85d-13ef-43b1-ae80-48501ce3a655"},"created":"2021-03-14T18:01:07.463Z","season":12,"tournament":-1,"type":117,"day":115,"phase":13,"category":1,"description":"Margarito Nava's hitting was boosted.","nuts":3}