{"id":"96bc1764-c0bf-41a0-b553-0978e4c382f3","playerTags":["89f74891-2e25-4b5a-bd99-c95ba3f36aa0"],"teamTags":["f02aeae2-5e6a-4098-9842-02d2273f25c7"],"gameTags":[],"metadata":{"type":0,"after":1.0745173774776688,"before":1.0350165956046409,"parent":"8c2cf85d-13ef-43b1-ae80-48501ce3a655"},"created":"2021-03-14T18:01:07.465Z","season":12,"tournament":-1,"type":117,"day":115,"phase":13,"category":1,"description":"Nagomi Nava's hitting was boosted.","nuts":3}