{"id":"96fe77b6-2f8b-4c1b-9dc5-1c663b7b8163","playerTags":["ebe6ac02-3b83-4da8-b1e5-f89053bbd5c8"],"teamTags":["d9f89a8a-c563-493e-9d64-78e4f9a55d4a"],"gameTags":[],"metadata":{"type":4,"after":2.95705142087823,"before":2.0757168466921225,"parent":"03012801-6831-42e4-aa14-f2a2ea9d02a7"},"created":"2021-03-14T18:01:06.395Z","season":12,"tournament":-1,"type":117,"day":115,"phase":13,"category":1,"description":"Jan Canberra is Infused.","nuts":4}