{"id":"97011924-b56a-40c2-8c02-dc172596af47","playerTags":["814bae61-071a-449b-981e-e7afc839d6d6"],"teamTags":["23e4cbc1-e9cd-47fa-a35b-bfa06f726cb7"],"gameTags":[],"metadata":{"type":4,"after":3.5852368355068758,"before":2.6832381330540445,"parent":"81fedf4c-c59f-497c-8f9b-24fa4e102afa"},"created":"2021-03-07T19:01:04.205Z","season":11,"tournament":-1,"type":117,"day":115,"phase":13,"category":1,"description":"Ruslan Greatness is Infused.","nuts":2}