{"id":"97124851-5328-4a59-8f49-49b077d58f58","playerTags":["9f85676a-7411-444a-8ae2-c7f8f73c285c"],"teamTags":["eb67ae5e-c4bf-46ca-bbbc-425cd34182ff"],"gameTags":[],"metadata":{"type":0,"after":0.620807517754317,"before":0.5189257156566675,"parent":"ac4d14b5-1bb1-49f6-bdf5-361c955bd742"},"created":"2021-03-07T19:01:05.429Z","season":11,"tournament":-1,"type":117,"day":115,"phase":13,"category":1,"description":"Lachlan Shelton's hitting was boosted.","nuts":2}