{"id":"981ad59e-9219-458d-ba6c-e3eaad06a70a","playerTags":["9d6f3d23-bc26-40e6-93aa-0b1c693e0ba8"],"teamTags":["b63be8c2-576a-4d6e-8daf-814f8bcea96f"],"gameTags":[],"metadata":{"type":2,"after":0.6439820156041653,"before":0.6053326104483614,"parent":"43d15d9f-5e50-4cbf-88c3-9e82948d9b2a"},"created":"2021-03-14T18:01:07.479Z","season":12,"tournament":-1,"type":117,"day":115,"phase":13,"category":1,"description":"Riley Firewall's defense was boosted.","nuts":0}