{"id":"981b6989-e846-43f2-8ce2-c4faee23db42","playerTags":["bbf9543f-f100-445a-a467-81d7aab12236"],"teamTags":["bb4a9de5-c924-4923-a0cb-9d1445f1ee5d"],"gameTags":[],"metadata":{"type":3,"after":0.5735799065592141,"before":0.5327454896408524,"parent":"0afadc76-bd72-4a6b-94b2-4f8aa539e80d"},"created":"2021-03-14T18:01:07.539Z","season":12,"tournament":-1,"type":117,"day":115,"phase":13,"category":1,"description":"Farrell Seagull's baserunning was boosted.","nuts":0}