{"id":"99034944-c8f2-4c3d-8183-9c5a1c3cc366","playerTags":[],"teamTags":["3f8bbb15-61c0-4e3f-8e4a-907a5fb1565e"],"gameTags":[],"metadata":{"type":2,"after":0.5893098099674816,"before":0.518868871038246,"parent":"43d15d9f-5e50-4cbf-88c3-9e82948d9b2a"},"created":"2021-03-14T18:01:07.481Z","season":12,"tournament":-1,"type":117,"day":115,"phase":13,"category":1,"description":"Flotation Protocols Activated for the Wild Low.","nuts":0}