{"id":"999eb94a-04cb-424b-91f3-9a38068908b7","playerTags":["8cf78b49-d0ca-4703-88e8-4bcad26c44b1"],"teamTags":["b63be8c2-576a-4d6e-8daf-814f8bcea96f"],"gameTags":[],"metadata":{"type":3,"after":0.9486474421232722,"before":0.9079607478548273,"parent":"0afadc76-bd72-4a6b-94b2-4f8aa539e80d"},"created":"2021-03-14T18:01:07.536Z","season":12,"tournament":-1,"type":117,"day":115,"phase":13,"category":1,"description":"Avila Guzman's baserunning was boosted.","nuts":1}