{"id":"99b94acb-d05d-4ea7-8efb-b71243dab4e0","playerTags":["e7ecf646-e5e4-49ef-a0e3-10a78e87f5f4"],"teamTags":["b024e975-1c4a-4575-8936-a3754a08806a"],"gameTags":[],"metadata":{"type":4,"after":1.8831284232838572,"before":1.767528295568914,"parent":"c89f9a35-318b-410b-8d78-5de6616f436a"},"created":"2021-04-11T18:16:07.859Z","season":14,"tournament":-1,"type":117,"day":113,"phase":13,"category":1,"description":"Gallup Crueller entered the Shadows.","nuts":2}