{"id":"99f16db5-572e-4a25-bfa3-a50b741f4b9c","playerTags":["64c92f8d-6028-495b-b81d-32c975afb2e1"],"teamTags":["bb4a9de5-c924-4923-a0cb-9d1445f1ee5d"],"gameTags":[],"metadata":{"type":1,"after":0.6054725106043477,"before":0.5524457664125827,"parent":"6f679ab0-a8c4-44e4-ad78-37bf75057e40"},"created":"2021-03-14T18:01:07.564Z","season":12,"tournament":-1,"type":117,"day":115,"phase":13,"category":1,"description":"Enid Marlow's pitching was boosted.","nuts":0}