{"id":"9a6433f4-a9ac-4f2c-9ee9-b7995cf0df53","playerTags":["3d3be7b8-1cbf-450d-8503-fce0daf46cbf"],"teamTags":["f02aeae2-5e6a-4098-9842-02d2273f25c7"],"gameTags":[],"metadata":{"type":1,"after":0.5292570135192174,"before":0.48261256336358105,"parent":"6f679ab0-a8c4-44e4-ad78-37bf75057e40"},"created":"2021-03-14T18:01:07.563Z","season":12,"tournament":-1,"type":117,"day":115,"phase":13,"category":1,"description":"Zack Sanders' pitching was boosted.","nuts":0}