{"id":"9a9dff14-c2e7-46a7-b520-9d90772832f3","playerTags":["27c68d7f-5e40-4afa-8b6f-9df47b79e7dd"],"teamTags":["878c1bf6-0d21-4659-bfee-916c8314d69c"],"gameTags":[],"metadata":{"type":3,"after":0.9237453200726019,"before":0.7833366470614063,"parent":"40bd388c-a354-4b22-b324-91bc30dc499c"},"created":"2021-03-07T19:01:05.461Z","season":11,"tournament":-1,"type":117,"day":115,"phase":13,"category":1,"description":"Basilio Mason's baserunning was boosted.","nuts":0}