{"id":"9b3d8d63-df1c-4ae3-8833-8c2c7deb8bea","playerTags":["f2468055-e880-40bf-8ac6-a0763d846eb2"],"teamTags":["3f8bbb15-61c0-4e3f-8e4a-907a5fb1565e"],"gameTags":[],"metadata":{"type":4,"after":1.1134718130009618,"before":0.9370586598020005,"parent":"b779bab6-1cdb-4156-ae6f-d94b07d4c761"},"created":"2021-03-07T19:01:04.425Z","season":11,"tournament":-1,"type":117,"day":115,"phase":13,"category":1,"description":"Alaynabella Hollywood entered the Shadows.","nuts":1}