{"id":"9c6b2d5b-7e98-4583-baa9-d4fbfc735c80","playerTags":["1e8b09bd-fbdd-444e-bd7e-10326bd57156"],"teamTags":["b72f3061-f573-40d7-832a-5ad475bd7909"],"gameTags":[],"metadata":{"type":4,"after":0.9989116792401959,"before":0.8557041621537327,"parent":"7ec7b290-86c9-4f2b-b9a5-c95912f91898"},"created":"2021-03-07T19:01:04.566Z","season":11,"tournament":-1,"type":117,"day":115,"phase":13,"category":1,"description":"Fletcher Yamamoto entered the Shadows.","nuts":0}