{"id":"9c878979-ddd4-4dd3-9d5a-1e3581f237b1","playerTags":["9965eed5-086c-4977-9470-fe410f92d353"],"teamTags":["979aee4a-6d80-4863-bf1c-ee1a78e06024"],"gameTags":[],"metadata":{"type":0,"after":0.7710200596214207,"before":0.7484733548429148,"parent":"77737781-2296-478f-b823-5e8c4ce802f5"},"created":"2021-04-11T18:16:46.731Z","season":14,"tournament":-1,"type":117,"day":113,"phase":13,"category":1,"description":"Bates Bentley's hitting was boosted.","nuts":1}