{"id":"9e659ace-4a7d-4807-9cd5-e1b0526de019","playerTags":["695daf02-113d-4e76-b802-0862df16afbd"],"teamTags":["747b8e4a-7e50-4638-a973-ea7950a3e739"],"gameTags":[],"metadata":{"type":2,"after":0.6267371630697433,"before":0.5550434870196912,"parent":"f67b4930-7f2b-470d-ad98-701adb72c20b"},"created":"2021-04-11T18:16:46.596Z","season":14,"tournament":-1,"type":117,"day":113,"phase":13,"category":1,"description":"Pacheco Weeks' defense was boosted.","nuts":2}