{"id":"9f271e7e-f67d-43ab-abfa-449bcd2381f1","playerTags":["90c2cec7-0ed5-426a-9de8-754f34d59b39"],"teamTags":["8d87c468-699a-47a8-b40d-cfb73a5660ad"],"gameTags":[],"metadata":{"type":4,"after":3.6594769154545537,"before":2.708808488069094,"parent":"7417a788-e243-4b0a-909a-fc8df0295274"},"created":"2021-03-21T18:01:05.984Z","season":13,"tournament":-1,"type":117,"day":116,"phase":13,"category":1,"description":"Tot Fox is Infused.","nuts":15}