{"id":"9fd73b46-3b55-4b8b-b0a9-3e2da1b7c6df","playerTags":["924de86d-260b-495b-80e1-57af5767703c"],"teamTags":["bb4a9de5-c924-4923-a0cb-9d1445f1ee5d"],"gameTags":[],"metadata":{"type":2,"after":0.815929031715077,"before":0.7820322400646319,"parent":"43d15d9f-5e50-4cbf-88c3-9e82948d9b2a"},"created":"2021-03-14T18:01:07.484Z","season":12,"tournament":-1,"type":117,"day":115,"phase":13,"category":1,"description":"Patchwork Southwick's defense was boosted.","nuts":0}