{"id":"a04baef9-0b8b-45fe-a685-641c267495e9","playerTags":["126fb128-7c53-45b5-ac2b-5dbf9943d71b"],"teamTags":["f02aeae2-5e6a-4098-9842-02d2273f25c7"],"gameTags":[],"metadata":{"type":3,"after":0.9306792285335135,"before":0.8901193167979469,"parent":"0afadc76-bd72-4a6b-94b2-4f8aa539e80d"},"created":"2021-03-14T18:01:07.537Z","season":12,"tournament":-1,"type":117,"day":115,"phase":13,"category":1,"description":"Sigmund Castillo's baserunning was boosted.","nuts":1}