{"id":"a06bf99b-bd30-431e-b54b-34252ee4de3f","playerTags":["d4a10c2a-0c28-466a-9213-38ba3339b65e"],"teamTags":["f02aeae2-5e6a-4098-9842-02d2273f25c7"],"gameTags":[],"metadata":{"type":0,"after":0.7087355223894297,"before":0.666821861349213,"parent":"8c2cf85d-13ef-43b1-ae80-48501ce3a655"},"created":"2021-03-14T18:01:07.464Z","season":12,"tournament":-1,"type":117,"day":115,"phase":13,"category":1,"description":"Richmond Harrison's hitting was boosted.","nuts":3}