{"id":"a09943aa-ed35-4122-a552-cff4d5e6c23b","playerTags":["81a0889a-4606-4f49-b419-866b57331383"],"teamTags":["105bc3ff-1320-4e37-8ef0-8d595cb95dd0"],"gameTags":[],"metadata":{"type":4,"after":2.4946486825592236,"before":2.3802859070736035,"parent":"9229af04-5d1d-497b-a7e0-d28a18b8bfdd"},"created":"2021-03-21T18:01:05.879Z","season":13,"tournament":-1,"type":117,"day":116,"phase":13,"category":1,"description":"Summers Pony entered the Shadows.","nuts":6}