{"id":"a1c526f4-0b10-4dd4-9422-76bf26ec23f8","playerTags":["efda41c1-eb07-45b3-8ad5-424c63115115"],"teamTags":["46358869-dce9-4a01-bfba-ac24fc56f57e"],"gameTags":[],"metadata":{"type":0,"after":0.4150039717191956,"before":0.32212823529988505,"parent":"e2bcb905-7b24-4c63-920a-ca79128bf390"},"created":"2021-04-11T18:16:46.691Z","season":14,"tournament":-1,"type":117,"day":113,"phase":13,"category":1,"description":"Rufus Kiddo's hitting was boosted.","nuts":0}