{"id":"a1dec642-7fb8-46a1-827a-5bdbb148962b","playerTags":["4bf352d2-6a57-420a-9d45-b23b2b947375"],"teamTags":["ca3f1c8c-c025-4d8e-8eef-5be6accbeb16"],"gameTags":[],"metadata":{"type":1,"after":0.6847829853164404,"before":0.5654641366491786,"parent":"47cd3d8a-c30d-480b-97d4-533fbcf14cff"},"created":"2021-03-07T19:01:05.448Z","season":11,"tournament":-1,"type":117,"day":115,"phase":13,"category":1,"description":"Rivers Rosa's pitching was boosted.","nuts":0}