{"id":"a2b3d8aa-bb8f-4018-bae9-d5be6214c165","playerTags":["6f71667b-59f2-46df-adac-a8885a4f6ac5"],"teamTags":["747b8e4a-7e50-4638-a973-ea7950a3e739"],"gameTags":[],"metadata":{"type":2,"after":0.47973537662646915,"before":0.44853375860948064,"parent":"f67b4930-7f2b-470d-ad98-701adb72c20b"},"created":"2021-04-11T18:16:46.596Z","season":14,"tournament":-1,"type":117,"day":113,"phase":13,"category":1,"description":"Eris Street's defense was boosted.","nuts":2}