{"id":"a2d05959-ba08-413a-847e-6b32a8e735bb","playerTags":["ccd6068b-2735-4072-bfe5-571a5d57c285"],"teamTags":["bb4a9de5-c924-4923-a0cb-9d1445f1ee5d"],"gameTags":[],"metadata":{"type":1,"after":0.8702299099686791,"before":0.755265718941444,"parent":"a63dbb5e-3524-429e-9481-2fe0d899e884"},"created":"2021-04-11T18:16:46.743Z","season":14,"tournament":-1,"type":117,"day":113,"phase":13,"category":1,"description":"Ephraim Ladd's pitching was boosted.","nuts":3}