{"id":"a3a3a6e7-938e-48e0-b82b-f3b5159abd90","playerTags":["1732e623-ffc2-40f0-87ba-fdcf97131f1f"],"teamTags":["105bc3ff-1320-4e37-8ef0-8d595cb95dd0"],"gameTags":[],"metadata":{"type":4,"after":2.3965333999105796,"before":1.3023158541105053,"parent":"6154d196-51af-4cb8-8f7c-21147b6a27f9"},"created":"2021-03-07T19:01:04.300Z","season":11,"tournament":-1,"type":117,"day":115,"phase":13,"category":1,"description":"Betsy Trombone is Infused.","nuts":4}