{"id":"a3be63f3-7658-4b50-b87a-2af9fc56dba7","playerTags":["be18d363-752d-4e4a-b06b-1a7e4641400b"],"teamTags":["3f8bbb15-61c0-4e3f-8e4a-907a5fb1565e"],"gameTags":[],"metadata":{"type":2,"after":0.837343165652877,"before":0.8056429757727788,"parent":"43d15d9f-5e50-4cbf-88c3-9e82948d9b2a"},"created":"2021-03-14T18:01:07.481Z","season":12,"tournament":-1,"type":117,"day":115,"phase":13,"category":1,"description":"Scores Baserunner's defense was boosted.","nuts":5}