{"id":"a3e15caa-a2bb-48c5-8c19-0fc3575bd03e","playerTags":["0bb35615-63f2-4492-80ec-b6b322dc5450"],"teamTags":["878c1bf6-0d21-4659-bfee-916c8314d69c"],"gameTags":[],"metadata":{"type":4,"after":3.312119759971471,"before":2.3772228255238423,"parent":"61dac735-33cc-44ae-9eee-4c2ce4191d6c"},"created":"2021-03-07T19:01:04.536Z","season":11,"tournament":-1,"type":117,"day":115,"phase":13,"category":1,"description":"Sexton Wheerer is Infused.","nuts":1}