{"id":"a42c873e-429c-489c-9684-0a770889fcba","playerTags":["04651d05-44ef-40c1-abd3-4d0c14b6845d"],"teamTags":["105bc3ff-1320-4e37-8ef0-8d595cb95dd0"],"gameTags":[],"metadata":{"type":3,"after":0.5068445542081652,"before":0.4262701703288233,"parent":"12ffbdec-a405-4040-8537-7bf303131459"},"created":"2021-04-11T18:16:46.760Z","season":14,"tournament":-1,"type":117,"day":113,"phase":13,"category":1,"description":"Emilia Street's baserunning was boosted.","nuts":1}