{"id":"a56e1035-1408-4539-abef-d161bc4dca47","playerTags":["d0ffc9c2-e677-4230-a639-b0ae11650501"],"teamTags":["bb4a9de5-c924-4923-a0cb-9d1445f1ee5d"],"gameTags":[],"metadata":{"type":0,"after":0.6237677713329857,"before":0.5207642050307344,"parent":"ac4d14b5-1bb1-49f6-bdf5-361c955bd742"},"created":"2021-03-07T19:01:05.430Z","season":11,"tournament":-1,"type":117,"day":115,"phase":13,"category":1,"description":"Kaz Fiasco's hitting was boosted.","nuts":1}