{"id":"a59bb255-dcd2-470f-bd97-edd61eefb0c5","playerTags":["c0732e36-3731-4f1a-abdc-daa9563b6506"],"teamTags":["3f8bbb15-61c0-4e3f-8e4a-907a5fb1565e"],"gameTags":[],"metadata":{"type":2,"after":0.9538463938603932,"before":0.9247534900776295,"parent":"43d15d9f-5e50-4cbf-88c3-9e82948d9b2a"},"created":"2021-03-14T18:01:07.481Z","season":12,"tournament":-1,"type":117,"day":115,"phase":13,"category":1,"description":"Nagomi Mcdaniel's defense was boosted.","nuts":3}