{"id":"a665ae0e-c359-4c4c-b343-83708e9cf80a","playerTags":["096bb9b5-5ea8-4da1-a113-57a5fc9e9b67"],"teamTags":["46358869-dce9-4a01-bfba-ac24fc56f57e"],"gameTags":[],"metadata":{"type":4,"after":2.1726603243501974,"before":2.0263280274406825,"parent":"ee4677f9-31fc-4e9b-abf0-6e07e9cc22aa"},"created":"2021-04-11T18:16:08.138Z","season":14,"tournament":-1,"type":117,"day":113,"phase":13,"category":1,"description":"Jasper Ji-Eun entered the Shadows.","nuts":0}