{"id":"a668ed2f-5157-40b6-ada8-71a15eba3219","playerTags":["285ce77d-e5cd-4daa-9784-801347140d48"],"teamTags":["9debc64f-74b7-4ae1-a4d6-fce0144b6ea5"],"gameTags":[],"metadata":{"type":2,"after":0.45955695558695414,"before":0.36905949912994684,"parent":"43d15d9f-5e50-4cbf-88c3-9e82948d9b2a"},"created":"2021-03-14T18:01:07.483Z","season":12,"tournament":-1,"type":117,"day":115,"phase":13,"category":1,"description":"Son Scotch's defense was boosted.","nuts":0}