{"id":"a6b58354-809f-4c08-98a8-bfeadb06e8de","playerTags":["c675fcdf-6117-49a6-ac32-99a89a3a88aa"],"teamTags":["979aee4a-6d80-4863-bf1c-ee1a78e06024"],"gameTags":[],"metadata":{"type":0,"after":1.3222399508297806,"before":1.2930210937448607,"parent":"77737781-2296-478f-b823-5e8c4ce802f5"},"created":"2021-04-11T18:16:46.731Z","season":14,"tournament":-1,"type":117,"day":113,"phase":13,"category":1,"description":"Valentine Games' hitting was boosted.","nuts":12}