{"id":"a7bc6f57-411f-48f4-ab9d-0eb6edde3188","playerTags":["63df8701-1871-4987-87d7-b55d4f1df2e9"],"teamTags":["878c1bf6-0d21-4659-bfee-916c8314d69c"],"gameTags":[],"metadata":{"type":4,"after":3.453777096795763,"before":2.6365938800464064,"parent":"721e8af8-d76a-4d60-9ad9-ca400c405fe7"},"created":"2021-03-14T18:01:05.759Z","season":12,"tournament":-1,"type":117,"day":115,"phase":13,"category":1,"description":"Mcdowell Mason is Infused.","nuts":2}