{"id":"a7e62f86-3c4d-4559-aa30-dd9592fc37d2","playerTags":["dd0b48fe-2d49-4344-83ed-9f0770b370a8"],"teamTags":["105bc3ff-1320-4e37-8ef0-8d595cb95dd0"],"gameTags":[],"metadata":{"type":3,"after":0.6436196860079982,"before":0.5710464278920979,"parent":"12ffbdec-a405-4040-8537-7bf303131459"},"created":"2021-04-11T18:16:46.761Z","season":14,"tournament":-1,"type":117,"day":113,"phase":13,"category":1,"description":"Tillman Wan's baserunning was boosted.","nuts":1}