{"id":"a7fcd273-60ac-4a9f-99c9-930acf25e2d8","playerTags":["12c4368d-478b-42be-b6d3-fa2e9b230f82"],"teamTags":["46358869-dce9-4a01-bfba-ac24fc56f57e"],"gameTags":[],"metadata":{"type":4,"after":3.145203621772586,"before":2.3037489274798713,"parent":"0436d918-8afa-45af-bdf6-8cb51df00d61"},"created":"2021-03-14T18:01:06.331Z","season":12,"tournament":-1,"type":117,"day":115,"phase":13,"category":1,"description":"Lady Matsuyama is Infused.","nuts":4}