{"id":"a8ba5361-4cf0-4802-83f7-2bb75e719564","playerTags":["20e13b56-599b-4a22-b752-8059effc81dc"],"teamTags":["ca3f1c8c-c025-4d8e-8eef-5be6accbeb16"],"gameTags":[],"metadata":{"type":4,"after":3.3120898341192553,"before":2.3937167442107885,"parent":"90d99ee8-ce63-4602-a926-246f71e95337"},"created":"2021-03-14T18:01:05.795Z","season":12,"tournament":-1,"type":117,"day":115,"phase":13,"category":1,"description":"Lou Roseheart is Infused.","nuts":6}