{"id":"a97dc43b-c13e-43c9-9512-fd8f43214c6d","playerTags":["03b80a57-77ea-4913-9be4-7a85c3594745"],"teamTags":["878c1bf6-0d21-4659-bfee-916c8314d69c"],"gameTags":[],"metadata":{"type":2,"after":0.8574159667869471,"before":0.8219699639807028,"parent":"43d15d9f-5e50-4cbf-88c3-9e82948d9b2a"},"created":"2021-03-14T18:01:07.478Z","season":12,"tournament":-1,"type":117,"day":115,"phase":13,"category":1,"description":"Halexandrey Walton's defense was boosted.","nuts":3}