{"id":"aa7016e7-116e-47fe-bb1f-611a3a15f7d3","playerTags":["c549f280-82ba-4d8e-a4ce-c49e56461fb6"],"teamTags":["c73b705c-40ad-4633-a6ed-d357ee2e2bcf"],"gameTags":[],"metadata":{"type":4,"after":2.4360360525397873,"before":2.3163043163071313,"parent":"7ce0c29a-6f42-4a05-b331-4cd7ef3fe741"},"created":"2021-03-21T18:01:05.321Z","season":13,"tournament":-1,"type":117,"day":116,"phase":13,"category":1,"description":"Val Hitherto entered the Shadows.","nuts":7}