{"id":"abdd72bf-befd-42f3-9d1f-4ca0ed5085d7","playerTags":["c0998a08-de15-4187-b903-2e096ffa08e5"],"teamTags":["b63be8c2-576a-4d6e-8daf-814f8bcea96f"],"gameTags":[],"metadata":{"type":2,"after":0.6624624288806237,"before":0.6126888452698088,"parent":"43d15d9f-5e50-4cbf-88c3-9e82948d9b2a"},"created":"2021-03-14T18:01:07.479Z","season":12,"tournament":-1,"type":117,"day":115,"phase":13,"category":1,"description":"Cannonball Sports' defense was boosted.","nuts":2}