{"id":"ac7d124e-53b4-4e25-8e0b-9cf879568109","playerTags":["32551e28-3a40-47ae-aed1-ff5bc66be879"],"teamTags":["9debc64f-74b7-4ae1-a4d6-fce0144b6ea5"],"gameTags":[],"metadata":{"type":2,"after":0.4527639464309614,"before":0.4311791681657934,"parent":"645acdf2-c2a7-4cb0-9e64-c72c65518b84"},"created":"2021-04-11T18:16:46.710Z","season":14,"tournament":-1,"type":117,"day":113,"phase":13,"category":1,"description":"Math Velazquez's defense was boosted.","nuts":3}