{"id":"ac8d0c44-75a9-42ab-9a88-4e1f76efac27","playerTags":["89c8f6bf-94a2-4e56-8412-bdb0182509a9"],"teamTags":["c73b705c-40ad-4633-a6ed-d357ee2e2bcf"],"gameTags":[],"metadata":{"type":4,"after":1.756678902431123,"before":1.6271170493868448,"parent":"f7849368-6d76-4bc8-b2d6-aeb60dd6b778"},"created":"2021-03-07T19:01:04.618Z","season":11,"tournament":-1,"type":117,"day":115,"phase":13,"category":1,"description":"Concrete Mandible entered the Shadows.","nuts":0}