{"id":"ae4c6ccb-e955-4b8b-8075-04feaa5cd367","playerTags":["2b157c5c-9a6a-45a6-858f-bf4cf4cbc0bd"],"teamTags":["b72f3061-f573-40d7-832a-5ad475bd7909"],"gameTags":[],"metadata":{"type":0,"after":0.7698464352842276,"before":0.5639385149512698,"parent":"492f662d-0012-4bc7-b6e6-ecb43ecf20f1"},"created":"2021-04-11T18:16:08.395Z","season":14,"tournament":-1,"type":117,"day":113,"phase":13,"category":1,"description":"Ortiz Lopez's Batting is Infused.","nuts":3}