{"id":"ae6846f5-2376-4fa8-8730-ada0a663fde4","playerTags":["af6b3edc-ed52-4edc-b0c9-14e0a5ae0ee3"],"teamTags":["b63be8c2-576a-4d6e-8daf-814f8bcea96f"],"gameTags":[],"metadata":{"type":2,"after":0.8799695288328246,"before":0.8472114835515365,"parent":"43d15d9f-5e50-4cbf-88c3-9e82948d9b2a"},"created":"2021-03-14T18:01:07.480Z","season":12,"tournament":-1,"type":117,"day":115,"phase":13,"category":1,"description":"Rivers Clembons' defense was boosted.","nuts":0}