{"id":"ae6a90a9-66eb-415c-b7a2-87a396a9a5a6","playerTags":["1abe7a14-2608-485c-af10-69cf0107c2a5"],"teamTags":["bb4a9de5-c924-4923-a0cb-9d1445f1ee5d"],"gameTags":[],"metadata":{"type":1,"after":0.541207207085623,"before":0.4827760342249663,"parent":"a63dbb5e-3524-429e-9481-2fe0d899e884"},"created":"2021-04-11T18:16:46.744Z","season":14,"tournament":-1,"type":117,"day":113,"phase":13,"category":1,"description":"Norman Muggins' pitching was boosted.","nuts":2}