{"id":"aed5a388-e7fc-4808-9045-d70805b6ad8d","playerTags":["855775c1-266f-40f6-b07b-3a67ccdf8551"],"teamTags":["3f8bbb15-61c0-4e3f-8e4a-907a5fb1565e"],"gameTags":[],"metadata":{"type":3,"after":0.6461334795325369,"before":0.607798237970932,"parent":"0afadc76-bd72-4a6b-94b2-4f8aa539e80d"},"created":"2021-03-14T18:01:07.536Z","season":12,"tournament":-1,"type":117,"day":115,"phase":13,"category":1,"description":"Nic Winkler's baserunning was boosted.","nuts":2}