{"id":"af5f9402-6a5a-449a-a895-00a7fe36c76e","playerTags":["b7ca8f3f-2fdc-477b-84f4-157f2802e9b5"],"teamTags":["b024e975-1c4a-4575-8936-a3754a08806a"],"gameTags":[],"metadata":{"type":4,"after":3.1973937698851973,"before":2.36760721359914,"parent":"8d17ccab-d935-4d36-bfad-429ff257f5a9"},"created":"2021-03-07T19:01:04.594Z","season":11,"tournament":-1,"type":117,"day":115,"phase":13,"category":1,"description":"Leach Herman is Infused.","nuts":1}