{"id":"b0007b01-4039-43c2-a725-1c2fa8d14966","playerTags":["d0ffc9c2-e677-4230-a639-b0ae11650501"],"teamTags":["bb4a9de5-c924-4923-a0cb-9d1445f1ee5d"],"gameTags":[],"metadata":{"type":0,"after":0.7580455295224908,"before":0.7198462841605582,"parent":"8c2cf85d-13ef-43b1-ae80-48501ce3a655"},"created":"2021-03-14T18:01:07.466Z","season":12,"tournament":-1,"type":117,"day":115,"phase":13,"category":1,"description":"Kaz Fiasco's hitting was boosted.","nuts":1}