{"id":"b00a0225-77e2-494b-9d88-9d4a902c3e67","playerTags":["c6e2e389-ed04-4626-a5ba-fe398fe89568"],"teamTags":["23e4cbc1-e9cd-47fa-a35b-bfa06f726cb7"],"gameTags":[],"metadata":{"type":4,"after":2.722326642701835,"before":1.8195484199442813,"parent":"b9929826-0a18-44f9-ba64-c010f6d7b304"},"created":"2021-03-14T18:01:06.378Z","season":12,"tournament":-1,"type":117,"day":115,"phase":13,"category":1,"description":"Henry Marshallow is Infused.","nuts":3}