{"id":"b25161f3-5ccf-49ab-b35d-2f953c8dd780","playerTags":["72ca8ed5-a8c7-4571-9745-80de5a49b2d1"],"teamTags":["f02aeae2-5e6a-4098-9842-02d2273f25c7"],"gameTags":[],"metadata":{"type":3,"after":0.40889874452825076,"before":0.38107224941886264,"parent":"7680c8c1-8203-4fa7-8093-2faca4ef4744"},"created":"2021-04-11T18:16:46.589Z","season":14,"tournament":-1,"type":117,"day":113,"phase":13,"category":1,"description":"Kaj Statter Jr.'s baserunning was boosted.","nuts":7}