{"id":"b2576b16-2f40-43a3-9dfa-be59933e2f56","playerTags":["efa73de4-af17-4f88-99d6-d0d69ed1d200"],"teamTags":["105bc3ff-1320-4e37-8ef0-8d595cb95dd0"],"gameTags":[],"metadata":{"type":3,"after":0.77576347899577,"before":0.7061015520534807,"parent":"12ffbdec-a405-4040-8537-7bf303131459"},"created":"2021-04-11T18:16:46.761Z","season":14,"tournament":-1,"type":117,"day":113,"phase":13,"category":1,"description":"Antonio Mccall's baserunning was boosted.","nuts":1}