{"id":"b2f80b8c-e066-4f0d-bce7-cca7086ed909","playerTags":["8acc97fa-4bf1-49f6-bb93-fb52513a015b"],"teamTags":["3f8bbb15-61c0-4e3f-8e4a-907a5fb1565e"],"gameTags":[],"metadata":{"type":3,"after":0.499597116426656,"before":0.4496538414692799,"parent":"0afadc76-bd72-4a6b-94b2-4f8aa539e80d"},"created":"2021-03-14T18:01:07.536Z","season":12,"tournament":-1,"type":117,"day":115,"phase":13,"category":1,"description":"Zesty Yaboi's baserunning was boosted.","nuts":1}