{"id":"b3a84a6d-0392-46a0-b950-4933d174d7fb","playerTags":["d0ffc9c2-e677-4230-a639-b0ae11650501"],"teamTags":["bb4a9de5-c924-4923-a0cb-9d1445f1ee5d"],"gameTags":[],"metadata":{"type":3,"after":0.6367511795816609,"before":0.5981430426622353,"parent":"0afadc76-bd72-4a6b-94b2-4f8aa539e80d"},"created":"2021-03-14T18:01:07.539Z","season":12,"tournament":-1,"type":117,"day":115,"phase":13,"category":1,"description":"Kaz Fiasco's baserunning was boosted.","nuts":1}