{"id":"b3cad02c-e12b-43b3-b9aa-fa557e08dc4f","playerTags":["b6aa8ce8-2587-4627-83c1-2a48d44afaee"],"teamTags":["7966eb04-efcc-499b-8f03-d13916330531"],"gameTags":[],"metadata":{"type":1,"after":0.9902504389665029,"before":0.6474742366111432,"parent":"98408866-dfcf-4b55-ba58-a39eabf618b6"},"created":"2021-04-11T18:16:07.964Z","season":14,"tournament":-1,"type":117,"day":113,"phase":13,"category":1,"description":"Inky Rutledge's Pitching is Infused.","nuts":20}