{"id":"b460188c-fd39-42d3-9497-310d465bbaac","playerTags":["2b5f5dd7-e31f-4829-bec5-546652103bc0"],"teamTags":["f02aeae2-5e6a-4098-9842-02d2273f25c7"],"gameTags":[],"metadata":{"type":3,"after":0.5501369345113799,"before":0.526582466157156,"parent":"7680c8c1-8203-4fa7-8093-2faca4ef4744"},"created":"2021-04-11T18:16:46.589Z","season":14,"tournament":-1,"type":117,"day":113,"phase":13,"category":1,"description":"Dudley Mueller's baserunning was boosted.","nuts":9}