{"id":"b652bef6-e667-4ad0-befb-314c7bd0b276","playerTags":["64c92f8d-6028-495b-b81d-32c975afb2e1"],"teamTags":["bb4a9de5-c924-4923-a0cb-9d1445f1ee5d"],"gameTags":[],"metadata":{"type":2,"after":0.7348077022414402,"before":0.6990210223280219,"parent":"43d15d9f-5e50-4cbf-88c3-9e82948d9b2a"},"created":"2021-03-14T18:01:07.484Z","season":12,"tournament":-1,"type":117,"day":115,"phase":13,"category":1,"description":"Enid Marlow's defense was boosted.","nuts":0}