{"id":"b69c96a0-d902-4d2e-92ce-b1e228c87407","playerTags":["a38ada0a-aeac-4a3d-b9a5-968687ccd2f9"],"teamTags":["b63be8c2-576a-4d6e-8daf-814f8bcea96f"],"gameTags":[],"metadata":{"type":1,"after":0.9268666632605529,"before":0.6815861904028587,"parent":"41649b87-b062-4360-a22b-882c502d1679"},"created":"2021-04-11T18:16:07.764Z","season":14,"tournament":-1,"type":117,"day":113,"phase":13,"category":1,"description":"Sixpack Santiago's Pitching is Infused.","nuts":4}