{"id":"b72c64cc-8604-4edc-885c-a5d3e19070bd","playerTags":["1db2f602-64b1-4a5c-8697-1932cc2c6df1"],"teamTags":["747b8e4a-7e50-4638-a973-ea7950a3e739"],"gameTags":[],"metadata":{"type":4,"after":2.970170179404357,"before":1.9195082918858728,"parent":"a541ca1f-06a6-4579-afa7-2413250ef5ac"},"created":"2021-03-21T18:01:04.530Z","season":13,"tournament":-1,"type":117,"day":116,"phase":13,"category":1,"description":"Mummy Melcon is Infused.","nuts":18}