{"id":"b85fe1f4-9260-4291-8beb-995beffc8d0b","playerTags":["0268b35f-b19b-4b2f-90c4-89fb36403686"],"teamTags":["d9f89a8a-c563-493e-9d64-78e4f9a55d4a"],"gameTags":[],"metadata":{"type":4,"after":1.8827685523390156,"before":1.6785942602255168,"parent":"f8ab45e4-c4ae-477d-b64f-390eab2ef184"},"created":"2021-03-21T18:01:06.223Z","season":13,"tournament":-1,"type":117,"day":116,"phase":13,"category":1,"description":"Gita Biscuits entered the Shadows.","nuts":7}