{"id":"b94cf80e-1445-48f7-b607-8c949494d3e9","playerTags":["1db2f602-64b1-4a5c-8697-1932cc2c6df1"],"teamTags":["747b8e4a-7e50-4638-a973-ea7950a3e739"],"gameTags":[],"metadata":{"type":1,"after":0.7943007292800931,"before":0.7658458292764799,"parent":"72dadbd9-afb8-45e5-8dbc-bdda81f0632f"},"created":"2021-03-21T18:01:07.027Z","season":13,"tournament":-1,"type":117,"day":116,"phase":13,"category":1,"description":"Mummy Melcon's pitching was boosted.","nuts":19}