{"id":"b95696b3-e117-46c8-bdbe-f8ade8f036a3","playerTags":["13a05157-6172-4431-947b-a058217b4aa5"],"teamTags":["979aee4a-6d80-4863-bf1c-ee1a78e06024"],"gameTags":[],"metadata":{"type":0,"after":0.36068430479639507,"before":0.3406279771308936,"parent":"77737781-2296-478f-b823-5e8c4ce802f5"},"created":"2021-04-11T18:16:46.731Z","season":14,"tournament":-1,"type":117,"day":113,"phase":13,"category":1,"description":"Spears Taylor's hitting was boosted.","nuts":1}