{"id":"b9c71f71-b7ac-41e4-b1f8-0d0c11efafd2","playerTags":[],"teamTags":["979aee4a-6d80-4863-bf1c-ee1a78e06024"],"gameTags":[],"metadata":{"type":0,"after":0.6179647486315213,"before":0.6069903372080614,"parent":"77737781-2296-478f-b823-5e8c4ce802f5"},"created":"2021-04-11T18:16:46.731Z","season":14,"tournament":-1,"type":117,"day":113,"phase":13,"category":1,"description":"The Fridays were boosted.","nuts":2}