{"id":"ba4c544e-f50f-4031-9a49-8bceb0a83f99","playerTags":["20be1c34-071d-40c6-8824-dde2af184b4d"],"teamTags":["b63be8c2-576a-4d6e-8daf-814f8bcea96f"],"gameTags":[],"metadata":{"type":1,"after":1.1538686519787007,"before":1.105839162408946,"parent":"6f679ab0-a8c4-44e4-ad78-37bf75057e40"},"created":"2021-03-14T18:01:07.562Z","season":12,"tournament":-1,"type":117,"day":115,"phase":13,"category":1,"description":"Qais Dogwalker's pitching was boosted.","nuts":1}