{"id":"ba91e75e-5c75-4918-b46e-21acb2275ab0","playerTags":["3822990b-5ee0-404a-9e06-846bb29f3faf"],"teamTags":["bb4a9de5-c924-4923-a0cb-9d1445f1ee5d"],"gameTags":[],"metadata":{"type":0,"after":0.47704331691253576,"before":0.3560376094552368,"parent":"ac4d14b5-1bb1-49f6-bdf5-361c955bd742"},"created":"2021-03-07T19:01:05.430Z","season":11,"tournament":-1,"type":117,"day":115,"phase":13,"category":1,"description":"Cantus Hojo's hitting was boosted.","nuts":0}