{"id":"baa60130-e8f9-4f02-964f-3ec936775145","playerTags":["9397ed91-608e-4b13-98ea-e94c795f651e"],"teamTags":["9debc64f-74b7-4ae1-a4d6-fce0144b6ea5"],"gameTags":[],"metadata":{"type":0,"after":0.6975154305291217,"before":0.6535260864174753,"parent":"8c2cf85d-13ef-43b1-ae80-48501ce3a655"},"created":"2021-03-14T18:01:07.465Z","season":12,"tournament":-1,"type":117,"day":115,"phase":13,"category":1,"description":"Yeong-Ho Garcia's hitting was boosted.","nuts":1}