{"id":"bb0ce1a0-8e69-4cf0-a7a4-0790ce713bd4","playerTags":["0813d43c-b938-49da-acef-65b73f27b099"],"teamTags":["bb4a9de5-c924-4923-a0cb-9d1445f1ee5d"],"gameTags":[],"metadata":{"type":3,"after":0.927139887217791,"before":0.8841725605338766,"parent":"0afadc76-bd72-4a6b-94b2-4f8aa539e80d"},"created":"2021-03-14T18:01:07.538Z","season":12,"tournament":-1,"type":117,"day":115,"phase":13,"category":1,"description":"Scratch Deleuze's baserunning was boosted.","nuts":3}