{"id":"bb738416-40c7-4794-b5a1-8b76373872dd","playerTags":["04931546-1b4a-469f-b391-7ed67afe824c"],"teamTags":["3f8bbb15-61c0-4e3f-8e4a-907a5fb1565e"],"gameTags":[],"metadata":{"type":3,"after":0.9912769547380483,"before":0.9546055665315526,"parent":"0afadc76-bd72-4a6b-94b2-4f8aa539e80d"},"created":"2021-03-14T18:01:07.537Z","season":12,"tournament":-1,"type":117,"day":115,"phase":13,"category":1,"description":"Glabe Moon's baserunning was boosted.","nuts":1}