{"id":"bbd158da-fc53-487e-ae1e-c9b901893d86","playerTags":["72fb797a-aea8-4723-b7e4-d110c301320e"],"teamTags":["bb4a9de5-c924-4923-a0cb-9d1445f1ee5d"],"gameTags":[],"metadata":{"type":1,"after":0.608250854042988,"before":0.49709125234585516,"parent":"a63dbb5e-3524-429e-9481-2fe0d899e884"},"created":"2021-04-11T18:16:46.743Z","season":14,"tournament":-1,"type":117,"day":113,"phase":13,"category":1,"description":"Persephone Splotter's pitching was boosted.","nuts":3}