{"id":"bc32ec08-6205-4bb5-86f3-1836ce3d1c08","playerTags":["0f61d948-4f0c-4550-8410-ae1c7f9f5613"],"teamTags":["a37f9158-7f82-46bc-908c-c9e2dda7c33b"],"gameTags":[],"metadata":{"type":4,"after":2.3715993315754815,"before":1.379980490620107,"parent":"3c9990f2-6762-403d-a1ff-bb5800765936"},"created":"2021-03-07T19:01:04.293Z","season":11,"tournament":-1,"type":117,"day":115,"phase":13,"category":1,"description":"Tamara Crankit is Infused.","nuts":2}