{"id":"bd615734-60cc-4bbe-98c7-81a17322c985","playerTags":["be18d363-752d-4e4a-b06b-1a7e4641400b"],"teamTags":["3f8bbb15-61c0-4e3f-8e4a-907a5fb1565e"],"gameTags":[],"metadata":{"type":0,"after":0.9198241944004367,"before":0.8821476660127193,"parent":"8c2cf85d-13ef-43b1-ae80-48501ce3a655"},"created":"2021-03-14T18:01:07.464Z","season":12,"tournament":-1,"type":117,"day":115,"phase":13,"category":1,"description":"Scores Baserunner's hitting was boosted.","nuts":3}