{"id":"bd743e82-75eb-44a1-ad1b-48739427125d","playerTags":["51dab868-820b-4969-8bba-bde0be8090d7"],"teamTags":["46358869-dce9-4a01-bfba-ac24fc56f57e"],"gameTags":[],"metadata":{"type":0,"after":0.25956615589717746,"before":0.08340740183828958,"parent":"e2bcb905-7b24-4c63-920a-ca79128bf390"},"created":"2021-04-11T18:16:46.691Z","season":14,"tournament":-1,"type":117,"day":113,"phase":13,"category":1,"description":"Cravel Gesundheit's hitting was boosted.","nuts":1}