{"id":"be645fec-5742-4861-b171-12ff4f42220a","playerTags":["0cc5bd39-e90d-42f9-9dd8-7e703f316436"],"teamTags":["b63be8c2-576a-4d6e-8daf-814f8bcea96f"],"gameTags":[],"metadata":{"type":0,"after":0.5372864154708551,"before":0.49374477048834364,"parent":"8c2cf85d-13ef-43b1-ae80-48501ce3a655"},"created":"2021-03-14T18:01:07.462Z","season":12,"tournament":-1,"type":117,"day":115,"phase":13,"category":1,"description":"Don Elliott's hitting was boosted.","nuts":0}