{"id":"c02673be-d8c9-40b7-b2b8-9cc46546d868","playerTags":["6644d767-ab15-4528-a4ce-ae1f8aadb65f"],"teamTags":["f02aeae2-5e6a-4098-9842-02d2273f25c7"],"gameTags":[],"metadata":{"type":3,"after":0.3154486801909768,"before":0.27570574753839294,"parent":"7680c8c1-8203-4fa7-8093-2faca4ef4744"},"created":"2021-04-11T18:16:46.589Z","season":14,"tournament":-1,"type":117,"day":113,"phase":13,"category":1,"description":"Paula Reddick's baserunning was boosted.","nuts":5}