{"id":"c0b289e5-8fa9-492b-9943-2343d25bd7b6","playerTags":["2918be01-e1aa-4de6-8239-fe62f37769de"],"teamTags":["bb4a9de5-c924-4923-a0cb-9d1445f1ee5d"],"gameTags":[],"metadata":{"type":1,"after":0.4479121610210348,"before":0.37248050781860786,"parent":"a63dbb5e-3524-429e-9481-2fe0d899e884"},"created":"2021-04-11T18:16:46.743Z","season":14,"tournament":-1,"type":117,"day":113,"phase":13,"category":1,"description":"Avi Jones' pitching was boosted.","nuts":2}