{"id":"c19f1c63-cbf9-401f-a7e4-35a25b749a4e","playerTags":["41ad8060-2bbe-4872-a879-22cb102bb64c"],"teamTags":["9debc64f-74b7-4ae1-a4d6-fce0144b6ea5"],"gameTags":[],"metadata":{"type":3,"after":0.49958807772588,"before":0.4600195896920255,"parent":"0afadc76-bd72-4a6b-94b2-4f8aa539e80d"},"created":"2021-03-14T18:01:07.538Z","season":12,"tournament":-1,"type":117,"day":115,"phase":13,"category":1,"description":"Yrjö Kerfuffle's baserunning was boosted.","nuts":0}