{"id":"c2ce0529-8b2e-4319-9fae-0f5c937c1cf4","playerTags":["ff5a37d9-a6dd-49aa-b6fb-b935fd670820"],"teamTags":["3f8bbb15-61c0-4e3f-8e4a-907a5fb1565e"],"gameTags":[],"metadata":{"type":2,"after":0.7349835675694982,"before":0.7013413099006229,"parent":"43d15d9f-5e50-4cbf-88c3-9e82948d9b2a"},"created":"2021-03-14T18:01:07.481Z","season":12,"tournament":-1,"type":117,"day":115,"phase":13,"category":1,"description":"Dunn Keyes' defense was boosted.","nuts":1}