{"id":"c3b00a3b-c88e-4010-960e-84b802958abc","playerTags":["be18d363-752d-4e4a-b06b-1a7e4641400b"],"teamTags":["3f8bbb15-61c0-4e3f-8e4a-907a5fb1565e"],"gameTags":[],"metadata":{"type":3,"after":0.6407485941205046,"before":0.6011528075623109,"parent":"0afadc76-bd72-4a6b-94b2-4f8aa539e80d"},"created":"2021-03-14T18:01:07.537Z","season":12,"tournament":-1,"type":117,"day":115,"phase":13,"category":1,"description":"Scores Baserunner's baserunning was boosted.","nuts":6}