{"id":"c4b8ab1e-f045-4158-b925-83bb4f8fcde3","playerTags":["75f9d874-5e69-438d-900d-a3fcb1d429b3"],"teamTags":["3f8bbb15-61c0-4e3f-8e4a-907a5fb1565e"],"gameTags":[],"metadata":{"type":0,"after":0.25741707318562823,"before":0.2120844772404486,"parent":"8c2cf85d-13ef-43b1-ae80-48501ce3a655"},"created":"2021-03-14T18:01:07.464Z","season":12,"tournament":-1,"type":117,"day":115,"phase":13,"category":1,"description":"Moses Mason's hitting was boosted.","nuts":1}