{"id":"c5140b95-fa45-4ac0-bc87-de46f8471161","playerTags":["503a235f-9fa6-41b5-8514-9475c944273f"],"teamTags":["9debc64f-74b7-4ae1-a4d6-fce0144b6ea5"],"gameTags":[],"metadata":{"type":2,"after":0.7964232005471674,"before":0.7806040520183692,"parent":"645acdf2-c2a7-4cb0-9e64-c72c65518b84"},"created":"2021-04-11T18:16:46.711Z","season":14,"tournament":-1,"type":117,"day":113,"phase":13,"category":1,"description":"Reese Clark's defense was boosted.","nuts":1}