{"id":"c545af67-a66a-455a-84fe-9ac7cfaa48c6","playerTags":["63df8701-1871-4987-87d7-b55d4f1df2e9"],"teamTags":["878c1bf6-0d21-4659-bfee-916c8314d69c"],"gameTags":[],"metadata":{"type":3,"after":0.9988139511660329,"before":0.9619142709768916,"parent":"0afadc76-bd72-4a6b-94b2-4f8aa539e80d"},"created":"2021-03-14T18:01:07.534Z","season":12,"tournament":-1,"type":117,"day":115,"phase":13,"category":1,"description":"Mcdowell Mason's baserunning was boosted.","nuts":3}