{"id":"c57a95de-d119-45d7-8e7d-b2ba92d41c72","playerTags":["ccd6068b-2735-4072-bfe5-571a5d57c285"],"teamTags":["bb4a9de5-c924-4923-a0cb-9d1445f1ee5d"],"gameTags":[],"metadata":{"type":4,"after":2.946681108937692,"before":2.8212897351173085,"parent":"f60be295-6226-48f3-897f-a2a8e019a02b"},"created":"2021-04-11T18:16:08.335Z","season":14,"tournament":-1,"type":117,"day":113,"phase":13,"category":1,"description":"Ephraim Ladd entered the Shadows.","nuts":2}