{"id":"c5cf774a-b671-4964-8978-fe52d7b4aabc","playerTags":["03b80a57-77ea-4913-9be4-7a85c3594745"],"teamTags":["878c1bf6-0d21-4659-bfee-916c8314d69c"],"gameTags":[],"metadata":{"type":3,"after":0.4466949733560683,"before":0.40171367937660624,"parent":"0afadc76-bd72-4a6b-94b2-4f8aa539e80d"},"created":"2021-03-14T18:01:07.534Z","season":12,"tournament":-1,"type":117,"day":115,"phase":13,"category":1,"description":"Halexandrey Walton's baserunning was boosted.","nuts":3}