{"id":"c673f020-e77c-49a3-97db-70bd5c853680","playerTags":["12577256-bc4e-4955-81d6-b422d895fb12"],"teamTags":["b63be8c2-576a-4d6e-8daf-814f8bcea96f"],"gameTags":[],"metadata":{"type":3,"after":0.47412536331203686,"before":0.4330329417727991,"parent":"0afadc76-bd72-4a6b-94b2-4f8aa539e80d"},"created":"2021-03-14T18:01:07.536Z","season":12,"tournament":-1,"type":117,"day":115,"phase":13,"category":1,"description":"Jasmine Washington's baserunning was boosted.","nuts":0}