{"id":"c800215d-4b6e-48b1-960a-7b60691b29ff","playerTags":["06ced607-7f96-41e7-a8cd-b501d11d1a7e"],"teamTags":["9debc64f-74b7-4ae1-a4d6-fce0144b6ea5"],"gameTags":[],"metadata":{"type":0,"after":0.3332547693095704,"before":0.28042447000154597,"parent":"8c2cf85d-13ef-43b1-ae80-48501ce3a655"},"created":"2021-03-14T18:01:07.465Z","season":12,"tournament":-1,"type":117,"day":115,"phase":13,"category":1,"description":"Morrow Wilson's hitting was boosted.","nuts":0}