{"id":"c84d4553-574a-44d5-a4fc-7b3d1bf879b3","playerTags":["20be1c34-071d-40c6-8824-dde2af184b4d"],"teamTags":["b63be8c2-576a-4d6e-8daf-814f8bcea96f"],"gameTags":[],"metadata":{"type":2,"after":0.9776907870111776,"before":0.9459963441373661,"parent":"43d15d9f-5e50-4cbf-88c3-9e82948d9b2a"},"created":"2021-03-14T18:01:07.480Z","season":12,"tournament":-1,"type":117,"day":115,"phase":13,"category":1,"description":"Qais Dogwalker's defense was boosted.","nuts":0}