{"id":"c9b7c10e-e1ac-4e6f-be71-0a954e116a6a","playerTags":["888fce7a-0d21-478a-9b45-4662193fe9aa"],"teamTags":["46358869-dce9-4a01-bfba-ac24fc56f57e"],"gameTags":[],"metadata":{"type":1,"after":0.8892187574252143,"before":0.8575804712132957,"parent":"965c2afd-a17e-41e3-bb71-89c7c979da25"},"created":"2021-04-11T18:16:46.671Z","season":14,"tournament":-1,"type":117,"day":113,"phase":13,"category":1,"description":"Jolene Willowtree's pitching was boosted.","nuts":3}