{"id":"c9d0ae7a-f656-4a9e-af60-36d1224c0073","playerTags":["8cd06abf-be10-4a35-a3ab-1a408a329147"],"teamTags":["3f8bbb15-61c0-4e3f-8e4a-907a5fb1565e"],"gameTags":[],"metadata":{"type":3,"after":0.5208293134870016,"before":0.4750931566382817,"parent":"0afadc76-bd72-4a6b-94b2-4f8aa539e80d"},"created":"2021-03-14T18:01:07.536Z","season":12,"tournament":-1,"type":117,"day":115,"phase":13,"category":1,"description":"Gloria Bugsnax's baserunning was boosted.","nuts":1}