{"id":"ca3c79fb-152d-4392-a4e0-e4507a759cb4","playerTags":["28964497-0efe-420c-9c1d-8574f224a4e9"],"teamTags":["3f8bbb15-61c0-4e3f-8e4a-907a5fb1565e"],"gameTags":[],"metadata":{"type":2,"after":0.5774701556133124,"before":0.5356164366817898,"parent":"43d15d9f-5e50-4cbf-88c3-9e82948d9b2a"},"created":"2021-03-14T18:01:07.480Z","season":12,"tournament":-1,"type":117,"day":115,"phase":13,"category":1,"description":"Inez Owens' defense was boosted.","nuts":1}