{"id":"ca868912-3887-4308-8729-59e09ff46a3f","playerTags":["03b80a57-77ea-4913-9be4-7a85c3594745"],"teamTags":["878c1bf6-0d21-4659-bfee-916c8314d69c"],"gameTags":[],"metadata":{"type":3,"after":0.40171367937660624,"before":0.20734884294068823,"parent":"40bd388c-a354-4b22-b324-91bc30dc499c"},"created":"2021-03-07T19:01:05.461Z","season":11,"tournament":-1,"type":117,"day":115,"phase":13,"category":1,"description":"Halexandrey Walton's baserunning was boosted.","nuts":2}