{"id":"ca8d1b04-3ab4-4bb8-95b9-5efa4ec48ccd","playerTags":["ce7d33b7-1bba-48d6-a1d1-cd0e29231be8"],"teamTags":["8d87c468-699a-47a8-b40d-cfb73a5660ad"],"gameTags":[],"metadata":{"type":2,"after":0.7577354645146054,"before":0.617456988291231,"parent":"37f42e1a-6336-4922-913b-cdce94a0321f"},"created":"2021-03-07T19:01:05.476Z","season":11,"tournament":-1,"type":117,"day":115,"phase":13,"category":1,"description":"Jacoby Podcast's defense was boosted.","nuts":3}