{"id":"cbad6c25-ef2d-4c2c-b278-e57b757a0044","playerTags":["dddb6485-0527-4523-9bec-324a5b66bf37"],"teamTags":["eb67ae5e-c4bf-46ca-bbbc-425cd34182ff"],"gameTags":[],"metadata":{"type":0,"after":0.7456758048809463,"before":0.6417090068105759,"parent":"ac4d14b5-1bb1-49f6-bdf5-361c955bd742"},"created":"2021-03-07T19:01:05.429Z","season":11,"tournament":-1,"type":117,"day":115,"phase":13,"category":1,"description":"Beans McBlase's hitting was boosted.","nuts":0}