{"id":"cc69e384-5ebf-4d9b-be16-390affc19303","playerTags":["d8ee256f-e3d0-46cb-8c77-b1f88d8c9df9"],"teamTags":["9debc64f-74b7-4ae1-a4d6-fce0144b6ea5"],"gameTags":[],"metadata":{"type":2,"after":0.5197131540744854,"before":0.4972278234993749,"parent":"645acdf2-c2a7-4cb0-9e64-c72c65518b84"},"created":"2021-04-11T18:16:46.710Z","season":14,"tournament":-1,"type":117,"day":113,"phase":13,"category":1,"description":"Comfort Septemberish's defense was boosted.","nuts":3}