{"id":"ccf0c1fe-152b-4d86-b25f-a11bdd7ba86f","playerTags":["8903a74f-f322-41d2-bd75-dbf7563c4abb"],"teamTags":["b63be8c2-576a-4d6e-8daf-814f8bcea96f"],"gameTags":[],"metadata":{"type":0,"after":0.8401014258561832,"before":0.7989497904768658,"parent":"8c2cf85d-13ef-43b1-ae80-48501ce3a655"},"created":"2021-03-14T18:01:07.463Z","season":12,"tournament":-1,"type":117,"day":115,"phase":13,"category":1,"description":"Francisca Sasquatch's hitting was boosted.","nuts":0}