{"id":"cdddcd9c-de86-4e93-993a-866975752b05","playerTags":["bbf9543f-f100-445a-a467-81d7aab12236"],"teamTags":["bb4a9de5-c924-4923-a0cb-9d1445f1ee5d"],"gameTags":[],"metadata":{"type":2,"after":0.45889391853767436,"before":0.41699512690317814,"parent":"43d15d9f-5e50-4cbf-88c3-9e82948d9b2a"},"created":"2021-03-14T18:01:07.484Z","season":12,"tournament":-1,"type":117,"day":115,"phase":13,"category":1,"description":"Farrell Seagull's defense was boosted.","nuts":0}