{"id":"ce3b2526-ce54-4b9f-bbe4-1ca913a1b3c4","playerTags":[],"teamTags":["747b8e4a-7e50-4638-a973-ea7950a3e739"],"gameTags":[],"metadata":{"type":1,"after":0.7798436423521014,"before":0.7503947288004094,"parent":"72dadbd9-afb8-45e5-8dbc-bdda81f0632f"},"created":"2021-03-21T18:01:07.028Z","season":13,"tournament":-1,"type":117,"day":116,"phase":13,"category":1,"description":"The Tigers' pitching was boosted.","nuts":8}