{"id":"cf21132c-85dd-4fff-a7ed-9813aef5b0d8","playerTags":["333067fd-c2b4-4045-a9a4-e87a8d0332d0"],"teamTags":["f02aeae2-5e6a-4098-9842-02d2273f25c7"],"gameTags":[],"metadata":{"type":2,"after":0.4293696300242405,"before":0.3543079987152986,"parent":"43d15d9f-5e50-4cbf-88c3-9e82948d9b2a"},"created":"2021-03-14T18:01:07.482Z","season":12,"tournament":-1,"type":117,"day":115,"phase":13,"category":1,"description":"Miguel James' defense was boosted.","nuts":3}