{"id":"cf43d8fa-e749-4c62-b287-14bfa316f83a","playerTags":["285ce77d-e5cd-4daa-9784-801347140d48"],"teamTags":["9debc64f-74b7-4ae1-a4d6-fce0144b6ea5"],"gameTags":[],"metadata":{"type":0,"after":0.6447988474801095,"before":0.6045790458447965,"parent":"8c2cf85d-13ef-43b1-ae80-48501ce3a655"},"created":"2021-03-14T18:01:07.465Z","season":12,"tournament":-1,"type":117,"day":115,"phase":13,"category":1,"description":"Son Scotch's hitting was boosted.","nuts":0}