{"id":"cf9f0a38-178f-4dc3-8ed7-198038523782","playerTags":["94844fad-9519-4c14-8ab3-d38606a7bb44"],"teamTags":["105bc3ff-1320-4e37-8ef0-8d595cb95dd0"],"gameTags":[],"metadata":{"type":3,"after":0.38654754864155366,"before":0.30806355732903185,"parent":"12ffbdec-a405-4040-8537-7bf303131459"},"created":"2021-04-11T18:16:46.760Z","season":14,"tournament":-1,"type":117,"day":113,"phase":13,"category":1,"description":"Conditional Yuniesky's baserunning was boosted.","nuts":1}