{"id":"d0274724-8414-4a05-a5db-9944274d210e","playerTags":["333067fd-c2b4-4045-a9a4-e87a8d0332d0"],"teamTags":["f02aeae2-5e6a-4098-9842-02d2273f25c7"],"gameTags":[],"metadata":{"type":1,"after":0.6850579006978594,"before":0.6349587566741779,"parent":"6f679ab0-a8c4-44e4-ad78-37bf75057e40"},"created":"2021-03-14T18:01:07.563Z","season":12,"tournament":-1,"type":117,"day":115,"phase":13,"category":1,"description":"Miguel James' pitching was boosted.","nuts":4}