{"id":"d06bfd1e-27ea-4a54-87a5-a53bd850249b","playerTags":["af6b3edc-ed52-4edc-b0c9-14e0a5ae0ee3"],"teamTags":["b63be8c2-576a-4d6e-8daf-814f8bcea96f"],"gameTags":[],"metadata":{"type":4,"after":3.1380320734899843,"before":2.333501778961808,"parent":"eb7d3672-fd7a-4ebb-9c43-aae0f98b15a6"},"created":"2021-03-14T18:01:06.129Z","season":12,"tournament":-1,"type":117,"day":115,"phase":13,"category":1,"description":"Rivers Clembons is Infused.","nuts":0}