{"id":"d0c4d87f-2f71-4486-a1b2-8e7d6e111e9f","playerTags":["c0998a08-de15-4187-b903-2e096ffa08e5"],"teamTags":["b63be8c2-576a-4d6e-8daf-814f8bcea96f"],"gameTags":[],"metadata":{"type":0,"after":0.8759180239420753,"before":0.8380683014752186,"parent":"8c2cf85d-13ef-43b1-ae80-48501ce3a655"},"created":"2021-03-14T18:01:07.462Z","season":12,"tournament":-1,"type":117,"day":115,"phase":13,"category":1,"description":"Cannonball Sports' hitting was boosted.","nuts":1}