{"id":"d0f63e49-fe56-4bc7-95d0-170425aa25d3","playerTags":["75f9d874-5e69-438d-900d-a3fcb1d429b3"],"teamTags":["3f8bbb15-61c0-4e3f-8e4a-907a5fb1565e"],"gameTags":[],"metadata":{"type":2,"after":0.37134037905685546,"before":0.28028300627318375,"parent":"43d15d9f-5e50-4cbf-88c3-9e82948d9b2a"},"created":"2021-03-14T18:01:07.481Z","season":12,"tournament":-1,"type":117,"day":115,"phase":13,"category":1,"description":"Moses Mason's defense was boosted.","nuts":0}