{"id":"d1432f7f-29ac-4535-88db-513d3994687a","playerTags":["04e14d7b-5021-4250-a3cd-932ba8e0a889"],"teamTags":["105bc3ff-1320-4e37-8ef0-8d595cb95dd0"],"gameTags":[],"metadata":{"type":4,"after":2.356849886359778,"before":2.224824172683491,"parent":"767040e2-c610-4d3a-bca9-1fdb6dd7558f"},"created":"2021-03-14T18:01:06.240Z","season":12,"tournament":-1,"type":117,"day":115,"phase":13,"category":1,"description":"Jaylen Hotdogfingers entered the Shadows.","nuts":17}