{"id":"d178880e-1fc6-4732-910d-104f8f02d544","playerTags":["e4e4c17d-8128-4704-9e04-f244d4573c4d"],"teamTags":["ca3f1c8c-c025-4d8e-8eef-5be6accbeb16"],"gameTags":[],"metadata":{"type":1,"after":0.7485053964464563,"before":0.6280306481687261,"parent":"47cd3d8a-c30d-480b-97d4-533fbcf14cff"},"created":"2021-03-07T19:01:05.448Z","season":11,"tournament":-1,"type":117,"day":115,"phase":13,"category":1,"description":"Wesley Poole's pitching was boosted.","nuts":1}