{"id":"d1e767ce-1e79-478d-9716-f06d3d04b0b3","playerTags":["d23a1f7e-0071-444e-8361-6ae01f13036f"],"teamTags":["a37f9158-7f82-46bc-908c-c9e2dda7c33b"],"gameTags":[],"metadata":{"type":4,"after":2.3911903719616956,"before":2.2835251745184926,"parent":"284ccadc-ec29-4ea1-bbc2-58c48096c080"},"created":"2021-04-11T18:16:08.178Z","season":14,"tournament":-1,"type":117,"day":113,"phase":13,"category":1,"description":"Edric Tosser entered the Shadows.","nuts":2}