{"id":"d2a48ba5-8512-4bf9-9574-79b589edcf85","playerTags":["dfd5ccbb-90ed-4bfe-83e0-dae9cc763f10"],"teamTags":["3f8bbb15-61c0-4e3f-8e4a-907a5fb1565e"],"gameTags":[],"metadata":{"type":4,"after":1.3911850495024851,"before":1.1915137574684818,"parent":"05e7ae92-3b79-4471-b194-5a6df4f77c38"},"created":"2021-03-21T18:01:05.110Z","season":13,"tournament":-1,"type":117,"day":116,"phase":13,"category":1,"description":"Owen Picklestein entered the Shadows.","nuts":10}