{"id":"d32a3d20-801b-4ee7-a08f-b0ef449cccbf","playerTags":["c31d874c-1b4d-40f2-a1b3-42542e934047"],"teamTags":["eb67ae5e-c4bf-46ca-bbbc-425cd34182ff"],"gameTags":[],"metadata":{"type":0,"after":0.5571148108278803,"before":0.45647296286178957,"parent":"ac4d14b5-1bb1-49f6-bdf5-361c955bd742"},"created":"2021-03-07T19:01:05.429Z","season":11,"tournament":-1,"type":117,"day":115,"phase":13,"category":1,"description":"Cedric Spliff's hitting was boosted.","nuts":0}