{"id":"d48bc1aa-8a99-4fcf-bd83-3f1f146f4011","playerTags":["7158d158-e7bf-4e9b-9259-62e5b25e3de8"],"teamTags":["9debc64f-74b7-4ae1-a4d6-fce0144b6ea5"],"gameTags":[],"metadata":{"type":4,"after":2.3696732477099576,"before":2.2464190237319164,"parent":"df26d217-67c3-4006-a32f-ae2e3040f571"},"created":"2021-03-21T18:01:05.206Z","season":13,"tournament":-1,"type":117,"day":116,"phase":13,"category":1,"description":"Karato Bean entered the Shadows.","nuts":7}