{"id":"d4afaa1e-e526-4b71-bc74-a235e996d363","playerTags":["855775c1-266f-40f6-b07b-3a67ccdf8551"],"teamTags":["3f8bbb15-61c0-4e3f-8e4a-907a5fb1565e"],"gameTags":[],"metadata":{"type":0,"after":0.7706061135337559,"before":0.73142869104777,"parent":"8c2cf85d-13ef-43b1-ae80-48501ce3a655"},"created":"2021-03-14T18:01:07.463Z","season":12,"tournament":-1,"type":117,"day":115,"phase":13,"category":1,"description":"Nic Winkler's hitting was boosted.","nuts":2}