{"id":"d4c302db-61a5-4415-b74d-15b8866d5327","playerTags":["cbd19e6f-3d08-4734-b23f-585330028665"],"teamTags":["d9f89a8a-c563-493e-9d64-78e4f9a55d4a"],"gameTags":[],"metadata":{"type":4,"after":3.8258323456707704,"before":3.7220984789640634,"parent":"b7946f9c-c451-4ec7-8ec7-ba858a5e772a"},"created":"2021-03-21T18:01:06.242Z","season":13,"tournament":-1,"type":117,"day":116,"phase":13,"category":1,"description":"Knight Triumphant entered the Shadows.","nuts":6}