{"id":"d565d088-6f70-4ec6-bebb-efd610292b04","playerTags":["316abea7-9890-4fb8-aaea-86b35e24d9be"],"teamTags":["ca3f1c8c-c025-4d8e-8eef-5be6accbeb16"],"gameTags":[],"metadata":{"type":1,"after":0.5287342133030167,"before":0.4167327204685279,"parent":"47cd3d8a-c30d-480b-97d4-533fbcf14cff"},"created":"2021-03-07T19:01:05.448Z","season":11,"tournament":-1,"type":117,"day":115,"phase":13,"category":1,"description":"Kennedy Rodgers' pitching was boosted.","nuts":0}