{"id":"d6d2a453-966b-4160-9e8b-19083bb8d3f5","playerTags":[],"teamTags":["bb4a9de5-c924-4923-a0cb-9d1445f1ee5d"],"gameTags":[],"metadata":{"type":2,"after":0.5954934356830538,"before":0.47895457259955465,"parent":"43d15d9f-5e50-4cbf-88c3-9e82948d9b2a"},"created":"2021-03-14T18:01:07.484Z","season":12,"tournament":-1,"type":117,"day":115,"phase":13,"category":1,"description":"Flotation Protocols Activated for the Wild Low.","nuts":0}