{"id":"d81d2862-98b8-492b-b737-a538075aebed","playerTags":["9397ed91-608e-4b13-98ea-e94c795f651e"],"teamTags":["9debc64f-74b7-4ae1-a4d6-fce0144b6ea5"],"gameTags":[],"metadata":{"type":2,"after":0.8364592860980845,"before":0.8127317572719117,"parent":"645acdf2-c2a7-4cb0-9e64-c72c65518b84"},"created":"2021-04-11T18:16:46.710Z","season":14,"tournament":-1,"type":117,"day":113,"phase":13,"category":1,"description":"Yeong-Ho Garcia's defense was boosted.","nuts":2}