{"id":"d8dca1d0-837c-4284-bda4-d495c6ea9b67","playerTags":["d8ee256f-e3d0-46cb-8c77-b1f88d8c9df9"],"teamTags":["9debc64f-74b7-4ae1-a4d6-fce0144b6ea5"],"gameTags":[],"metadata":{"type":0,"after":0.9785740255196593,"before":0.9372441175135062,"parent":"8c2cf85d-13ef-43b1-ae80-48501ce3a655"},"created":"2021-03-14T18:01:07.465Z","season":12,"tournament":-1,"type":117,"day":115,"phase":13,"category":1,"description":"Comfort Septemberish's hitting was boosted.","nuts":1}