{"id":"d918f3ff-25e8-4e71-8a0d-728a4afe62d8","playerTags":["7a75d626-d4fd-474f-a862-473138d8c376"],"teamTags":["979aee4a-6d80-4863-bf1c-ee1a78e06024"],"gameTags":[],"metadata":{"type":0,"after":1.3681171267021135,"before":1.3463401619959932,"parent":"77737781-2296-478f-b823-5e8c4ce802f5"},"created":"2021-04-11T18:16:46.732Z","season":14,"tournament":-1,"type":117,"day":113,"phase":13,"category":1,"description":"Beck Whitney's hitting was boosted.","nuts":3}