{"id":"d93319a5-e564-4b22-92da-bab032f518de","playerTags":["28964497-0efe-420c-9c1d-8574f224a4e9"],"teamTags":["3f8bbb15-61c0-4e3f-8e4a-907a5fb1565e"],"gameTags":[],"metadata":{"type":0,"after":0.6125665336863991,"before":0.5727189816387002,"parent":"8c2cf85d-13ef-43b1-ae80-48501ce3a655"},"created":"2021-03-14T18:01:07.463Z","season":12,"tournament":-1,"type":117,"day":115,"phase":13,"category":1,"description":"Inez Owens' hitting was boosted.","nuts":1}