{"id":"d9eeeb22-3722-4710-8808-0025f3b4ef70","playerTags":["f56657d3-3bdc-4840-a20c-91aca9cc360e"],"teamTags":["9debc64f-74b7-4ae1-a4d6-fce0144b6ea5"],"gameTags":[],"metadata":{"type":2,"after":0.5233683596930436,"before":0.48246606650924473,"parent":"43d15d9f-5e50-4cbf-88c3-9e82948d9b2a"},"created":"2021-03-14T18:01:07.482Z","season":12,"tournament":-1,"type":117,"day":115,"phase":13,"category":1,"description":"Malik Romayne's defense was boosted.","nuts":1}