{"id":"da6f5e0a-e217-4a64-8757-8e5f73260713","playerTags":["5703141c-25d9-46d0-b680-0cf9cfbf4777"],"teamTags":["f02aeae2-5e6a-4098-9842-02d2273f25c7"],"gameTags":[],"metadata":{"type":1,"after":0.660674273010324,"before":0.6131421673352283,"parent":"6f679ab0-a8c4-44e4-ad78-37bf75057e40"},"created":"2021-03-14T18:01:07.563Z","season":12,"tournament":-1,"type":117,"day":115,"phase":13,"category":1,"description":"Sandoval Crossing's pitching was boosted.","nuts":1}