{"id":"dab9b52e-9d61-443b-abeb-e5e0559d25b0","playerTags":["3822990b-5ee0-404a-9e06-846bb29f3faf"],"teamTags":["bb4a9de5-c924-4923-a0cb-9d1445f1ee5d"],"gameTags":[],"metadata":{"type":0,"after":0.5557056778832127,"before":0.5119059911724266,"parent":"8c2cf85d-13ef-43b1-ae80-48501ce3a655"},"created":"2021-03-14T18:01:07.466Z","season":12,"tournament":-1,"type":117,"day":115,"phase":13,"category":1,"description":"Cantus Hojo's hitting was boosted.","nuts":0}