{"id":"db70c4ad-481a-4183-a26a-ae9a3b81514f","playerTags":["2da49de2-34e5-49d0-b752-af2a2ee061be"],"teamTags":["3f8bbb15-61c0-4e3f-8e4a-907a5fb1565e"],"gameTags":[],"metadata":{"type":1,"after":0.8696121568821665,"before":0.822066842512125,"parent":"6f679ab0-a8c4-44e4-ad78-37bf75057e40"},"created":"2021-03-14T18:01:07.563Z","season":12,"tournament":-1,"type":117,"day":115,"phase":13,"category":1,"description":"Cory Twelve's pitching was boosted.","nuts":2}