{"id":"dbb301e6-93c4-4d2a-b37a-242af6c04acb","playerTags":["b7267aba-6114-4d53-a519-bf6c99f4e3a9"],"teamTags":["9debc64f-74b7-4ae1-a4d6-fce0144b6ea5"],"gameTags":[],"metadata":{"type":2,"after":0.9646080066502615,"before":0.9349396346133201,"parent":"43d15d9f-5e50-4cbf-88c3-9e82948d9b2a"},"created":"2021-03-14T18:01:07.483Z","season":12,"tournament":-1,"type":117,"day":115,"phase":13,"category":1,"description":"Sosa Hayes' defense was boosted.","nuts":1}