{"id":"dbf70c5b-811b-41e0-90fa-0fbcdbe2755b","playerTags":["37061380-ac95-4018-854e-c308073945e9"],"teamTags":["bb4a9de5-c924-4923-a0cb-9d1445f1ee5d"],"gameTags":[],"metadata":{"type":1,"after":0.6633401256753784,"before":0.5815608433415482,"parent":"a63dbb5e-3524-429e-9481-2fe0d899e884"},"created":"2021-04-11T18:16:46.743Z","season":14,"tournament":-1,"type":117,"day":113,"phase":13,"category":1,"description":"Bartleby Zhivago's pitching was boosted.","nuts":2}