{"id":"dc8f5fc3-aba9-4994-95e7-cdc1acc1e132","playerTags":["c09e64b6-8248-407e-b3af-1931b880dbee"],"teamTags":["3f8bbb15-61c0-4e3f-8e4a-907a5fb1565e"],"gameTags":[],"metadata":{"type":0,"after":0.8635793552007429,"before":0.8241819568584677,"parent":"8c2cf85d-13ef-43b1-ae80-48501ce3a655"},"created":"2021-03-14T18:01:07.463Z","season":12,"tournament":-1,"type":117,"day":115,"phase":13,"category":1,"description":"Lenny Spruce's hitting was boosted.","nuts":1}