{"id":"dcd820eb-79f0-4434-87a3-54bdf195c879","playerTags":["f2468055-e880-40bf-8ac6-a0763d846eb2"],"teamTags":["105bc3ff-1320-4e37-8ef0-8d595cb95dd0"],"gameTags":[],"metadata":{"type":4,"after":2.0778556801615258,"before":1.1134718130009618,"parent":"6436998c-ceb6-4210-9ea5-de5252fda293"},"created":"2021-03-14T18:01:06.232Z","season":12,"tournament":-1,"type":117,"day":115,"phase":13,"category":1,"description":"Alaynabella Hollywood is Infused.","nuts":3}