{"id":"ddca8f8d-7be5-46f3-b07a-2f2fd2c787ae","playerTags":["167751d5-210c-4a6e-9568-e92d61bab185"],"teamTags":["979aee4a-6d80-4863-bf1c-ee1a78e06024"],"gameTags":[],"metadata":{"type":0,"after":0.884622161920888,"before":0.8536641665592802,"parent":"77737781-2296-478f-b823-5e8c4ce802f5"},"created":"2021-04-11T18:16:46.731Z","season":14,"tournament":-1,"type":117,"day":113,"phase":13,"category":1,"description":"Jacob Winner's hitting was boosted.","nuts":1}