{"id":"def32d42-95cf-4916-b2a9-8952e4850967","playerTags":["30218684-7fa1-41a5-a3b3-5d9cd97dd36b"],"teamTags":["9debc64f-74b7-4ae1-a4d6-fce0144b6ea5"],"gameTags":[],"metadata":{"type":1,"after":0.6387129883336606,"before":0.5883127187016337,"parent":"6f679ab0-a8c4-44e4-ad78-37bf75057e40"},"created":"2021-03-14T18:01:07.564Z","season":12,"tournament":-1,"type":117,"day":115,"phase":13,"category":1,"description":"Jordan Hildebert's pitching was boosted.","nuts":0}