{"id":"df64e0d9-8971-4212-9887-e203cd7aa8be","playerTags":["61bbbf34-98c1-4bf6-bd0c-56c19199b35e"],"teamTags":["8d87c468-699a-47a8-b40d-cfb73a5660ad"],"gameTags":[],"metadata":{"type":2,"after":0.8381823787380248,"before":0.7052029830696949,"parent":"37f42e1a-6336-4922-913b-cdce94a0321f"},"created":"2021-03-07T19:01:05.476Z","season":11,"tournament":-1,"type":117,"day":115,"phase":13,"category":1,"description":"Squid Galvanic's defense was boosted.","nuts":1}