{"id":"e0c3a199-b616-492e-a49d-dba3b207a444","playerTags":["a7d8196a-ca6b-4dab-a9d7-c27f3e86cc21"],"teamTags":["eb67ae5e-c4bf-46ca-bbbc-425cd34182ff"],"gameTags":[],"metadata":{"type":0,"after":0.9429965619368775,"before":0.8513266513749158,"parent":"ac4d14b5-1bb1-49f6-bdf5-361c955bd742"},"created":"2021-03-07T19:01:05.429Z","season":11,"tournament":-1,"type":117,"day":115,"phase":13,"category":1,"description":"Commissioner Vapor's hitting was boosted.","nuts":1}