{"id":"e11746f5-7387-4d37-b758-ea597af5ac3e","playerTags":["425f3f84-bab0-4cf2-91c1-96e78cf5cd02"],"teamTags":["8d87c468-699a-47a8-b40d-cfb73a5660ad"],"gameTags":[],"metadata":{"type":2,"after":0.9227182086032659,"before":0.8053225046482438,"parent":"37f42e1a-6336-4922-913b-cdce94a0321f"},"created":"2021-03-07T19:01:05.475Z","season":11,"tournament":-1,"type":117,"day":115,"phase":13,"category":1,"description":"Luis Acevedo's defense was boosted.","nuts":1}