{"id":"e14cfce2-c685-4e2e-aa73-d3c50303bded","playerTags":["c4dec95e-78a1-4840-b209-b3b597181534"],"teamTags":["36569151-a2fb-43c1-9df7-2df512424c82"],"gameTags":[],"metadata":{"type":4,"after":1.756059519158591,"before":1.6279877860846623,"parent":"99e18224-8d57-45d9-8ed9-56bfba16b6f6"},"created":"2021-03-07T19:01:04.332Z","season":11,"tournament":-1,"type":117,"day":115,"phase":13,"category":1,"description":"Charlatan Seabright entered the Shadows.","nuts":1}