{"id":"e1935e6c-b6da-479e-93ed-2b9a3dd786fb","playerTags":["bfd9ff52-9bf6-4aaf-a859-d308d8f29616"],"teamTags":["ca3f1c8c-c025-4d8e-8eef-5be6accbeb16"],"gameTags":[],"metadata":{"type":4,"after":0.7784585996753941,"before":0.5829287182479761,"parent":"e38e70cb-e1d7-4a1b-85f5-0a9173e56799"},"created":"2021-03-07T19:01:04.359Z","season":11,"tournament":-1,"type":117,"day":115,"phase":13,"category":1,"description":"Declan Suzanne entered the Shadows.","nuts":0}