{"id":"e23c9fa8-a552-42f9-b711-74ce0c14fe8d","playerTags":["37efef78-2df4-4c76-800c-43d4faf07737"],"teamTags":["747b8e4a-7e50-4638-a973-ea7950a3e739"],"gameTags":[],"metadata":{"type":2,"after":0.6880812438991609,"before":0.6311334760406453,"parent":"f67b4930-7f2b-470d-ad98-701adb72c20b"},"created":"2021-04-11T18:16:46.597Z","season":14,"tournament":-1,"type":117,"day":113,"phase":13,"category":1,"description":"Lenix Ren's defense was boosted.","nuts":2}