{"id":"e3bab68a-c90d-4d82-b013-fdf579782006","playerTags":["096bb9b5-5ea8-4da1-a113-57a5fc9e9b67"],"teamTags":["46358869-dce9-4a01-bfba-ac24fc56f57e"],"gameTags":[],"metadata":{"type":0,"after":0.6218016376153171,"before":0.5857207931775262,"parent":"e2bcb905-7b24-4c63-920a-ca79128bf390"},"created":"2021-04-11T18:16:46.691Z","season":14,"tournament":-1,"type":117,"day":113,"phase":13,"category":1,"description":"Jasper Ji-Eun's hitting was boosted.","nuts":1}