{"id":"e421911b-281b-45b2-bac1-0bd6853ac5fb","playerTags":["d4a10c2a-0c28-466a-9213-38ba3339b65e"],"teamTags":["f02aeae2-5e6a-4098-9842-02d2273f25c7"],"gameTags":[],"metadata":{"type":3,"after":0.7106061376738916,"before":0.6829534529006158,"parent":"7680c8c1-8203-4fa7-8093-2faca4ef4744"},"created":"2021-04-11T18:16:46.589Z","season":14,"tournament":-1,"type":117,"day":113,"phase":13,"category":1,"description":"Richmond Harrison's baserunning was boosted.","nuts":7}