{"id":"e45d875c-8c54-4cdb-9ebb-bfb49a6a8748","playerTags":["c22e3af5-9001-465f-b450-864d7db2b4a0"],"teamTags":["b63be8c2-576a-4d6e-8daf-814f8bcea96f"],"gameTags":[],"metadata":{"type":4,"after":3.3640953542321963,"before":2.379022578971991,"parent":"9829b62f-7fb6-4acb-a1bb-640bd0b1bcda"},"created":"2021-03-07T19:01:04.477Z","season":11,"tournament":-1,"type":117,"day":115,"phase":13,"category":1,"description":"Logan Horseman is Infused.","nuts":0}