{"id":"e493e416-98b2-4372-82ff-575685b801cf","playerTags":["3822990b-5ee0-404a-9e06-846bb29f3faf"],"teamTags":["bb4a9de5-c924-4923-a0cb-9d1445f1ee5d"],"gameTags":[],"metadata":{"type":2,"after":0.9186499608882998,"before":0.8883282737700422,"parent":"43d15d9f-5e50-4cbf-88c3-9e82948d9b2a"},"created":"2021-03-14T18:01:07.484Z","season":12,"tournament":-1,"type":117,"day":115,"phase":13,"category":1,"description":"Cantus Hojo's defense was boosted.","nuts":0}