{"id":"e5507d47-1d97-4fbc-bb97-11352a7ae594","playerTags":["dfd5ccbb-90ed-4bfe-83e0-dae9cc763f10"],"teamTags":["3f8bbb15-61c0-4e3f-8e4a-907a5fb1565e"],"gameTags":[],"metadata":{"type":1,"after":0.347005341916768,"before":0.3058947846971967,"parent":"6f679ab0-a8c4-44e4-ad78-37bf75057e40"},"created":"2021-03-14T18:01:07.563Z","season":12,"tournament":-1,"type":117,"day":115,"phase":13,"category":1,"description":"Owen Picklestein's pitching was boosted.","nuts":1}