{"id":"e631e885-aee7-4639-b4d6-7e7199d5c8cc","playerTags":["7a75d626-d4fd-474f-a862-473138d8c376"],"teamTags":["b63be8c2-576a-4d6e-8daf-814f8bcea96f"],"gameTags":[],"metadata":{"type":0,"after":1.2000781131027858,"before":1.1634736835692823,"parent":"8c2cf85d-13ef-43b1-ae80-48501ce3a655"},"created":"2021-03-14T18:01:07.463Z","season":12,"tournament":-1,"type":117,"day":115,"phase":13,"category":1,"description":"Beck Whitney's hitting was boosted.","nuts":0}