{"id":"e642d18a-5ce1-4df1-a965-2f62d8c50236","playerTags":["81a0889a-4606-4f49-b419-866b57331383"],"teamTags":["105bc3ff-1320-4e37-8ef0-8d595cb95dd0"],"gameTags":[],"metadata":{"type":3,"after":0.5262598573670704,"before":0.4945908501739711,"parent":"12ffbdec-a405-4040-8537-7bf303131459"},"created":"2021-04-11T18:16:46.760Z","season":14,"tournament":-1,"type":117,"day":113,"phase":13,"category":1,"description":"Summers Pony's baserunning was boosted.","nuts":2}