{"id":"e666b2e1-54e1-4299-a843-ecc65ca30373","playerTags":["b323f897-ccf9-4200-8870-249cbe19f904"],"teamTags":["23e4cbc1-e9cd-47fa-a35b-bfa06f726cb7"],"gameTags":[],"metadata":{"type":4,"after":2.7057885765842453,"before":1.8708040030359363,"parent":"2b881cec-c3cf-4a8e-9b20-b2cabd3daecb"},"created":"2021-03-07T19:01:04.671Z","season":11,"tournament":-1,"type":117,"day":115,"phase":13,"category":1,"description":"Huber Frumple is Infused.","nuts":2}