{"id":"e68956fc-c073-48b9-8462-ba94f773c8b7","playerTags":["c6a277c3-d2b5-4363-839b-950896a5ec5e"],"teamTags":["105bc3ff-1320-4e37-8ef0-8d595cb95dd0"],"gameTags":[],"metadata":{"type":3,"after":0.3180389772193678,"before":0.2511604652027366,"parent":"12ffbdec-a405-4040-8537-7bf303131459"},"created":"2021-04-11T18:16:46.761Z","season":14,"tournament":-1,"type":117,"day":113,"phase":13,"category":1,"description":"Mike Townsend's baserunning was boosted.","nuts":8}