{"id":"e75acb4e-7fbb-4da8-a45c-69a60a68438b","playerTags":["27839754-c351-43ec-9bff-ca662a2385b9"],"teamTags":["bb4a9de5-c924-4923-a0cb-9d1445f1ee5d"],"gameTags":[],"metadata":{"type":2,"after":0.6826782290526487,"before":0.6470127725612107,"parent":"43d15d9f-5e50-4cbf-88c3-9e82948d9b2a"},"created":"2021-03-14T18:01:07.484Z","season":12,"tournament":-1,"type":117,"day":115,"phase":13,"category":1,"description":"Loubert Ji-Eun's defense was boosted.","nuts":0}