{"id":"e8292c95-bdd5-4926-aeba-dfe8285f04ab","playerTags":["41ad8060-2bbe-4872-a879-22cb102bb64c"],"teamTags":["9debc64f-74b7-4ae1-a4d6-fce0144b6ea5"],"gameTags":[],"metadata":{"type":0,"after":0.5215700539037067,"before":0.43578587907788324,"parent":"8c2cf85d-13ef-43b1-ae80-48501ce3a655"},"created":"2021-03-14T18:01:07.465Z","season":12,"tournament":-1,"type":117,"day":115,"phase":13,"category":1,"description":"Yrjö Kerfuffle's hitting was boosted.","nuts":1}