{"id":"e88e0a88-e34b-4b32-b343-e90d3a29f9f2","playerTags":["26cfccf2-850e-43eb-b085-ff73ad0749b8"],"teamTags":["23e4cbc1-e9cd-47fa-a35b-bfa06f726cb7"],"gameTags":[],"metadata":{"type":4,"after":2.54337781113791,"before":1.6674032185526293,"parent":"66ff4743-3764-4939-9820-9912fc354f6a"},"created":"2021-03-21T18:01:04.661Z","season":13,"tournament":-1,"type":117,"day":116,"phase":13,"category":1,"description":"Beasley Day is Infused.","nuts":12}