{"id":"e9456e2b-3344-47d7-b446-ebb76774ae0c","playerTags":["06ced607-7f96-41e7-a8cd-b501d11d1a7e"],"teamTags":["9debc64f-74b7-4ae1-a4d6-fce0144b6ea5"],"gameTags":[],"metadata":{"type":3,"after":0.2408387552029086,"before":0.14313397690808374,"parent":"0afadc76-bd72-4a6b-94b2-4f8aa539e80d"},"created":"2021-03-14T18:01:07.538Z","season":12,"tournament":-1,"type":117,"day":115,"phase":13,"category":1,"description":"Morrow Wilson's baserunning was boosted.","nuts":0}