{"id":"e9f75326-3727-4df0-a909-3b99afaec684","playerTags":["f883269f-117e-45ec-bb1e-fa8dbcf40d3e"],"teamTags":["f02aeae2-5e6a-4098-9842-02d2273f25c7"],"gameTags":[],"metadata":{"type":1,"after":0.7861318111746664,"before":0.7408451002149671,"parent":"6f679ab0-a8c4-44e4-ad78-37bf75057e40"},"created":"2021-03-14T18:01:07.563Z","season":12,"tournament":-1,"type":117,"day":115,"phase":13,"category":1,"description":"Jayden Wright's pitching was boosted.","nuts":1}