{"id":"eab214f2-63ad-42f7-ace4-2e9d1fe55836","playerTags":["80e474a3-7d2b-431d-8192-2f1e27162607"],"teamTags":["57ec08cc-0411-4643-b304-0e80dbc15ac7"],"gameTags":[],"metadata":{"type":0,"after":0.9054905026600579,"before":0.6010831493860013,"parent":"b9c3fb8b-19c9-45b4-9578-35220f96c107"},"created":"2021-04-11T18:16:08.062Z","season":14,"tournament":-1,"type":117,"day":113,"phase":13,"category":1,"description":"Summers Preston's Batting is Infused.","nuts":4}