{"id":"eabd4a26-ae51-452e-bc92-95d3b9696c7c","playerTags":["64f4cd75-0c1e-42cf-9ff0-e41c4756f22a"],"teamTags":["adc5b394-8f76-416d-9ce9-813706877b84"],"gameTags":[],"metadata":{"type":4,"after":1.584510605396789,"before":1.4655528513757377,"parent":"44d87dd8-e963-4647-95e1-b70547c22872"},"created":"2021-03-21T18:01:04.933Z","season":13,"tournament":-1,"type":117,"day":116,"phase":13,"category":1,"description":"--e- --varado entered the Shadows.","nuts":10}