{"id":"ed389b51-8b93-4dce-bd7d-1e851f2687fa","playerTags":["238f8c50-311f-4486-a734-e1a17606af4d"],"teamTags":["eb67ae5e-c4bf-46ca-bbbc-425cd34182ff"],"gameTags":[],"metadata":{"type":4,"after":2.2260000926663865,"before":1.1904607618380276,"parent":"df96a6a0-d99f-400a-86c8-68fdc3959d07"},"created":"2021-03-21T18:01:04.257Z","season":13,"tournament":-1,"type":117,"day":116,"phase":13,"category":1,"description":"Lucien Patchwork is Infused.","nuts":23}