{"id":"ed40a997-00f6-4ff0-9cd8-c1fe6dd9ae2e","playerTags":["51c5473a-7545-4a9a-920d-d9b718d0e8d1"],"teamTags":["3f8bbb15-61c0-4e3f-8e4a-907a5fb1565e"],"gameTags":[],"metadata":{"type":2,"after":0.2730324151464403,"before":0.14097594307158742,"parent":"43d15d9f-5e50-4cbf-88c3-9e82948d9b2a"},"created":"2021-03-14T18:01:07.480Z","season":12,"tournament":-1,"type":117,"day":115,"phase":13,"category":1,"description":"Jacob Haynes' defense was boosted.","nuts":1}