{"id":"ed4ccf7c-c008-4486-89a1-27e39ec3f662","playerTags":["d2d76815-cbdc-4c4b-9c9e-32ebf2297cc7"],"teamTags":["9debc64f-74b7-4ae1-a4d6-fce0144b6ea5"],"gameTags":[],"metadata":{"type":0,"after":0.7918817880957904,"before":0.7531700858774405,"parent":"8c2cf85d-13ef-43b1-ae80-48501ce3a655"},"created":"2021-03-14T18:01:07.465Z","season":12,"tournament":-1,"type":117,"day":115,"phase":13,"category":1,"description":"Denzel Scott's hitting was boosted.","nuts":1}