{"id":"ef97e975-e7b2-44b4-9d93-2ed95df64eef","playerTags":["9d6f3d23-bc26-40e6-93aa-0b1c693e0ba8"],"teamTags":["b63be8c2-576a-4d6e-8daf-814f8bcea96f"],"gameTags":[],"metadata":{"type":3,"after":0.30679700047914554,"before":0.2503780522147072,"parent":"0afadc76-bd72-4a6b-94b2-4f8aa539e80d"},"created":"2021-03-14T18:01:07.535Z","season":12,"tournament":-1,"type":117,"day":115,"phase":13,"category":1,"description":"Riley Firewall's baserunning was boosted.","nuts":0}