{"id":"f1c9c07b-b199-408c-be2e-ca557e4e901c","playerTags":["8cf78b49-d0ca-4703-88e8-4bcad26c44b1"],"teamTags":["9debc64f-74b7-4ae1-a4d6-fce0144b6ea5"],"gameTags":[],"metadata":{"type":2,"after":0.8159758884903385,"before":0.7931032031694876,"parent":"645acdf2-c2a7-4cb0-9e64-c72c65518b84"},"created":"2021-04-11T18:16:46.710Z","season":14,"tournament":-1,"type":117,"day":113,"phase":13,"category":1,"description":"Avila Guzman's defense was boosted.","nuts":3}