{"id":"f338b18a-4e7e-4d83-9343-3dd5a4ee99a5","playerTags":["1f930140-9fc6-4240-9ef6-e7ac065eaefb"],"teamTags":["d9f89a8a-c563-493e-9d64-78e4f9a55d4a"],"gameTags":[],"metadata":{"type":4,"after":1.873500507891242,"before":1.7283237051281244,"parent":"1c8614ad-4b0f-4032-9eff-b97d6c94e4f9"},"created":"2021-03-14T18:01:06.407Z","season":12,"tournament":-1,"type":117,"day":115,"phase":13,"category":1,"description":"Neerie McCloud entered the Shadows.","nuts":0}