{"id":"f3e5d8a7-8927-41c0-a146-38690c891dff","playerTags":["d35ccee1-9559-49a1-aaa4-7809f7b5c46e"],"teamTags":["8d87c468-699a-47a8-b40d-cfb73a5660ad"],"gameTags":[],"metadata":{"type":2,"after":0.7735627764514417,"before":0.6316792027315512,"parent":"37f42e1a-6336-4922-913b-cdce94a0321f"},"created":"2021-03-07T19:01:05.476Z","season":11,"tournament":-1,"type":117,"day":115,"phase":13,"category":1,"description":"Forrest Best's defense was boosted.","nuts":5}