{"id":"f4092841-fce7-4068-bd23-18b8eca0c5e1","playerTags":["e6114fd4-a11d-4f6c-b823-65691bb2d288"],"teamTags":["8d87c468-699a-47a8-b40d-cfb73a5660ad"],"gameTags":[],"metadata":{"type":4,"after":2.3416522753723643,"before":2.2190000179556035,"parent":"084d9d8e-1cbc-46a4-8c53-8d09f9cf689e"},"created":"2021-03-07T19:01:04.716Z","season":11,"tournament":-1,"type":117,"day":115,"phase":13,"category":1,"description":"Bevan Underbuck entered the Shadows.","nuts":1}