{"id":"f469126e-0f73-418a-b082-4d35c9f3b388","playerTags":["f9930cb1-7ed2-4b9a-bf4f-7e35f2586d71"],"teamTags":["8d87c468-699a-47a8-b40d-cfb73a5660ad"],"gameTags":[],"metadata":{"type":2,"after":0.6003958229896875,"before":0.420956353807425,"parent":"37f42e1a-6336-4922-913b-cdce94a0321f"},"created":"2021-03-07T19:01:05.476Z","season":11,"tournament":-1,"type":117,"day":115,"phase":13,"category":1,"description":"Finn James' defense was boosted.","nuts":0}