{"id":"f4dc2af7-62f8-44db-844b-2ecf8082ee3a","playerTags":["2a8b371f-d2eb-4be7-b89f-aff10edb4412"],"teamTags":["747b8e4a-7e50-4638-a973-ea7950a3e739"],"gameTags":[],"metadata":{"type":2,"after":0.487521325852663,"before":0.4114823105411334,"parent":"f67b4930-7f2b-470d-ad98-701adb72c20b"},"created":"2021-04-11T18:16:46.596Z","season":14,"tournament":-1,"type":117,"day":113,"phase":13,"category":1,"description":"Fenry Wobin's defense was boosted.","nuts":2}