{"id":"f4de8893-5f0a-402a-8cbe-1bd77b25717f","playerTags":["888fce7a-0d21-478a-9b45-4662193fe9aa"],"teamTags":["46358869-dce9-4a01-bfba-ac24fc56f57e"],"gameTags":[],"metadata":{"type":4,"after":3.1399754693085895,"before":2.1761736463592443,"parent":"10440b7f-6519-436a-ae90-3971ebf45805"},"created":"2021-03-21T18:01:05.851Z","season":13,"tournament":-1,"type":117,"day":116,"phase":13,"category":1,"description":"Jolene Willowtree is Infused.","nuts":16}