{"id":"f4f41d6a-c322-4ea3-b0ce-5086aada2b37","playerTags":["7a75d626-d4fd-474f-a862-473138d8c376"],"teamTags":["b63be8c2-576a-4d6e-8daf-814f8bcea96f"],"gameTags":[],"metadata":{"type":2,"after":0.9365967142784023,"before":0.9068715296020508,"parent":"43d15d9f-5e50-4cbf-88c3-9e82948d9b2a"},"created":"2021-03-14T18:01:07.479Z","season":12,"tournament":-1,"type":117,"day":115,"phase":13,"category":1,"description":"Beck Whitney's defense was boosted.","nuts":0}