{"id":"f5bfe93f-34f5-45c3-9e00-99bfe0928caa","playerTags":["de21c97e-f575-43b7-8be7-ecc5d8c4eaff"],"teamTags":["bb4a9de5-c924-4923-a0cb-9d1445f1ee5d"],"gameTags":[],"metadata":{"type":0,"after":0.6811976864584652,"before":0.5697236018554998,"parent":"ac4d14b5-1bb1-49f6-bdf5-361c955bd742"},"created":"2021-03-07T19:01:05.430Z","season":11,"tournament":-1,"type":117,"day":115,"phase":13,"category":1,"description":"Pitching Machine's hitting was boosted.","nuts":0}