{"id":"f61b51ea-2b9c-4276-982e-6614f0b72e4e","playerTags":["e4034192-4dc6-4901-bb30-07fe3cf77b5e"],"teamTags":["8d87c468-699a-47a8-b40d-cfb73a5660ad"],"gameTags":[],"metadata":{"type":2,"after":0.6789875714464491,"before":0.508874289200017,"parent":"37f42e1a-6336-4922-913b-cdce94a0321f"},"created":"2021-03-07T19:01:05.476Z","season":11,"tournament":-1,"type":117,"day":115,"phase":13,"category":1,"description":"Baldwin Breadwinner's defense was boosted.","nuts":0}