{"id":"f63f0dfa-eafa-41ff-beae-dc3ada74fcae","playerTags":["f6b38e56-0d98-4e00-a96e-345aaac1e653"],"teamTags":["105bc3ff-1320-4e37-8ef0-8d595cb95dd0"],"gameTags":[],"metadata":{"type":3,"after":0.605879726281261,"before":0.5482273353538509,"parent":"12ffbdec-a405-4040-8537-7bf303131459"},"created":"2021-04-11T18:16:46.761Z","season":14,"tournament":-1,"type":117,"day":113,"phase":13,"category":1,"description":"Leticia Snyder's baserunning was boosted.","nuts":1}