{"id":"f6f9cc17-42c1-4ccc-8a3d-2d1f5097c911","playerTags":["750a7ba9-e595-40be-93e5-4021f1f9460d"],"teamTags":["bb4a9de5-c924-4923-a0cb-9d1445f1ee5d"],"gameTags":[],"metadata":{"type":0,"after":0.653946299605653,"before":0.6127232881263206,"parent":"8c2cf85d-13ef-43b1-ae80-48501ce3a655"},"created":"2021-03-14T18:01:07.466Z","season":12,"tournament":-1,"type":117,"day":115,"phase":13,"category":1,"description":"Lenny Crumb's hitting was boosted.","nuts":0}