{"id":"f7d06da5-6026-4264-8ba3-ecfc0a85884f","playerTags":["fa40d6ea-e24b-4422-9df1-0643ab202c5f"],"teamTags":["c73b705c-40ad-4633-a6ed-d357ee2e2bcf"],"gameTags":[],"metadata":{"type":4,"after":2.8335943389301033,"before":1.7852396118709555,"parent":"61caf888-7c4b-433d-a8bc-18fa245bb5f2"},"created":"2021-03-14T18:01:06.484Z","season":12,"tournament":-1,"type":117,"day":115,"phase":13,"category":1,"description":"Coolname Galvanic is Infused.","nuts":0}