{"id":"f81312f5-68ae-4a45-a802-84a2d87ef9fd","playerTags":["41ad8060-2bbe-4872-a879-22cb102bb64c"],"teamTags":["9debc64f-74b7-4ae1-a4d6-fce0144b6ea5"],"gameTags":[],"metadata":{"type":2,"after":0.7023312275435315,"before":0.6626315608435592,"parent":"43d15d9f-5e50-4cbf-88c3-9e82948d9b2a"},"created":"2021-03-14T18:01:07.483Z","season":12,"tournament":-1,"type":117,"day":115,"phase":13,"category":1,"description":"Yrjö Kerfuffle's defense was boosted.","nuts":0}