{"id":"f852db4f-4bb9-4a72-8182-71159e682a86","playerTags":["f9930cb1-7ed2-4b9a-bf4f-7e35f2586d71"],"teamTags":["8d87c468-699a-47a8-b40d-cfb73a5660ad"],"gameTags":[],"metadata":{"type":1,"after":0.7865157148010274,"before":0.6568783081463693,"parent":"47cd3d8a-c30d-480b-97d4-533fbcf14cff"},"created":"2021-03-07T19:01:05.449Z","season":11,"tournament":-1,"type":117,"day":115,"phase":13,"category":1,"description":"Finn James' pitching was boosted.","nuts":2}