{"id":"f879622d-92f8-4367-bb5e-4f7a994f5f45","playerTags":["89f74891-2e25-4b5a-bd99-c95ba3f36aa0"],"teamTags":["f02aeae2-5e6a-4098-9842-02d2273f25c7"],"gameTags":[],"metadata":{"type":4,"after":3.1891186764961197,"before":3.0720417607007704,"parent":"f999da5b-45a5-4c4a-b150-1609f0828ff6"},"created":"2021-04-11T18:16:07.716Z","season":14,"tournament":-1,"type":117,"day":113,"phase":13,"category":1,"description":"Nagomi Nava entered the Shadows.","nuts":15}