{"id":"f89e018e-76bf-4e48-b81f-d70a4fbb9ff4","playerTags":["dfd5ccbb-90ed-4bfe-83e0-dae9cc763f10"],"teamTags":["3f8bbb15-61c0-4e3f-8e4a-907a5fb1565e"],"gameTags":[],"metadata":{"type":2,"after":0.6701054200396042,"before":0.6325370961337097,"parent":"43d15d9f-5e50-4cbf-88c3-9e82948d9b2a"},"created":"2021-03-14T18:01:07.481Z","season":12,"tournament":-1,"type":117,"day":115,"phase":13,"category":1,"description":"Owen Picklestein's defense was boosted.","nuts":0}