{"id":"f9b5ee94-ec2d-4e22-b2f7-7c7f524f1554","playerTags":["9abe02fb-2b5a-432f-b0af-176be6bd62cf"],"teamTags":["747b8e4a-7e50-4638-a973-ea7950a3e739"],"gameTags":[],"metadata":{"type":2,"after":0.7154631598874848,"before":0.6741073321120877,"parent":"f67b4930-7f2b-470d-ad98-701adb72c20b"},"created":"2021-04-11T18:16:46.596Z","season":14,"tournament":-1,"type":117,"day":113,"phase":13,"category":1,"description":"Nagomi Meng's defense was boosted.","nuts":2}