{"id":"f9cba8ee-ea14-4c31-8fd8-461f76c3654f","playerTags":["d8742d68-8fce-4d52-9a49-f4e33bd2a6fc"],"teamTags":["105bc3ff-1320-4e37-8ef0-8d595cb95dd0"],"gameTags":[],"metadata":{"type":3,"after":0.4118549579877641,"before":0.3438626816303226,"parent":"12ffbdec-a405-4040-8537-7bf303131459"},"created":"2021-04-11T18:16:46.761Z","season":14,"tournament":-1,"type":117,"day":113,"phase":13,"category":1,"description":"Ortiz Morse's baserunning was boosted.","nuts":3}