{"id":"fb8ae33d-c71d-44f3-a4d9-bd13873fd913","playerTags":["2b5f5dd7-e31f-4829-bec5-546652103bc0"],"teamTags":["f02aeae2-5e6a-4098-9842-02d2273f25c7"],"gameTags":[],"metadata":{"type":0,"after":1.048644001313151,"before":1.0096009760562537,"parent":"8c2cf85d-13ef-43b1-ae80-48501ce3a655"},"created":"2021-03-14T18:01:07.464Z","season":12,"tournament":-1,"type":117,"day":115,"phase":13,"category":1,"description":"Dudley Mueller's hitting was boosted.","nuts":5}