{"id":"fbb80283-6294-42f9-9727-6b095733bd8a","playerTags":["63df8701-1871-4987-87d7-b55d4f1df2e9"],"teamTags":["878c1bf6-0d21-4659-bfee-916c8314d69c"],"gameTags":[],"metadata":{"type":0,"after":0.9579926877643489,"before":0.9203220156562322,"parent":"8c2cf85d-13ef-43b1-ae80-48501ce3a655"},"created":"2021-03-14T18:01:07.461Z","season":12,"tournament":-1,"type":117,"day":115,"phase":13,"category":1,"description":"Mcdowell Mason's hitting was boosted.","nuts":2}