{"id":"fbdbe5c0-06cd-4305-af81-99232e254fbf","playerTags":["9ac2e7c5-5a34-4738-98d8-9f917bc6d119"],"teamTags":["979aee4a-6d80-4863-bf1c-ee1a78e06024"],"gameTags":[],"metadata":{"type":0,"after":0.5882731235901928,"before":0.5555053797701941,"parent":"77737781-2296-478f-b823-5e8c4ce802f5"},"created":"2021-04-11T18:16:46.732Z","season":14,"tournament":-1,"type":117,"day":113,"phase":13,"category":1,"description":"Christian Combs' hitting was boosted.","nuts":1}