{"id":"fc174cc5-3bb4-4731-9d97-5abafc4acc39","playerTags":["6f9de777-e812-4c84-915c-ef283c9f0cde"],"teamTags":["105bc3ff-1320-4e37-8ef0-8d595cb95dd0"],"gameTags":[],"metadata":{"type":4,"after":3.3757142571873455,"before":3.2763876281661544,"parent":"5b4a6756-48ae-4102-bd71-0a5afcb073f1"},"created":"2021-03-21T18:01:05.918Z","season":13,"tournament":-1,"type":117,"day":116,"phase":13,"category":1,"description":"Arturo Huerta entered the Shadows.","nuts":11}