{"id":"fc406653-cd71-4918-9c58-097a7fe598cd","playerTags":["ce58415f-4e62-47e2-a2c9-4d6a85961e1e"],"teamTags":["105bc3ff-1320-4e37-8ef0-8d595cb95dd0"],"gameTags":[],"metadata":{"type":3,"after":0.8195909035548583,"before":0.7267313134903097,"parent":"12ffbdec-a405-4040-8537-7bf303131459"},"created":"2021-04-11T18:16:46.761Z","season":14,"tournament":-1,"type":117,"day":113,"phase":13,"category":1,"description":"Schneider Blanco's baserunning was boosted.","nuts":1}