{"id":"fc72b4fd-bddc-45b5-b806-a537d4562815","playerTags":["e111a46d-5ada-4311-ac4f-175cca3357da"],"teamTags":["9debc64f-74b7-4ae1-a4d6-fce0144b6ea5"],"gameTags":[],"metadata":{"type":1,"after":0.8508428222836429,"before":0.7971023051602395,"parent":"6f679ab0-a8c4-44e4-ad78-37bf75057e40"},"created":"2021-03-14T18:01:07.563Z","season":12,"tournament":-1,"type":117,"day":115,"phase":13,"category":1,"description":"Alexandria Rosales' pitching was boosted.","nuts":6}