{"id":"fc8b0669-0605-4999-9f4c-4d3aca1a8fdf","playerTags":["7541fc4b-7e6b-446a-b6a3-755de46a0018"],"teamTags":["46358869-dce9-4a01-bfba-ac24fc56f57e"],"gameTags":[],"metadata":{"type":0,"after":0.6981919276258934,"before":0.6199584709416452,"parent":"e2bcb905-7b24-4c63-920a-ca79128bf390"},"created":"2021-04-11T18:16:46.691Z","season":14,"tournament":-1,"type":117,"day":113,"phase":13,"category":1,"description":"Quinns Jespersen's hitting was boosted.","nuts":0}