{"id":"fc9b904f-2f40-4357-9906-06a78d92c622","playerTags":["84a2b5f6-4955-4007-9299-3d35ae7135d3"],"teamTags":["8d87c468-699a-47a8-b40d-cfb73a5660ad"],"gameTags":[],"metadata":{"type":2,"after":0.7743851896959998,"before":0.6416904934218265,"parent":"37f42e1a-6336-4922-913b-cdce94a0321f"},"created":"2021-03-07T19:01:05.476Z","season":11,"tournament":-1,"type":117,"day":115,"phase":13,"category":1,"description":"Kennedy Loser's defense was boosted.","nuts":1}