{"id":"fcb2bb22-63a5-4229-952f-c3b3d5e055ef","playerTags":["d0d7b8fe-bad8-481f-978e-cb659304ed49"],"teamTags":["8d87c468-699a-47a8-b40d-cfb73a5660ad"],"gameTags":[],"metadata":{"type":1,"after":0.7174117784846673,"before":0.5931367978789444,"parent":"47cd3d8a-c30d-480b-97d4-533fbcf14cff"},"created":"2021-03-07T19:01:05.449Z","season":11,"tournament":-1,"type":117,"day":115,"phase":13,"category":1,"description":"Adalberto Tosser's pitching was boosted.","nuts":1}