{"id":"fcf555eb-c2bd-444f-b27e-6cfe6daa5247","playerTags":["57a19a22-f2cd-4e59-aa84-15cb0af30ba3"],"teamTags":["bb4a9de5-c924-4923-a0cb-9d1445f1ee5d"],"gameTags":[],"metadata":{"type":0,"after":1.0610198669881454,"before":1.0240389158324215,"parent":"8c2cf85d-13ef-43b1-ae80-48501ce3a655"},"created":"2021-03-14T18:01:07.466Z","season":12,"tournament":-1,"type":117,"day":115,"phase":13,"category":1,"description":"Vessalius Sundae's hitting was boosted.","nuts":0}