{"id":"fe3fb51b-ca41-4369-80c3-5f700f31dd3c","playerTags":["72fb797a-aea8-4723-b7e4-d110c301320e"],"teamTags":["bb4a9de5-c924-4923-a0cb-9d1445f1ee5d"],"gameTags":[],"metadata":{"type":1,"after":0.4046895213075015,"before":0.3461160383111199,"parent":"6f679ab0-a8c4-44e4-ad78-37bf75057e40"},"created":"2021-03-14T18:01:07.564Z","season":12,"tournament":-1,"type":117,"day":115,"phase":13,"category":1,"description":"Persephone Splotter's pitching was boosted.","nuts":0}