{"id":"fe4b0285-06df-4a3e-beaa-ebc5b1d755a0","playerTags":["2b5f5dd7-e31f-4829-bec5-546652103bc0"],"teamTags":["f02aeae2-5e6a-4098-9842-02d2273f25c7"],"gameTags":[],"metadata":{"type":2,"after":0.924193203787781,"before":0.8932955771974902,"parent":"43d15d9f-5e50-4cbf-88c3-9e82948d9b2a"},"created":"2021-03-14T18:01:07.481Z","season":12,"tournament":-1,"type":117,"day":115,"phase":13,"category":1,"description":"Dudley Mueller's defense was boosted.","nuts":5}