{"id":"fe9fe9e6-db9d-47f9-a0c5-24c3456b4099","playerTags":["de21c97e-f575-43b7-8be7-ecc5d8c4eaff"],"teamTags":["bb4a9de5-c924-4923-a0cb-9d1445f1ee5d"],"gameTags":[],"metadata":{"type":3,"after":0.6037830330421825,"before":0.5610320815676505,"parent":"0afadc76-bd72-4a6b-94b2-4f8aa539e80d"},"created":"2021-03-14T18:01:07.539Z","season":12,"tournament":-1,"type":117,"day":115,"phase":13,"category":1,"description":"Pitching Machine's baserunning was boosted.","nuts":0}