{"id":"ff8a4f82-8232-4dbc-b2af-7ecb19657b50","playerTags":["0cc5bd39-e90d-42f9-9dd8-7e703f316436"],"teamTags":["b63be8c2-576a-4d6e-8daf-814f8bcea96f"],"gameTags":[],"metadata":{"type":3,"after":0.3740873284813243,"before":0.31486535552776634,"parent":"0afadc76-bd72-4a6b-94b2-4f8aa539e80d"},"created":"2021-03-14T18:01:07.535Z","season":12,"tournament":-1,"type":117,"day":115,"phase":13,"category":1,"description":"Don Elliott's baserunning was boosted.","nuts":2}