{"id":"00997003-ec34-4040-b651-cdd23b245c15","playerTags":["0813d43c-b938-49da-acef-65b73f27b099"],"teamTags":["bb4a9de5-c924-4923-a0cb-9d1445f1ee5d"],"gameTags":[],"metadata":{"type":4,"after":1.724767929506581,"before":1.3650780582778563},"created":"2021-03-06T23:25:43.728Z","season":11,"tournament":-1,"type":117,"day":115,"phase":12,"category":1,"description":"Scratch Deleuze was boosted.","nuts":3}