{"id":"06a2ca88-c023-467f-b93e-55cf77c4ffbe","playerTags":["924de86d-260b-495b-80e1-57af5767703c"],"teamTags":["bb4a9de5-c924-4923-a0cb-9d1445f1ee5d"],"gameTags":[],"metadata":{"type":4,"after":2.1897907665155385,"before":1.9540565521491806},"created":"2021-03-06T23:25:43.732Z","season":11,"tournament":-1,"type":117,"day":115,"phase":12,"category":1,"description":"Patchwork Southwick was boosted.","nuts":1}