{"id":"08bc01be-5828-49cb-ae4e-7b8bfc9f75c8","playerTags":["3822990b-5ee0-404a-9e06-846bb29f3faf"],"teamTags":["bb4a9de5-c924-4923-a0cb-9d1445f1ee5d"],"gameTags":[],"metadata":{"type":4,"after":3.1136001293099125,"before":2.9924641116938084},"created":"2021-04-09T19:32:09.632Z","season":14,"tournament":-1,"type":117,"day":98,"phase":7,"category":1,"description":"Cantus Hojo was boosted.","nuts":19}