{"id":"09f8ea8a-a84f-46bf-85f0-79077ccf7369","playerTags":["2268f452-01b9-4e16-98bb-c07e3ce767e3"],"teamTags":["bb4a9de5-c924-4923-a0cb-9d1445f1ee5d"],"gameTags":[],"metadata":{"type":4,"after":1.8388063884836505,"before":1.5851200182024483},"created":"2021-03-06T23:25:43.731Z","season":11,"tournament":-1,"type":117,"day":115,"phase":12,"category":1,"description":"Wanda Schenn was boosted.","nuts":0}