{"id":"0d6ba998-5943-470d-9ab8-fe55acb4f60e","playerTags":["8605af4b-b235-43f8-81aa-6381ecdda756"],"teamTags":["bb4a9de5-c924-4923-a0cb-9d1445f1ee5d"],"gameTags":[],"metadata":{"type":4,"after":2.1096733846071247,"before":1.985918807580155},"created":"2021-04-09T19:32:09.633Z","season":14,"tournament":-1,"type":117,"day":98,"phase":7,"category":1,"description":"Muse Scantron was boosted.","nuts":21}