{"id":"1550a4ac-471e-4ff7-b91c-e9fb398e965f","playerTags":["8605af4b-b235-43f8-81aa-6381ecdda756"],"teamTags":["bb4a9de5-c924-4923-a0cb-9d1445f1ee5d"],"gameTags":[],"metadata":{"type":4,"after":1.847327088543901,"before":1.7070621411810418},"created":"2021-03-12T20:34:38.866Z","season":12,"tournament":-1,"type":117,"day":98,"phase":7,"category":1,"description":"Muse Scantron was boosted.","nuts":2}