{"id":"16ea4f27-964a-4f29-b9d3-92560cd802cb","playerTags":["64c92f8d-6028-495b-b81d-32c975afb2e1"],"teamTags":["bb4a9de5-c924-4923-a0cb-9d1445f1ee5d"],"gameTags":[],"metadata":{"type":4,"after":2.511286701630154,"before":2.2765657342393277},"created":"2021-03-06T23:25:43.732Z","season":11,"tournament":-1,"type":117,"day":115,"phase":12,"category":1,"description":"Enid Marlow was boosted.","nuts":0}