{"id":"18dabb0b-eefd-4193-97c0-33bffa03c450","playerTags":["ccd6068b-2735-4072-bfe5-571a5d57c285"],"teamTags":["bb4a9de5-c924-4923-a0cb-9d1445f1ee5d"],"gameTags":[],"metadata":{"type":4,"after":2.6041321703713427,"before":2.469683413412965},"created":"2021-03-12T20:34:38.866Z","season":12,"tournament":-1,"type":117,"day":98,"phase":7,"category":1,"description":"Ephraim Ladd was boosted.","nuts":0}