{"id":"23d3257d-2988-4b92-a576-74683ba32673","playerTags":["a9812a8e-67c4-434c-85cb-6ddf785cadf2"],"teamTags":["bb4a9de5-c924-4923-a0cb-9d1445f1ee5d"],"gameTags":[],"metadata":{"type":4,"after":2.1770625603978884,"before":1.9591725889795373},"created":"2021-03-06T23:25:43.729Z","season":11,"tournament":-1,"type":117,"day":115,"phase":12,"category":1,"description":"Augusta Chadwell was boosted.","nuts":0}