{"id":"28ce613e-03e9-4923-aa62-fa0a892b0f80","playerTags":[],"teamTags":["bb4a9de5-c924-4923-a0cb-9d1445f1ee5d"],"gameTags":[],"metadata":{"type":5,"after":0.6681815951251937,"before":0.6251719449458242},"created":"2021-04-09T19:32:09.630Z","season":14,"tournament":-1,"type":117,"day":98,"phase":7,"category":1,"description":"The Worms are Bottom Dwellers.","nuts":129}