{"id":"2c153218-2383-49c9-8c58-3a43a79d5795","playerTags":["a1fba555-a48c-44f3-afb6-522ea256947c"],"teamTags":["bb4a9de5-c924-4923-a0cb-9d1445f1ee5d"],"gameTags":[],"metadata":{"type":4,"after":2.256410228158705,"before":2.0033704371557315},"created":"2021-03-06T23:25:43.729Z","season":11,"tournament":-1,"type":117,"day":115,"phase":12,"category":1,"description":"Mindy Kugel was boosted.","nuts":1}