{"id":"2cdb8d75-3e8a-419a-a3c7-1a40f1b69284","playerTags":["bbf9543f-f100-445a-a467-81d7aab12236"],"teamTags":["bb4a9de5-c924-4923-a0cb-9d1445f1ee5d"],"gameTags":[],"metadata":{"type":4,"after":2.1040948737465297,"before":1.9833266780301746},"created":"2021-03-12T20:34:38.866Z","season":12,"tournament":-1,"type":117,"day":98,"phase":7,"category":1,"description":"Farrell Seagull was boosted.","nuts":0}