{"id":"3a7c90e5-92bb-4728-9851-c1688ce6ca56","playerTags":["27839754-c351-43ec-9bff-ca662a2385b9"],"teamTags":["bb4a9de5-c924-4923-a0cb-9d1445f1ee5d"],"gameTags":[],"metadata":{"type":4,"after":2.9019313072314237,"before":2.7967848040578405},"created":"2021-03-12T20:34:38.866Z","season":12,"tournament":-1,"type":117,"day":98,"phase":7,"category":1,"description":"Loubert Ji-Eun was boosted.","nuts":0}