{"id":"5005388b-bcc8-4fe6-9169-19e53e18be69","playerTags":[],"teamTags":["bb4a9de5-c924-4923-a0cb-9d1445f1ee5d"],"gameTags":[],"metadata":{"type":5,"after":0.5029396822067879,"before":0.45920428973931693},"created":"2021-03-12T20:34:38.864Z","season":12,"tournament":-1,"type":117,"day":98,"phase":7,"category":1,"description":"The Worms are Bottom Dwellers.","nuts":0}