{"id":"5e6a7c57-3133-4fc2-a020-3ace0f904895","playerTags":["3822990b-5ee0-404a-9e06-846bb29f3faf"],"teamTags":["bb4a9de5-c924-4923-a0cb-9d1445f1ee5d"],"gameTags":[],"metadata":{"type":4,"after":2.468823746116771,"before":2.2113675618540136},"created":"2021-03-06T23:25:43.728Z","season":11,"tournament":-1,"type":117,"day":115,"phase":12,"category":1,"description":"Cantus Hojo was boosted.","nuts":0}