{"id":"5fc5d8c0-b7c6-4669-a192-6f8be46ca537","playerTags":["8605af4b-b235-43f8-81aa-6381ecdda756"],"teamTags":["bb4a9de5-c924-4923-a0cb-9d1445f1ee5d"],"gameTags":[],"metadata":{"type":4,"after":1.5932764133170223,"before":1.3318451156139934},"created":"2021-03-06T23:25:43.730Z","season":11,"tournament":-1,"type":117,"day":115,"phase":12,"category":1,"description":"Muse Scantron was boosted.","nuts":0}