{"id":"67b74866-1ea5-4bc0-ae14-09ebd712db83","playerTags":["72fb797a-aea8-4723-b7e4-d110c301320e"],"teamTags":["bb4a9de5-c924-4923-a0cb-9d1445f1ee5d"],"gameTags":[],"metadata":{"type":4,"after":1.9777684224264807,"before":1.8259434754138746},"created":"2021-03-12T20:34:38.866Z","season":12,"tournament":-1,"type":117,"day":98,"phase":7,"category":1,"description":"Persephone Splotter was boosted.","nuts":0}