{"id":"71389d25-b36f-4e1f-af54-11c644d7fc61","playerTags":["57a19a22-f2cd-4e59-aa84-15cb0af30ba3"],"teamTags":["bb4a9de5-c924-4923-a0cb-9d1445f1ee5d"],"gameTags":[],"metadata":{"type":4,"after":3.131395415014506,"before":3.0101217082502054},"created":"2021-04-09T19:32:09.632Z","season":14,"tournament":-1,"type":117,"day":98,"phase":7,"category":1,"description":"Ve-salius Sundae was boosted.","nuts":22}