{"id":"727d6cd5-8517-4a79-ba85-a5ec761f5c92","playerTags":["72fb797a-aea8-4723-b7e4-d110c301320e"],"teamTags":["bb4a9de5-c924-4923-a0cb-9d1445f1ee5d"],"gameTags":[],"metadata":{"type":4,"after":1.8259434754138746,"before":1.5138156039709374},"created":"2021-03-06T23:25:43.731Z","season":11,"tournament":-1,"type":117,"day":115,"phase":12,"category":1,"description":"Persephone Splotter was boosted.","nuts":0}