{"id":"728fb07a-c2f7-4591-bd02-2f3f796ad21b","playerTags":["924de86d-260b-495b-80e1-57af5767703c"],"teamTags":["bb4a9de5-c924-4923-a0cb-9d1445f1ee5d"],"gameTags":[],"metadata":{"type":4,"after":2.8346719607243376,"before":2.7028621330564695},"created":"2021-03-12T20:34:38.867Z","season":12,"tournament":-1,"type":117,"day":98,"phase":7,"category":1,"description":"Patchwork Southwick was boosted.","nuts":0}