{"id":"78ac2b3a-c102-4a82-9a0d-305e4f95227f","playerTags":["750a7ba9-e595-40be-93e5-4021f1f9460d"],"teamTags":["bb4a9de5-c924-4923-a0cb-9d1445f1ee5d"],"gameTags":[],"metadata":{"type":4,"after":1.9244550324008802,"before":1.7699701468444977},"created":"2021-03-12T20:34:38.865Z","season":12,"tournament":-1,"type":117,"day":98,"phase":7,"category":1,"description":"Lenny Crumb was boosted.","nuts":0}