{"id":"7bee0320-41cf-415d-8e11-73d5856d32eb","playerTags":["750a7ba9-e595-40be-93e5-4021f1f9460d"],"teamTags":["bb4a9de5-c924-4923-a0cb-9d1445f1ee5d"],"gameTags":[],"metadata":{"type":4,"after":2.2152870015881696,"before":2.054606374225037},"created":"2021-04-09T19:32:09.632Z","season":14,"tournament":-1,"type":117,"day":98,"phase":7,"category":1,"description":"Lenny Crumb was boosted.","nuts":17}