{"id":"81f15c56-f91f-47c7-8446-ef3d6f61327e","playerTags":["425f3f84-bab0-4cf2-91c1-96e78cf5cd02"],"teamTags":["bb4a9de5-c924-4923-a0cb-9d1445f1ee5d"],"gameTags":[],"metadata":{"type":4,"after":2.550798974391764,"before":2.4072247970991167},"created":"2021-04-09T19:32:09.633Z","season":14,"tournament":-1,"type":117,"day":98,"phase":7,"category":1,"description":"Luis Acevedo was boosted.","nuts":17}