{"id":"82a10ab7-a10e-462b-a63e-649882cfcdca","playerTags":["57a19a22-f2cd-4e59-aa84-15cb0af30ba3"],"teamTags":["bb4a9de5-c924-4923-a0cb-9d1445f1ee5d"],"gameTags":[],"metadata":{"type":4,"after":2.899955325130285,"before":2.756078563998163},"created":"2021-03-12T20:34:38.865Z","season":12,"tournament":-1,"type":117,"day":98,"phase":7,"category":1,"description":"Vessalius Sundae was boosted.","nuts":0}