{"id":"93facdcc-2320-44de-b18f-1539bbe1c034","playerTags":["ccd6068b-2735-4072-bfe5-571a5d57c285"],"teamTags":["bb4a9de5-c924-4923-a0cb-9d1445f1ee5d"],"gameTags":[],"metadata":{"type":4,"after":1.5768432068242082,"before":1.2530160007002917},"created":"2021-03-06T23:25:43.731Z","season":11,"tournament":-1,"type":117,"day":115,"phase":12,"category":1,"description":"Ephraim Ladd was boosted.","nuts":0}