{"id":"9d577987-8b54-4d68-9b54-f8d1959c244c","playerTags":["4bf352d2-6a57-420a-9d45-b23b2b947375"],"teamTags":["bb4a9de5-c924-4923-a0cb-9d1445f1ee5d"],"gameTags":[],"metadata":{"type":4,"after":3.1332784047615996,"before":3.021595051339485},"created":"2021-04-09T19:32:09.633Z","season":14,"tournament":-1,"type":117,"day":98,"phase":7,"category":1,"description":"Rivers Rosa was boosted.","nuts":16}