{"id":"a0353cb8-4583-48f8-9e61-cbe2a946020a","playerTags":["bbf9543f-f100-445a-a467-81d7aab12236"],"teamTags":["bb4a9de5-c924-4923-a0cb-9d1445f1ee5d"],"gameTags":[],"metadata":{"type":4,"after":2.3522793366435772,"before":2.2270537677412956},"created":"2021-04-09T19:32:09.633Z","season":14,"tournament":-1,"type":117,"day":98,"phase":7,"category":1,"description":"Farrell Seagull was boosted.","nuts":20}