{"id":"a3180f9c-5deb-47ce-8a40-d2553f21bef2","playerTags":["de21c97e-f575-43b7-8be7-ecc5d8c4eaff"],"teamTags":["bb4a9de5-c924-4923-a0cb-9d1445f1ee5d"],"gameTags":[],"metadata":{"type":4,"after":3.2687387110329853,"before":3.1322394080729943},"created":"2021-03-12T20:34:38.866Z","season":12,"tournament":-1,"type":117,"day":98,"phase":7,"category":1,"description":"Pitching Machine was boosted.","nuts":0}