{"id":"ab522326-419c-476d-9c02-abed66bb7c8c","playerTags":["0813d43c-b938-49da-acef-65b73f27b099"],"teamTags":["bb4a9de5-c924-4923-a0cb-9d1445f1ee5d"],"gameTags":[],"metadata":{"type":4,"after":2.5722432477408157,"before":2.4410922429789736},"created":"2021-03-12T20:34:38.865Z","season":12,"tournament":-1,"type":117,"day":98,"phase":7,"category":1,"description":"Scratch Deleuze was boosted.","nuts":3}