{"id":"ae3a0572-cc82-4ba5-9263-2b81ef023502","playerTags":["3822990b-5ee0-404a-9e06-846bb29f3faf"],"teamTags":["bb4a9de5-c924-4923-a0cb-9d1445f1ee5d"],"gameTags":[],"metadata":{"type":4,"after":2.563629149235327,"before":2.3121805377269995},"created":"2021-03-12T20:34:38.866Z","season":12,"tournament":-1,"type":117,"day":98,"phase":7,"category":1,"description":"Cantus Hojo was boosted.","nuts":0}