{"id":"b3011710-6531-4f94-aca2-02b9fd9ac1d8","playerTags":["de21c97e-f575-43b7-8be7-ecc5d8c4eaff"],"teamTags":["bb4a9de5-c924-4923-a0cb-9d1445f1ee5d"],"gameTags":[],"metadata":{"type":4,"after":3.728234612798315,"before":3.6235020461912804},"created":"2021-04-09T19:32:09.633Z","season":14,"tournament":-1,"type":117,"day":98,"phase":7,"category":1,"description":"Pitching Machine was boosted.","nuts":38}