{"id":"bfe43ebd-4721-4b7a-8cfd-0464da491d5a","playerTags":["06fdd1ed-13a0-4eb2-a7dd-4e9551235a68"],"teamTags":["bb4a9de5-c924-4923-a0cb-9d1445f1ee5d"],"gameTags":[],"metadata":{"type":4,"after":3.2290227994366134,"before":3.0834401320285334},"created":"2021-04-09T19:32:09.633Z","season":14,"tournament":-1,"type":117,"day":98,"phase":7,"category":1,"description":"Xandra Pancakes was boosted.","nuts":18}