{"id":"c522b6ab-e822-4b92-83da-6be9f479c5eb","playerTags":["27839754-c351-43ec-9bff-ca662a2385b9"],"teamTags":["bb4a9de5-c924-4923-a0cb-9d1445f1ee5d"],"gameTags":[],"metadata":{"type":4,"after":3.5726051284700953,"before":3.466789740835659},"created":"2021-04-09T19:32:09.632Z","season":14,"tournament":-1,"type":117,"day":98,"phase":7,"category":1,"description":"Loubert Ji-Eun was boosted.","nuts":21}