{"id":"ce0b35dd-9df9-4081-8774-3265116c12e5","playerTags":["750a7ba9-e595-40be-93e5-4021f1f9460d"],"teamTags":["bb4a9de5-c924-4923-a0cb-9d1445f1ee5d"],"gameTags":[],"metadata":{"type":4,"after":1.662572290862286,"before":1.402276406385605},"created":"2021-03-06T23:25:43.727Z","season":11,"tournament":-1,"type":117,"day":115,"phase":12,"category":1,"description":"Lenny Crumb was boosted.","nuts":0}