{"id":"ce4938a2-92f6-42c0-a14a-6240b14831b0","playerTags":["0813d43c-b938-49da-acef-65b73f27b099"],"teamTags":["bb4a9de5-c924-4923-a0cb-9d1445f1ee5d"],"gameTags":[],"metadata":{"type":4,"after":3.5057395338,"before":3.3893003778429103},"created":"2021-04-09T19:32:09.632Z","season":14,"tournament":-1,"type":117,"day":98,"phase":7,"category":1,"description":"S--atc- D-le--e was boosted.","nuts":24}