{"id":"d541c9f0-7a20-4c60-bb04-dd897c089656","playerTags":["57a19a22-f2cd-4e59-aa84-15cb0af30ba3"],"teamTags":["bb4a9de5-c924-4923-a0cb-9d1445f1ee5d"],"gameTags":[],"metadata":{"type":4,"after":2.050630488119549,"before":1.820003989928681},"created":"2021-03-06T23:25:43.727Z","season":11,"tournament":-1,"type":117,"day":115,"phase":12,"category":1,"description":"Vessalius Sundae was boosted.","nuts":0}