{"id":"d60c4281-d966-433a-a5ae-ff93c4f75bfd","playerTags":["924de86d-260b-495b-80e1-57af5767703c"],"teamTags":["bb4a9de5-c924-4923-a0cb-9d1445f1ee5d"],"gameTags":[],"metadata":{"type":4,"after":3.0357757773612044,"before":2.9208658563504937},"created":"2021-04-09T19:32:09.633Z","season":14,"tournament":-1,"type":117,"day":98,"phase":7,"category":1,"description":"Patchwork Southwick was boosted.","nuts":16}