{"id":"d7b2dcc0-9b28-4d69-9d4d-707daf981cff","playerTags":["b323f897-ccf9-4200-8870-249cbe19f904"],"teamTags":["bb4a9de5-c924-4923-a0cb-9d1445f1ee5d"],"gameTags":[],"metadata":{"type":4,"after":1.8708040030359363,"before":1.6474050888090497},"created":"2021-03-06T23:25:43.730Z","season":11,"tournament":-1,"type":117,"day":115,"phase":12,"category":1,"description":"Huber Frumple was boosted.","nuts":2}