{"id":"d8e4b41f-d88a-493d-88f6-a486863c7f4a","playerTags":[],"teamTags":["bb4a9de5-c924-4923-a0cb-9d1445f1ee5d"],"gameTags":[],"metadata":{"type":5,"after":0.3269494889719455,"before":0.25250250288378295},"created":"2021-03-06T23:25:43.732Z","season":11,"tournament":-1,"type":117,"day":115,"phase":12,"category":1,"description":"The Worms are Bottom Dwellers.","nuts":0}