{"id":"e3e6176b-f8ca-44df-9136-f0c0801e3fe1","playerTags":["ccd6068b-2735-4072-bfe5-571a5d57c285"],"teamTags":["bb4a9de5-c924-4923-a0cb-9d1445f1ee5d"],"gameTags":[],"metadata":{"type":4,"after":2.8212897351173085,"before":2.694403835194552},"created":"2021-04-09T19:32:09.633Z","season":14,"tournament":-1,"type":117,"day":98,"phase":7,"category":1,"description":"Ephraim Ladd was boosted.","nuts":17}