{"id":"e42a660e-5f2f-4570-a602-68c1fb84212b","playerTags":["d0ffc9c2-e677-4230-a639-b0ae11650501"],"teamTags":["bb4a9de5-c924-4923-a0cb-9d1445f1ee5d"],"gameTags":[],"metadata":{"type":4,"after":2.185770952033664,"before":1.9637888058302515},"created":"2021-03-06T23:25:43.729Z","season":11,"tournament":-1,"type":117,"day":115,"phase":12,"category":1,"description":"Kaz Fiasco was boosted.","nuts":1}