{"id":"efad9f1e-aae6-47fd-97a0-d3c7ce716da9","playerTags":["2268f452-01b9-4e16-98bb-c07e3ce767e3"],"teamTags":["bb4a9de5-c924-4923-a0cb-9d1445f1ee5d"],"gameTags":[],"metadata":{"type":4,"after":2.546131109623531,"before":2.411058883393246},"created":"2021-03-12T20:34:38.866Z","season":12,"tournament":-1,"type":117,"day":98,"phase":7,"category":1,"description":"Wanda Schenn was boosted.","nuts":0}