{"id":"f4542734-2b5a-4388-be7e-ec9d3fca0ed8","playerTags":["d0ffc9c2-e677-4230-a639-b0ae11650501"],"teamTags":["bb4a9de5-c924-4923-a0cb-9d1445f1ee5d"],"gameTags":[],"metadata":{"type":4,"after":2.6522455827081344,"before":2.5227794940806803},"created":"2021-03-12T20:34:38.866Z","season":12,"tournament":-1,"type":117,"day":98,"phase":7,"category":1,"description":"Kaz Fiasco was boosted.","nuts":1}