{"id":"f4789717-5eaa-4c19-b0a3-0838eab8f1fe","playerTags":["64c92f8d-6028-495b-b81d-32c975afb2e1"],"teamTags":["bb4a9de5-c924-4923-a0cb-9d1445f1ee5d"],"gameTags":[],"metadata":{"type":4,"after":3.143295274693104,"before":3.009730556411823},"created":"2021-03-12T20:34:38.867Z","season":12,"tournament":-1,"type":117,"day":98,"phase":7,"category":1,"description":"Enid Marlow was boosted.","nuts":0}