{"id":"fb37d1cd-85c8-4315-aa02-ba603eb0784b","playerTags":["d0ffc9c2-e677-4230-a639-b0ae11650501"],"teamTags":["bb4a9de5-c924-4923-a0cb-9d1445f1ee5d"],"gameTags":[],"metadata":{"type":4,"after":2.877781407659498,"before":2.766127057764037},"created":"2021-04-09T19:32:09.633Z","season":14,"tournament":-1,"type":117,"day":98,"phase":7,"category":1,"description":"Kaz Fiasco was boosted.","nuts":26}