{"id":"9120f0d9-1e35-4e7d-b240-2d7d6d39ae27","playerTags":["d0ffc9c2-e677-4230-a639-b0ae11650501"],"teamTags":["bb4a9de5-c924-4923-a0cb-9d1445f1ee5d"],"gameTags":["c37c22ac-ddc5-446a-9df1-5a2a2dd9655c"],"metadata":{"mods":[],"play":185,"itemId":"a90363a8-3477-40c2-8bcf-476b4f2ac355","parent":"58a9c60e-279f-460f-bec8-7511e003e892","subPlay":0,"itemName":"Bat","playerRating":2.877781407659498,"playerItemRatingAfter":0.08848941238922503,"playerItemRatingBefore":0.08848941238922503},"created":"2021-04-13T23:15:49.186Z","season":15,"tournament":-1,"type":128,"day":30,"phase":4,"category":1,"description":"Kaz Fiasco dropped Bat.","nuts":1}