{"id":"0b2f8d78-cada-478a-a516-e806964837bc","playerTags":["006e1d32-9742-48ef-a6ba-36545e93b9e3"],"teamTags":["b63be8c2-576a-4d6e-8daf-814f8bcea96f"],"gameTags":["2dae00cc-4d25-4c6a-bcde-2a430059a7ee"],"metadata":{"mods":[],"play":192,"itemId":"12c9ebdb-baf1-43a1-a01b-e646aa0f8ac7","parent":"69ffc198-9243-4472-bcbc-bb8707ed08f2","subPlay":0,"itemName":"Chunky Bat","playerRating":1.612272718819268,"itemDurability":2,"itemHealthAfter":2,"itemHealthBefore":1,"playerItemRatingAfter":0.037071794132517044,"playerItemRatingBefore":0.037071794132517044},"created":"2021-04-15T11:16:33.665Z","season":15,"tournament":-1,"type":188,"day":65,"phase":4,"category":1,"description":"The Salmon swam upstream!\nJomgy Rolsenthal's Chunky Bat was repaired.","nuts":1}