{"id":"20a02658-7f56-4079-b1e0-911c90e40ccf","playerTags":["9a031b9a-16f8-4165-a468-5d0e28a81151"],"teamTags":["7966eb04-efcc-499b-8f03-d13916330531"],"gameTags":[],"metadata":{"type":5,"after":1.1502209805364794,"before":0.9686092421727954,"parent":"b11c8a5a-93c9-48ec-bb57-95ca9d233a3c"},"created":"2021-04-11T18:16:46.645Z","season":14,"tournament":-1,"type":179,"day":113,"phase":13,"category":1,"description":"Tiana Wheeler's Musclitude was improved by 18%.","nuts":16}