{"id":"91f8dae9-ce22-4e3e-ae53-f387dd3b0edb","playerTags":["a38ada0a-aeac-4a3d-b9a5-968687ccd2f9"],"teamTags":["b63be8c2-576a-4d6e-8daf-814f8bcea96f"],"gameTags":[],"metadata":{"type":18,"after":1.5318569298715663,"before":1.1318569298715664,"parent":"da8efbd5-2ea4-4005-9027-125eacff7113"},"created":"2021-04-11T18:16:46.621Z","season":14,"tournament":-1,"type":179,"day":113,"phase":13,"category":1,"description":"Sixpack Santiago's Overpowerment was improved by 40%.","nuts":6}