{"id":"0bd715b6-9ad1-4d2d-aecf-471089c5140d","playerTags":["503a235f-9fa6-41b5-8514-9475c944273f"],"teamTags":["9debc64f-74b7-4ae1-a4d6-fce0144b6ea5"],"gameTags":["a4f28ada-c3b5-4894-a218-090417249958"],"metadata":{"mods":[],"play":436,"itemId":"cb128109-6614-478c-8e9c-257124fe75ee","parent":"d96433a8-995c-4d1f-88cd-13644dfb515e","subPlay":0,"itemName":"Bat","playerRating":2.708652732928913,"itemDurability":1,"itemHealthAfter":1,"itemHealthBefore":0,"playerItemRatingAfter":0.04460574653539484,"playerItemRatingBefore":0},"created":"2021-04-14T02:37:47.243Z","season":15,"tournament":-1,"type":187,"day":33,"phase":4,"category":1,"description":"The Salmon swam upstream!\nReese Clark's Bat was restored!","nuts":0}