{"id":"0fc2e385-3cf6-48c5-8081-a1a24a45814d","playerTags":["44c92d97-bb39-469d-a13b-f2dd9ae644d1"],"teamTags":["7966eb04-efcc-499b-8f03-d13916330531"],"gameTags":["0748ec0d-f132-4770-a3a0-6fb593d883f6"],"metadata":{"mods":[],"play":165,"itemId":"0d64d7fa-d7eb-4a14-93ce-59bc4f0565a1","parent":"670145f3-a509-4328-93c8-71ed08960b62","subPlay":0,"itemName":"Bat","playerRating":2.7598005778445014,"itemDurability":1,"itemHealthAfter":1,"itemHealthBefore":0,"playerItemRatingAfter":0.03732130535988243,"playerItemRatingBefore":0},"created":"2021-04-13T17:14:22.682Z","season":15,"tournament":-1,"type":187,"day":25,"phase":2,"category":1,"description":"The Salmon swam upstream!\n-ran--sc- Pr-sto-'s Bat was restored!","nuts":15}