{"id":"120d671c-416f-4c2d-9e4a-ffd816396871","playerTags":["2b157c5c-9a6a-45a6-858f-bf4cf4cbc0bd"],"teamTags":["d9f89a8a-c563-493e-9d64-78e4f9a55d4a"],"gameTags":["b0e28e84-255d-4e2f-a8cc-f7789ae23004"],"metadata":{"mods":[],"play":213,"itemId":"781faa85-49df-4296-bfc5-f02f32992dfc","parent":"1ea8ad3d-d1a2-4fde-b845-67b0d8563c11","subPlay":0,"itemName":"Bat","playerRating":2.567508078287517,"itemDurability":1,"itemHealthAfter":1,"itemHealthBefore":0,"playerItemRatingAfter":0.047011949585754165,"playerItemRatingBefore":0},"created":"2021-04-15T01:18:04.720Z","season":15,"tournament":-1,"type":187,"day":55,"phase":4,"category":1,"description":"The Salmon swam upstream!\nOrtiz Lopez's Bat was restored!","nuts":1}