{"id":"12873f2c-9baa-436f-888a-cfa20dfbfb76","playerTags":["d2d76815-cbdc-4c4b-9c9e-32ebf2297cc7"],"teamTags":["9debc64f-74b7-4ae1-a4d6-fce0144b6ea5"],"gameTags":["a4f28ada-c3b5-4894-a218-090417249958"],"metadata":{"mods":[],"play":43,"itemId":"0ed6cde0-69ab-45f7-9a3b-b1afc1d79189","parent":"91e76bc3-d714-4348-bb4c-309260d2eac4","subPlay":0,"itemName":"Bat","playerRating":2.337188110530805,"itemDurability":1,"itemHealthAfter":1,"itemHealthBefore":0,"playerItemRatingAfter":0.03259200039684562,"playerItemRatingBefore":0},"created":"2021-04-14T02:03:41.464Z","season":15,"tournament":-1,"type":187,"day":33,"phase":4,"category":1,"description":"The Salmon swam upstream!\nDenzel Scott's Bat was restored!","nuts":2}