{"id":"14bd84d2-83bf-4e1a-9779-e8f62f11e327","playerTags":["46721a07-7cd2-4839-982e-7046df6e8b66"],"teamTags":["bfd38797-8404-4b38-8b82-341da28b1f83"],"gameTags":["6219dbe4-e39c-418e-afda-cdb617944348"],"metadata":{"mods":[],"play":240,"itemId":"ad4b368e-2db1-4c5f-bfb2-b12434150cb0","parent":"8590c70f-b50f-4f8f-b7b0-9a39db3f434c","subPlay":0,"itemName":"Bat","playerRating":0.9945720967506771,"itemDurability":1,"itemHealthAfter":1,"itemHealthBefore":0,"playerItemRatingAfter":0.020454519306440377,"playerItemRatingBefore":0},"created":"2021-04-13T10:20:57.726Z","season":15,"tournament":-1,"type":187,"day":18,"phase":2,"category":1,"description":"The Salmon swam upstream!\nStew Briggs' Bat was restored!","nuts":0}