{"id":"16532cb2-6884-4a37-8c04-7fd3cac4291a","playerTags":["b39b5aae-8571-4c90-887a-6a00f2a2f6fd"],"teamTags":["b024e975-1c4a-4575-8936-a3754a08806a"],"gameTags":["546b8e20-a526-42e0-8af2-8a02c08e7b98"],"metadata":{"mods":[],"play":67,"itemId":"8753fe24-8fb5-4d95-bf2a-a378f3dfab49","parent":"0adf3131-3fb2-4302-86e1-06ce3a0a9888","subPlay":0,"itemName":"Bat","playerRating":2.27185086903958,"itemDurability":1,"itemHealthAfter":1,"itemHealthBefore":0,"playerItemRatingAfter":0.016950440261999322,"playerItemRatingBefore":0},"created":"2021-04-13T11:05:46.811Z","season":15,"tournament":-1,"type":187,"day":19,"phase":2,"category":1,"description":"The Salmon swam upstream!\nDickerson Morse's Bat was restored!","nuts":0}