{"id":"20065c01-4a19-4b91-a628-3e58b0cc0d00","playerTags":["efafe75e-2f00-4418-914c-9b6675d39264"],"teamTags":["747b8e4a-7e50-4638-a973-ea7950a3e739"],"gameTags":["63e48a90-95e4-45e8-8a29-9a0b341756f0"],"metadata":{"mods":[],"play":109,"itemId":"097a1d1d-cd6c-40c6-85b1-d52a385454b2","parent":"734ac703-790f-490c-a50e-cc447db489bf","subPlay":0,"itemName":"Bat","playerRating":3.525684401514483,"itemDurability":1,"itemHealthAfter":1,"itemHealthBefore":0,"playerItemRatingAfter":0.04909050739177978,"playerItemRatingBefore":0},"created":"2021-04-14T20:09:18.158Z","season":15,"tournament":-1,"type":187,"day":50,"phase":4,"category":1,"description":"The Salmon swam upstream!\nAldon Cashmoney's Bat was restored!","nuts":4}