{"id":"21b8fa8a-b30f-4ee3-a8b4-93d80bf79187","playerTags":["7aeb8e0b-f6fb-4a9e-bba2-335dada5f0a3"],"teamTags":["747b8e4a-7e50-4638-a973-ea7950a3e739"],"gameTags":["cedc165e-128a-4486-872f-3ca5e2917842"],"metadata":{"mods":[],"play":157,"itemId":"5b91f3a8-8c62-42d1-9847-26d96fb85bab","parent":"35f2cfe7-42de-4208-85e5-cc411bf550f5","subPlay":0,"itemName":"Bat","playerRating":1.4481924948215505,"itemDurability":1,"itemHealthAfter":1,"itemHealthBefore":0,"playerItemRatingAfter":0.07775448195437021,"playerItemRatingBefore":0},"created":"2021-04-13T21:13:28.810Z","season":15,"tournament":-1,"type":187,"day":28,"phase":4,"category":1,"description":"The Salmon swam upstream!\nDunlap Figueroa's Bat was restored!","nuts":0}