{"id":"2c46e746-4445-4214-a74d-bd79c8b0b2d9","playerTags":["d0d7b8fe-bad8-481f-978e-cb659304ed49"],"teamTags":["8d87c468-699a-47a8-b40d-cfb73a5660ad"],"gameTags":["56acf086-328b-43f4-b434-3dd5dc1ca75d"],"metadata":{"mods":[],"play":243,"itemId":"8e8c4808-a07a-4fb9-9b31-56061102e6e5","parent":"e03b3579-4a14-40f4-a217-4978e36c80ce","subPlay":0,"itemName":"Bat","playerRating":2.123987163265835,"itemDurability":1,"itemHealthAfter":1,"itemHealthBefore":0,"playerItemRatingAfter":0.029659489208471557,"playerItemRatingBefore":0},"created":"2021-04-13T22:20:41.562Z","season":15,"tournament":-1,"type":187,"day":29,"phase":4,"category":1,"description":"The Salmon swam upstream!\nAdalberto Tosser's Bat was restored!","nuts":1}