{"id":"3496a412-0abf-48fc-afe4-1a0e9572c793","playerTags":["9397ed91-608e-4b13-98ea-e94c795f651e"],"teamTags":["9debc64f-74b7-4ae1-a4d6-fce0144b6ea5"],"gameTags":["a4f28ada-c3b5-4894-a218-090417249958"],"metadata":{"mods":[],"play":399,"itemId":"3ef358ab-06a7-4d43-940a-23f4686ad2b5","parent":"6ca75e75-8904-477b-9a82-bf04c2592f9f","subPlay":0,"itemName":"Bat","playerRating":2.6348100552171005,"itemDurability":1,"itemHealthAfter":1,"itemHealthBefore":0,"playerItemRatingAfter":0.08585358343626937,"playerItemRatingBefore":0},"created":"2021-04-14T02:34:31.375Z","season":15,"tournament":-1,"type":187,"day":33,"phase":4,"category":1,"description":"The Salmon swam upstream!\nYeong-Ho Garcia's Bat was restored!","nuts":0}