{"id":"42b52343-75fd-4880-8ab7-26f17b561598","playerTags":["425f3f84-bab0-4cf2-91c1-96e78cf5cd02"],"teamTags":["8d87c468-699a-47a8-b40d-cfb73a5660ad"],"gameTags":["56acf086-328b-43f4-b434-3dd5dc1ca75d"],"metadata":{"mods":[],"play":273,"itemId":"d27ab01f-d34e-4421-82c8-43d47738e87a","parent":"b119f0a7-22fa-45d3-9055-6ecf97dc7878","subPlay":0,"itemName":"Bat","playerRating":2.7448015013108944,"itemDurability":1,"itemHealthAfter":1,"itemHealthBefore":0,"playerItemRatingAfter":0.041397655539807954,"playerItemRatingBefore":0},"created":"2021-04-13T22:23:26.385Z","season":15,"tournament":-1,"type":187,"day":29,"phase":4,"category":1,"description":"The Salmon swam upstream!\nLuis Acevedo's Bat was restored!","nuts":2}