{"id":"4b9b411a-205b-48c5-b4aa-af1051e01b2e","playerTags":["cfb42325-592a-4119-9b40-4cdc19959b09"],"teamTags":["c73b705c-40ad-4633-a6ed-d357ee2e2bcf"],"gameTags":["b99260a5-f376-4570-ab33-4b1860ec779b"],"metadata":{"mods":[],"play":210,"itemId":"c429fb6b-dbe6-4306-a72c-7605593fccbf","parent":"288c6799-e611-4cc2-b96f-41d86b59c3d6","subPlay":0,"itemName":"Bat","playerRating":2.4146512694874773,"itemDurability":1,"itemHealthAfter":1,"itemHealthBefore":0,"playerItemRatingAfter":0.029496260301903443,"playerItemRatingBefore":0},"created":"2021-04-13T10:17:49.984Z","season":15,"tournament":-1,"type":187,"day":18,"phase":2,"category":1,"description":"The Salmon swam upstream!\nNandy Slumps' Bat was restored!","nuts":1}