{"id":"51803f43-e994-4951-b393-d57a4db67227","playerTags":["2e86de11-a2dd-4b28-b5fe-f4d0c38cd20b"],"teamTags":["747b8e4a-7e50-4638-a973-ea7950a3e739"],"gameTags":["cedc165e-128a-4486-872f-3ca5e2917842"],"metadata":{"mods":[],"play":338,"itemId":"742f8a41-ec98-434d-9b7e-bd11271e324c","parent":"1dc873ee-6c1e-4fd0-aed6-94350cefafbc","subPlay":0,"itemName":"Bat","playerRating":1.8181590678337656,"itemDurability":1,"itemHealthAfter":1,"itemHealthBefore":0,"playerItemRatingAfter":0.021082885582845157,"playerItemRatingBefore":0},"created":"2021-04-13T21:29:21.923Z","season":15,"tournament":-1,"type":187,"day":28,"phase":4,"category":1,"description":"The Salmon swam upstream!\nZion Aliciakeyes' Bat was restored!","nuts":0}