{"id":"60fbc914-9644-4a31-b454-7b4e76cbd148","playerTags":["c09e64b6-8248-407e-b3af-1931b880dbee"],"teamTags":["3f8bbb15-61c0-4e3f-8e4a-907a5fb1565e"],"gameTags":["fc941c07-2604-49a9-9a97-996a373f73e2"],"metadata":{"mods":[],"play":130,"itemId":"d267588f-f2d2-4115-9e0f-0e5d3d74a326","parent":"37a1f899-3c19-43c8-8dc4-b8249c40d506","subPlay":0,"itemName":"Bat","playerRating":3.1698897564070667,"itemDurability":1,"itemHealthAfter":1,"itemHealthBefore":0,"playerItemRatingAfter":0.04801308715138597,"playerItemRatingBefore":0},"created":"2021-04-13T11:10:58.716Z","season":15,"tournament":-1,"type":187,"day":19,"phase":2,"category":1,"description":"The Salmon swam upstream!\nLenny Spruce's Bat was restored!","nuts":0}