{"id":"63c77f04-ae09-4b02-81c0-83f97f278612","playerTags":["0f61d948-4f0c-4550-8410-ae1c7f9f5613"],"teamTags":["a37f9158-7f82-46bc-908c-c9e2dda7c33b"],"gameTags":["886c4e59-eab3-486b-9881-ecc342cdf5c1"],"metadata":{"mods":[],"play":214,"itemId":"b926c676-571b-47fa-b2cc-a4be059257ea","parent":"bc87265f-5771-4c97-9c3b-7cf93d6fc092","subPlay":0,"itemName":"Bat","playerRating":2.6394353285100616,"itemDurability":1,"itemHealthAfter":1,"itemHealthBefore":0,"playerItemRatingAfter":0.03462235631142907,"playerItemRatingBefore":0},"created":"2021-04-15T14:18:05.342Z","season":15,"tournament":-1,"type":187,"day":68,"phase":4,"category":1,"description":"The Salmon swam upstream!\nTamara Crankit's Bat was restored!","nuts":0}