{"id":"64221200-8499-40b8-bbdd-6b9e859dd434","playerTags":["e69db30d-74ac-4265-8da6-467b0d25694b"],"teamTags":["a37f9158-7f82-46bc-908c-c9e2dda7c33b"],"gameTags":["7a8d0014-d95e-4034-ac78-be4da804063e"],"metadata":{"mods":[],"play":186,"itemId":"bba75c14-fefe-47b5-9748-47180aa37994","parent":"13e66d00-9e31-46b1-a6b9-f1d08c7ff19e","subPlay":0,"itemName":"Bat","playerRating":1.8045656622116928,"itemDurability":1,"itemHealthAfter":1,"itemHealthBefore":0,"playerItemRatingAfter":0.046350304199384684,"playerItemRatingBefore":0},"created":"2021-04-14T01:15:44.775Z","season":15,"tournament":-1,"type":187,"day":32,"phase":4,"category":1,"description":"The Salmon swam upstream!\nDe-vin Gorczy-a's Bat was restored!","nuts":2}