{"id":"6735a2bb-e1a0-4c34-a7f9-6904fc759f6e","playerTags":["5116921f-7642-441a-9a85-40c93a1e61bd"],"teamTags":["d9f89a8a-c563-493e-9d64-78e4f9a55d4a"],"gameTags":["c49d6cb0-adab-4fc7-9be9-a0fe2736bc27"],"metadata":{"mods":[],"play":304,"itemId":"c06141af-98c4-41ee-b13d-0edfda2cc243","parent":"bf25e6b3-f05b-4dc0-9e2b-e74edcc6127e","subPlay":0,"itemName":"Bat","playerRating":1.844915589843427,"itemDurability":1,"itemHealthAfter":1,"itemHealthBefore":0,"playerItemRatingAfter":0.022227400545902276,"playerItemRatingBefore":0},"created":"2021-04-14T03:26:24.564Z","season":15,"tournament":-1,"type":187,"day":34,"phase":4,"category":1,"description":"The Salmon swam upstream!\nMordecai Kingbird's Bat was restored!","nuts":2}