{"id":"733955f3-c78f-4c93-9a9e-1445ad4955bd","playerTags":["b9293beb-d199-4b46-add9-c02f9362d802"],"teamTags":["a37f9158-7f82-46bc-908c-c9e2dda7c33b"],"gameTags":["61eccbc6-235b-455a-9f2e-d63f8a83c9bc"],"metadata":{"mods":[],"play":210,"itemId":"aa6845d5-3cb4-43a0-9053-91b7c75a1a17","parent":"f1fbead4-6f84-4ae1-92a1-0a53b1ae7940","subPlay":0,"itemName":"Bat","playerRating":2.269875081916004,"itemDurability":1,"itemHealthAfter":1,"itemHealthBefore":0,"playerItemRatingAfter":0.0431084736561026,"playerItemRatingBefore":0},"created":"2021-04-14T09:17:45.119Z","season":15,"tournament":-1,"type":187,"day":39,"phase":4,"category":1,"description":"The Salmon swam upstream!\nBauer Zimmerman's Bat was restored!","nuts":1}