{"id":"764a70bf-c290-4a12-9032-cf2f03016df6","playerTags":["90c2cec7-0ed5-426a-9de8-754f34d59b39"],"teamTags":["8d87c468-699a-47a8-b40d-cfb73a5660ad"],"gameTags":["aa9f3249-e648-4b7c-84cc-2b074dabe0a1"],"metadata":{"mods":[],"play":77,"itemId":"561db603-f7cd-4416-8e3b-2203cbc7741c","parent":"bb4e12c1-e8e6-4a62-87b3-5dfcc492a0c0","subPlay":0,"itemName":"Bat","playerRating":3.568808263204706,"itemDurability":1,"itemHealthAfter":1,"itemHealthBefore":0,"playerItemRatingAfter":0.07082314519733135,"playerItemRatingBefore":0},"created":"2021-04-14T06:06:45.912Z","season":15,"tournament":-1,"type":187,"day":36,"phase":4,"category":1,"description":"The Salmon swam upstream!\nTot Fox's Bat was restored!","nuts":7}