{"id":"76801fe1-9f72-4839-b2aa-87ce8bc78146","playerTags":["9ac2e7c5-5a34-4738-98d8-9f917bc6d119"],"teamTags":["979aee4a-6d80-4863-bf1c-ee1a78e06024"],"gameTags":["85c8697e-be2d-43c3-82ee-9e26e568abfe"],"metadata":{"mods":[],"play":183,"itemId":"ff27298d-7ab0-4935-8bc3-a97014833870","parent":"6f1c8a75-d0f7-4017-884a-61ccb85adde2","subPlay":0,"itemName":"Bat","playerRating":2.2970276225776134,"itemDurability":1,"itemHealthAfter":1,"itemHealthBefore":0,"playerItemRatingAfter":0.023043034627757253,"playerItemRatingBefore":0},"created":"2021-04-13T04:15:25.097Z","season":15,"tournament":-1,"type":187,"day":13,"phase":2,"category":1,"description":"The Salmon swam upstream!\nChristian Combs' Bat was restored!","nuts":2}