{"id":"8257f491-ebad-4f5b-bfdd-ca6bf8469bf2","playerTags":["7b55d484-6ea9-4670-8145-986cb9e32412"],"teamTags":["979aee4a-6d80-4863-bf1c-ee1a78e06024"],"gameTags":["f5e3df99-07fd-457c-8a1c-116351d018cc"],"metadata":{"mods":[],"play":294,"itemId":"68613ddb-706d-44c4-bcd0-669debec655e","parent":"a04cbf11-40a9-49ba-a6aa-14a21603fbc3","subPlay":0,"itemName":"Bat","playerRating":3.3192342440945755,"itemDurability":1,"itemHealthAfter":1,"itemHealthBefore":0,"playerItemRatingAfter":0.04816825164542615,"playerItemRatingBefore":0},"created":"2021-04-15T06:24:56.332Z","season":15,"tournament":-1,"type":187,"day":60,"phase":4,"category":1,"description":"The Salmon swam upstream!\nStevenson Heat's Bat was restored!","nuts":0}