{"id":"8444ce5f-402b-4167-8689-7c2e9641dd69","playerTags":["72ca8ed5-a8c7-4571-9745-80de5a49b2d1"],"teamTags":["f02aeae2-5e6a-4098-9842-02d2273f25c7"],"gameTags":["cedc165e-128a-4486-872f-3ca5e2917842"],"metadata":{"mods":[],"play":306,"itemId":"a15f54fa-53ec-4c55-bc81-6189fc1f261f","parent":"55e25443-e00e-4e9a-8a3e-aaa3d94d897e","subPlay":0,"itemName":"Bat","playerRating":1.6205376580746766,"itemDurability":1,"itemHealthAfter":1,"itemHealthBefore":0,"playerItemRatingAfter":0.026671855471570582,"playerItemRatingBefore":0},"created":"2021-04-13T21:26:26.131Z","season":15,"tournament":-1,"type":187,"day":28,"phase":4,"category":1,"description":"The Salmon swam upstream!\nKaj Statter Jr.'s Bat was restored!","nuts":0}