{"id":"8cae4b9f-3f63-4b82-92e3-fcf2c378bea8","playerTags":["9397ed91-608e-4b13-98ea-e94c795f651e"],"teamTags":["9debc64f-74b7-4ae1-a4d6-fce0144b6ea5"],"gameTags":["fa45de72-ec41-485d-92b5-0014c67cd82c"],"metadata":{"mods":[],"play":137,"itemId":"3ef358ab-06a7-4d43-940a-23f4686ad2b5","parent":"a97a4e7d-fe97-4920-971a-43639aa14d15","subPlay":0,"itemName":"Bat","playerRating":2.6348100552171005,"itemDurability":1,"itemHealthAfter":1,"itemHealthBefore":0,"playerItemRatingAfter":0.08585358343626937,"playerItemRatingBefore":0},"created":"2021-04-13T16:11:38.402Z","season":15,"tournament":-1,"type":187,"day":24,"phase":2,"category":1,"description":"The Salmon swam upstream!\nYeong-Ho Garcia's Bat was restored!","nuts":2}