{"id":"8f01de4e-a5d2-4bf1-828f-6ab3d98771d1","playerTags":["766dfd1e-11c3-42b6-a167-9b2d568b5dc0"],"teamTags":["36569151-a2fb-43c1-9df7-2df512424c82"],"gameTags":["44c1cf19-4ef9-4d5c-a1d6-6118f334b268"],"metadata":{"mods":[],"play":97,"itemId":"07e5d2bc-29ca-47dc-b54e-4359dbe9e15e","parent":"67fba9ef-a042-412c-83c6-562fecb9f504","subPlay":0,"itemName":"Bat","playerRating":2.9036985985410704,"itemDurability":1,"itemHealthAfter":1,"itemHealthBefore":0,"playerItemRatingAfter":0.035524693369518356,"playerItemRatingBefore":0},"created":"2021-04-13T11:08:17.513Z","season":15,"tournament":-1,"type":187,"day":19,"phase":2,"category":1,"description":"The Salmon swam upstream!\nSandie Turner's Bat was restored!","nuts":3}