{"id":"97c46cc5-015a-4f45-abf6-54ca352fde1f","playerTags":["ee55248b-318a-4bfb-8894-1cc70e4e0720"],"teamTags":["b72f3061-f573-40d7-832a-5ad475bd7909"],"gameTags":["08436904-42c4-420e-80ac-31047befea4b"],"metadata":{"mods":[],"play":265,"itemId":"4d13396f-7fbb-475b-902c-023570412fdc","parent":"b2e94c65-b55d-4900-a4ec-5b39f32192a9","subPlay":0,"itemName":"Bat","playerRating":1.7257201307031802,"itemDurability":1,"itemHealthAfter":1,"itemHealthBefore":0,"playerItemRatingAfter":0.02551654916928464,"playerItemRatingBefore":0},"created":"2021-04-15T00:22:49.384Z","season":15,"tournament":-1,"type":187,"day":54,"phase":4,"category":1,"description":"The Salmon swam upstream!\nTheo King's Bat was restored!","nuts":2}