{"id":"a97eaa0d-3f6b-4b2e-b92e-521425dec759","playerTags":["f236bd5b-4ff1-4154-a3cd-7cb3c0ddaa5b"],"teamTags":["57ec08cc-0411-4643-b304-0e80dbc15ac7"],"gameTags":["751a5529-b771-4895-a755-45adb99fa8ef"],"metadata":{"mods":[],"play":250,"itemId":"ddba2bf0-c580-4376-b2c7-718cc35115af","parent":"e2d1a258-4887-4bcd-814b-94dbcf5bed11","subPlay":0,"itemName":"Bat","playerRating":0.79268717669398,"itemDurability":1,"itemHealthAfter":1,"itemHealthBefore":0,"playerItemRatingAfter":0.024556678127215736,"playerItemRatingBefore":0},"created":"2021-04-14T19:21:29.910Z","season":15,"tournament":-1,"type":187,"day":49,"phase":4,"category":1,"description":"The Salmon swam upstream!\nTai Beanbag's Bat was restored!","nuts":0}