{"id":"ade77737-b16c-48af-9da8-ff354ef302b4","playerTags":["7c5ae357-e079-4427-a90f-97d164c7262e"],"teamTags":["b72f3061-f573-40d7-832a-5ad475bd7909"],"gameTags":["2bae65ca-e65c-4b39-a7e0-3a85e22631fb"],"metadata":{"mods":[],"play":99,"itemId":"0f757634-6726-4711-a0fc-9137d8e6f616","parent":"c9f87cc1-d890-46a2-9149-7d5f3f25b659","subPlay":0,"itemName":"Bat","playerRating":1.9171998104391905,"itemDurability":1,"itemHealthAfter":1,"itemHealthBefore":0,"playerItemRatingAfter":0.049912953487572964,"playerItemRatingBefore":0},"created":"2021-04-15T02:08:22.632Z","season":15,"tournament":-1,"type":187,"day":56,"phase":4,"category":1,"description":"The Salmon swam upstream!\nMilo Brown's Bat was restored!","nuts":0}