{"id":"afd5a317-d482-4dec-bfde-ff9f0846b823","playerTags":["44c92d97-bb39-469d-a13b-f2dd9ae644d1"],"teamTags":["7966eb04-efcc-499b-8f03-d13916330531"],"gameTags":["674405d1-4ce7-4933-a2e0-cde6293b89de"],"metadata":{"mods":[],"play":31,"itemId":"0d64d7fa-d7eb-4a14-93ce-59bc4f0565a1","parent":"aca8d538-b736-4584-8830-1058e0b1abe6","subPlay":0,"itemName":"Bat","playerRating":2.7598005778445014,"itemDurability":1,"itemHealthAfter":1,"itemHealthBefore":0,"playerItemRatingAfter":0.03732130535988243,"playerItemRatingBefore":0},"created":"2021-04-15T06:02:41.009Z","season":15,"tournament":-1,"type":187,"day":60,"phase":4,"category":1,"description":"The Salmon swam upstream!\nFrancisco Presto-'s Bat was restored!","nuts":0}