{"id":"b9fb5170-4348-4a18-860b-f6d8d3daf698","playerTags":["17397256-c28c-4cad-85f2-a21768c66e67"],"teamTags":["b024e975-1c4a-4575-8936-a3754a08806a"],"gameTags":["6023e3e1-11aa-4b8a-92b6-8254bb7c471c"],"metadata":{"mods":[],"play":320,"itemId":"217ef5c6-9616-41fc-9f76-f34aa097e001","parent":"c0ce467c-0b20-496c-abae-5c938cf3a465","subPlay":0,"itemName":"Bat","playerRating":3.8056560655786975,"itemDurability":1,"itemHealthAfter":1,"itemHealthBefore":0,"playerItemRatingAfter":0.07809707777020458,"playerItemRatingBefore":0},"created":"2021-04-13T05:27:35.759Z","season":15,"tournament":-1,"type":187,"day":14,"phase":2,"category":1,"description":"The Salmon swam upstream!\nCory Ross' Bat was restored!","nuts":0}