{"id":"c5a8ed47-1d23-42d6-9852-e6fd1903be16","playerTags":["0c83e3b6-360e-4b7d-85e3-d906633c9ca0"],"teamTags":["105bc3ff-1320-4e37-8ef0-8d595cb95dd0"],"gameTags":["4cba451a-de50-4942-8540-7806321abb6f"],"metadata":{"mods":[],"play":96,"itemId":"796d21ba-72f8-44dd-93a8-67708af705db","parent":"0686cb9d-02d2-40e3-bf68-37bc6354146c","subPlay":0,"itemName":"Bat","playerRating":3.0870694376754466,"itemDurability":1,"itemHealthAfter":1,"itemHealthBefore":0,"playerItemRatingAfter":0.035847637947855504,"playerItemRatingBefore":0},"created":"2021-04-13T13:08:21.743Z","season":15,"tournament":-1,"type":187,"day":21,"phase":2,"category":1,"description":"The Salmon swam upstream!\nPenelope Mathews' Bat was restored!","nuts":3}