{"id":"d726cd25-6afa-4cfe-95ce-8c5e6032e208","playerTags":["aa6c2662-75f8-4506-aa06-9a0993313216"],"teamTags":["7966eb04-efcc-499b-8f03-d13916330531"],"gameTags":["64e1dcf5-a646-4937-9246-6317185ea668"],"metadata":{"mods":[],"play":124,"itemId":"2b6a7fd0-d3e4-4889-a080-6318f03ba705","parent":"de988206-9b27-42f9-a651-ca2bc62fa7d8","subPlay":0,"itemName":"Bat","playerRating":2.3109400256208126,"itemDurability":1,"itemHealthAfter":1,"itemHealthBefore":0,"playerItemRatingAfter":0.03920560676419382,"playerItemRatingBefore":0},"created":"2021-04-14T09:10:23.801Z","season":15,"tournament":-1,"type":187,"day":39,"phase":4,"category":1,"description":"The Salmon swam upstream!\nEizabeth Elliott's Bat was restored!","nuts":2}