{"id":"db0f2cd8-beed-460e-9863-966243f7c975","playerTags":["19241aa4-38e3-45ed-9750-68f4401f80e1"],"teamTags":["c73b705c-40ad-4633-a6ed-d357ee2e2bcf"],"gameTags":["c411cd58-3dcd-4d17-a0c0-ec5d2b95efa5"],"metadata":{"mods":[],"play":99,"itemId":"029bffe7-1193-4af0-b0f1-d50a82cd3a31","parent":"6be5a977-2f5e-49ee-bbff-e04b78476733","subPlay":0,"itemName":"Bat","playerRating":2.1180811159133643,"itemDurability":1,"itemHealthAfter":1,"itemHealthBefore":0,"playerItemRatingAfter":0.03782573207437068,"playerItemRatingBefore":0},"created":"2021-04-14T11:08:22.940Z","season":15,"tournament":-1,"type":187,"day":41,"phase":4,"category":1,"description":"The Salmon swam upstream!\nAyanna Dumpington's Bat was restored!","nuts":1}