{"id":"f9d4fd24-bb8f-441d-a79f-8ab059d5bb88","playerTags":["aa6c2662-75f8-4506-aa06-9a0993313216"],"teamTags":["7966eb04-efcc-499b-8f03-d13916330531"],"gameTags":["6023e3e1-11aa-4b8a-92b6-8254bb7c471c"],"metadata":{"mods":[],"play":286,"itemId":"2b6a7fd0-d3e4-4889-a080-6318f03ba705","parent":"a4fbceac-fddc-42f2-9061-acfda9fa605b","subPlay":0,"itemName":"Bat","playerRating":2.3109400256208126,"itemDurability":1,"itemHealthAfter":1,"itemHealthBefore":0,"playerItemRatingAfter":0.03920560676419382,"playerItemRatingBefore":0},"created":"2021-04-13T05:24:21.191Z","season":15,"tournament":-1,"type":187,"day":14,"phase":2,"category":1,"description":"The Salmon swam upstream!\nEizabeth Elliott's Bat was restored!","nuts":3}