{"id":"13a2d7f2-e726-46c3-a8d2-fd978e580cd2","playerTags":["e69db30d-74ac-4265-8da6-467b0d25694b"],"teamTags":["a37f9158-7f82-46bc-908c-c9e2dda7c33b"],"gameTags":["e401c20c-81e6-4cd8-b885-c34f76ed89cc"],"metadata":{"mods":[],"play":268,"itemId":"bba75c14-fefe-47b5-9748-47180aa37994","parent":"550a8205-bb00-4427-80e9-820075b0a796","subPlay":0,"itemName":"Bat","playerRating":1.8045656622116928,"playerItemRatingAfter":0,"playerItemRatingBefore":0.046350304199384684},"created":"2021-04-14T15:22:37.246Z","season":15,"tournament":-1,"type":128,"day":45,"phase":4,"category":1,"description":"Dervin Gorczyca dropped Bat.","nuts":0}