{"id":"15d4b2ed-b1f7-4307-a84d-cb0166c61137","playerTags":["da67c196-4cac-428b-8c18-2a411055ea35"],"teamTags":["c73b705c-40ad-4633-a6ed-d357ee2e2bcf"],"gameTags":["81d2ea7f-7cf2-4265-8836-d135dcea881c"],"metadata":{"mods":[],"play":58,"itemId":"e41bbaad-197e-412c-b21f-ccd47fa720d6","parent":"f296a108-7866-4dbc-8aca-6028a96a1062","subPlay":0,"itemName":"Bat","playerRating":2.9707927558441245,"playerItemRatingAfter":0,"playerItemRatingBefore":0.054826597331298244},"created":"2021-04-13T20:04:51.654Z","season":15,"tournament":-1,"type":128,"day":27,"phase":4,"category":1,"description":"Yusef Fenestrate dropped Bat.","nuts":0}