{"id":"19cc9113-d8b7-41ed-8f1e-23e0701d7ce4","playerTags":["28964497-0efe-420c-9c1d-8574f224a4e9"],"teamTags":["3f8bbb15-61c0-4e3f-8e4a-907a5fb1565e"],"gameTags":["ec2b2567-7c9c-4973-a703-2267630edad5"],"metadata":{"mods":[],"play":248,"itemId":"a5271ee6-e7e4-4519-9549-552f01fd2f57","parent":"6b256657-539c-4d2e-b5c9-26f9f5d9da05","subPlay":0,"itemName":"Bat","playerRating":2.674786558406166,"playerItemRatingAfter":0,"playerItemRatingBefore":0.05232483831123114},"created":"2021-04-13T06:21:23.970Z","season":15,"tournament":-1,"type":128,"day":15,"phase":2,"category":1,"description":"Inez Owens dropped Bat.","nuts":0}