{"id":"300bf959-322f-4653-9673-4e4e86831a91","playerTags":["cfb42325-592a-4119-9b40-4cdc19959b09"],"teamTags":["c73b705c-40ad-4633-a6ed-d357ee2e2bcf"],"gameTags":["2011c5d5-b65c-4c60-93e0-efb8fe7c0610"],"metadata":{"mods":[],"play":130,"itemId":"c429fb6b-dbe6-4306-a72c-7605593fccbf","parent":"7b1bf87d-895a-4fd1-a3e6-47bfc560a337","subPlay":0,"itemName":"Bat","playerRating":2.4146512694874773,"playerItemRatingAfter":0,"playerItemRatingBefore":0.029496260301903443},"created":"2021-04-15T07:11:27.312Z","season":15,"tournament":-1,"type":128,"day":61,"phase":4,"category":1,"description":"Nandy Slumps dropped Bat.","nuts":0}