{"id":"38be85da-d1fe-4c9a-b753-8b81e5caef51","playerTags":["3188d641-4fcc-4d5e-887d-5f454b4c4ff8"],"teamTags":["c73b705c-40ad-4633-a6ed-d357ee2e2bcf"],"gameTags":["2011c5d5-b65c-4c60-93e0-efb8fe7c0610"],"metadata":{"mods":[],"play":98,"itemId":"fe21e681-4ab3-41c3-8c55-43f7f93b07ad","parent":"c18aa12d-8779-4198-b1c1-bd68eac5072f","subPlay":0,"itemName":"Bat","playerRating":2.2363455607383917,"playerItemRatingAfter":0,"playerItemRatingBefore":0.03462933382977651},"created":"2021-04-15T07:08:27.809Z","season":15,"tournament":-1,"type":128,"day":61,"phase":4,"category":1,"description":"Silvaire Semiquaver dropped Bat.","nuts":0}