{"id":"38f6953f-1732-47c4-a01d-d44a07444ff6","playerTags":["da67c196-4cac-428b-8c18-2a411055ea35"],"teamTags":["c73b705c-40ad-4633-a6ed-d357ee2e2bcf"],"gameTags":["2011c5d5-b65c-4c60-93e0-efb8fe7c0610"],"metadata":{"mods":[],"play":103,"itemId":"6cf6c2af-632e-43f1-9c72-69407be728ef","parent":"5b40a52b-0164-45fd-be27-cc280c5a3a6d","subPlay":0,"itemName":"Glove","playerRating":2.9707927558441245,"playerItemRatingAfter":0,"playerItemRatingBefore":0.02122642245027806},"created":"2021-04-15T07:09:02.369Z","season":15,"tournament":-1,"type":128,"day":61,"phase":4,"category":1,"description":"Yusef Fenestrate dropped Glove.","nuts":1}