{"id":"455a07ce-6cfd-4e79-91c0-0b66fb48d134","playerTags":["bf122660-df52-4fc4-9e70-ee185423ff93"],"teamTags":["a37f9158-7f82-46bc-908c-c9e2dda7c33b"],"gameTags":["5591a72d-aad2-4cf6-b659-dd50be63f1e4"],"metadata":{"mods":[],"play":137,"itemId":"66734df7-7850-40a8-a1ee-9cc863b38f34","parent":"340a0d97-b81a-4bb5-8e6f-365d29f531f4","subPlay":0,"itemName":"Bat","playerRating":2.7476090153198194,"playerItemRatingAfter":0,"playerItemRatingBefore":0.0670954898654822},"created":"2021-04-13T04:11:43.219Z","season":15,"tournament":-1,"type":128,"day":13,"phase":2,"category":1,"description":"Walton Sports dropped Bat.","nuts":0}