{"id":"5c7e92ce-f41b-45bd-8317-260746e1eb7b","playerTags":["ae4acebd-edb5-4d20-bf69-f2d5151312ff"],"teamTags":["36569151-a2fb-43c1-9df7-2df512424c82"],"gameTags":["c4e1766f-8ffe-420a-9a39-44b6db4bfa9f"],"metadata":{"mods":[],"play":128,"itemId":"0215819c-b19d-46c8-bfab-dfa7424044bd","parent":"e391fb34-8557-4e26-b804-d773de3d68c9","subPlay":0,"itemName":"Bat","playerRating":2.731516133804444,"playerItemRatingAfter":0,"playerItemRatingBefore":0.095097840421699},"created":"2021-04-14T11:11:16.283Z","season":15,"tournament":-1,"type":128,"day":41,"phase":4,"category":1,"description":"Theodore Cervantes dropped Bat.","nuts":1}