{"id":"78bef4af-a62b-4011-9457-0ff81b6a004e","playerTags":["d8ee256f-e3d0-46cb-8c77-b1f88d8c9df9"],"teamTags":["9debc64f-74b7-4ae1-a4d6-fce0144b6ea5"],"gameTags":["ec2b2567-7c9c-4973-a703-2267630edad5"],"metadata":{"mods":[],"play":226,"itemId":"29231b3f-b4ed-49c9-a63e-38883c1638fe","parent":"de2ea13b-9d42-4257-ae43-df48977cb698","subPlay":0,"itemName":"Bat","playerRating":2.7327446036840763,"playerItemRatingAfter":0,"playerItemRatingBefore":0.03978311866427431},"created":"2021-04-13T06:19:24.180Z","season":15,"tournament":-1,"type":128,"day":15,"phase":2,"category":1,"description":"Comfort Septemberish dropped Bat.","nuts":0}