{"id":"80a6aa20-2dd5-40f5-ad36-babd7df5b612","playerTags":["5dbf11c0-994a-4482-bd1e-99379148ee45"],"teamTags":["a37f9158-7f82-46bc-908c-c9e2dda7c33b"],"gameTags":["e401c20c-81e6-4cd8-b885-c34f76ed89cc"],"metadata":{"mods":[],"play":135,"itemId":"c930b17a-dabd-4958-bcc3-d64c16365d37","parent":"203d861d-92de-4c92-8c77-19fe946c75ac","subPlay":0,"itemName":"Bat","playerRating":2.3066300918347435,"playerItemRatingAfter":0,"playerItemRatingBefore":0.03702681916709505},"created":"2021-04-14T15:11:14.472Z","season":15,"tournament":-1,"type":128,"day":45,"phase":4,"category":1,"description":"Conrad Vaughan dropped Bat.","nuts":0}