{"id":"b85df22f-e402-4b6b-ae80-c04ab0cffa4c","playerTags":["defbc540-a36d-460b-afd8-07da2375ee63"],"teamTags":["3f8bbb15-61c0-4e3f-8e4a-907a5fb1565e"],"gameTags":["ec2b2567-7c9c-4973-a703-2267630edad5"],"metadata":{"mods":[],"play":136,"itemId":"4fda33cd-0c49-4973-a25d-400106b53687","parent":"ebd3b57c-e758-415b-8feb-bc578fa47a98","subPlay":0,"itemName":"Weird Bat","playerRating":4.333502033529121,"playerItemRatingAfter":0,"playerItemRatingBefore":0.04564004683507494},"created":"2021-04-13T06:11:37.927Z","season":15,"tournament":-1,"type":128,"day":15,"phase":2,"category":1,"description":"Castillo Turner dropped Weird Bat.","nuts":0}