{"id":"cc0062db-5cf9-4c2e-8542-71146e06f405","playerTags":["cf8e152e-2d27-4dcc-ba2b-68127de4e6a4"],"teamTags":["f02aeae2-5e6a-4098-9842-02d2273f25c7"],"gameTags":["734ccfe8-9e00-45a8-a005-dbad1a7fb1e4"],"metadata":{"mods":[],"play":257,"itemId":"28a5b2a3-ec70-44ad-afd9-29680cc6e6f3","parent":"3230eb34-d281-4cbc-95af-8972bb766bf9","subPlay":0,"itemName":"Bat","playerRating":1.7719226839418973,"playerItemRatingAfter":0,"playerItemRatingBefore":0.030434852279491498},"created":"2021-04-15T09:21:46.081Z","season":15,"tournament":-1,"type":128,"day":63,"phase":4,"category":1,"description":"Hendric-s Richa--s-n dropped Bat.","nuts":0}