{"id":"cda6a60e-99a7-42ff-9a71-830e0f30eb7b","playerTags":["7c5ae357-e079-4427-a90f-97d164c7262e"],"teamTags":["b72f3061-f573-40d7-832a-5ad475bd7909"],"gameTags":["23646de6-2107-45dc-997d-c11842a26a33"],"metadata":{"mods":[],"play":132,"itemId":"0f757634-6726-4711-a0fc-9137d8e6f616","parent":"3f1dd9fb-85bb-412b-a896-57efa5e24eb4","subPlay":0,"itemName":"Bat","playerRating":1.9171998104391905,"playerItemRatingAfter":0,"playerItemRatingBefore":0.049912953487572964},"created":"2021-04-15T15:11:08.373Z","season":15,"tournament":-1,"type":128,"day":69,"phase":4,"category":1,"description":"Milo Brown dropped Bat.","nuts":0}