{"id":"c2afd34a-2c80-4a13-be3c-a82e05b32cfb","playerTags":["de21c97e-f575-43b7-8be7-ecc5d8c4eaff"],"teamTags":["bb4a9de5-c924-4923-a0cb-9d1445f1ee5d"],"gameTags":[],"metadata":{"type":4,"after":1.142654182148758,"before":1.2596075031571858,"parent":"c7cc8ae6-59e1-432e-ac61-af6a2dee195e"},"created":"2021-04-11T18:16:46.752Z","season":14,"tournament":-1,"type":180,"day":113,"phase":13,"category":1,"description":"Pitching Machine's Divinity was improved by -12%.","nuts":23}