{"id":"2b6bf177-ba99-4ce4-959b-e91f7c27aac5","playerTags":["b6aa8ce8-2587-4627-83c1-2a48d44afaee"],"teamTags":["7966eb04-efcc-499b-8f03-d13916330531"],"gameTags":[],"metadata":{"type":2,"after":0.5164066054644161,"before":0.5704639189732517,"parent":"98408866-dfcf-4b55-ba58-a39eabf618b6"},"created":"2021-04-11T18:16:07.968Z","season":14,"tournament":-1,"type":118,"day":113,"phase":13,"category":1,"description":"Inky Rutledge's Defense is Outfused.","nuts":2}