{"id":"5488ef6d-892c-4879-96f4-a0ebc591b1a6","playerTags":["e6502bc7-5b76-4939-9fb8-132057390b30"],"teamTags":["eb67ae5e-c4bf-46ca-bbbc-425cd34182ff"],"gameTags":[],"metadata":{"type":0,"after":0.8341735492313143,"before":0.88259428357301,"parent":"5fc850e4-c354-4c2d-9790-eb9f5690430e"},"created":"2021-04-11T18:16:07.592Z","season":14,"tournament":-1,"type":118,"day":113,"phase":13,"category":1,"description":"Greer Lott's Batting is Outfused.","nuts":4}