{"id":"5efbf29c-c6e4-4ff8-afff-c58e10fd72cb","playerTags":["4b3e8e9b-6de1-4840-8751-b1fb45dc5605"],"teamTags":["36569151-a2fb-43c1-9df7-2df512424c82"],"gameTags":[],"metadata":{"type":1,"after":0.09962012796820251,"before":0.1273177874092043,"parent":"4f4f82c8-309d-4060-baa0-fd46987b2f85"},"created":"2021-04-11T18:16:07.673Z","season":14,"tournament":-1,"type":118,"day":113,"phase":13,"category":1,"description":"Thomas Dracaena's Pitching is Outfused.","nuts":3}