{"id":"63736165-2625-45ee-aa39-a2eb5dc18e0e","playerTags":["a38ada0a-aeac-4a3d-b9a5-968687ccd2f9"],"teamTags":["b63be8c2-576a-4d6e-8daf-814f8bcea96f"],"gameTags":[],"metadata":{"type":0,"after":0.4237828890564977,"before":0.4912020955508733,"parent":"41649b87-b062-4360-a22b-882c502d1679"},"created":"2021-04-11T18:16:07.769Z","season":14,"tournament":-1,"type":118,"day":113,"phase":13,"category":1,"description":"Sixpack Santiago's Batting is Outfused.","nuts":0}