{"id":"64e2f547-8d67-45d9-bb06-13cd16e669e5","playerTags":["5e4dfa16-f1b9-400f-b8ef-a1613c2b026a"],"teamTags":["bfd38797-8404-4b38-8b82-341da28b1f83"],"gameTags":[],"metadata":{"type":2,"after":0.5664574824828851,"before":0.6213952247850119,"parent":"cf658c2a-c3a9-43cd-a90d-fd2db3cb4517"},"created":"2021-04-11T18:16:08.311Z","season":14,"tournament":-1,"type":118,"day":113,"phase":13,"category":1,"description":"Snyder Briggs' Defense is Outfused.","nuts":0}