{"id":"a2b52363-b64a-44df-8e15-41ac69719c57","playerTags":["2b157c5c-9a6a-45a6-858f-bf4cf4cbc0bd"],"teamTags":["b72f3061-f573-40d7-832a-5ad475bd7909"],"gameTags":[],"metadata":{"type":2,"after":0.5103656986177585,"before":0.5642627414443355,"parent":"492f662d-0012-4bc7-b6e6-ecb43ecf20f1"},"created":"2021-04-11T18:16:08.399Z","season":14,"tournament":-1,"type":118,"day":113,"phase":13,"category":1,"description":"Ortiz Lopez's Defense is Outfused.","nuts":1}