{"id":"c4932c06-807e-4a3e-9195-125096b36e1d","playerTags":["80e474a3-7d2b-431d-8192-2f1e27162607"],"teamTags":["57ec08cc-0411-4643-b304-0e80dbc15ac7"],"gameTags":[],"metadata":{"type":3,"after":0.16128769880747879,"before":0.20173252654196555,"parent":"b9c3fb8b-19c9-45b4-9578-35220f96c107"},"created":"2021-04-11T18:16:08.067Z","season":14,"tournament":-1,"type":118,"day":113,"phase":13,"category":1,"description":"Summers Preston's Baserunning is Outfused.","nuts":0}