{"id":"de46b538-7d2a-4d15-ba58-6949c3f942e3","playerTags":["a199a681-decf-4433-b6ab-5454450bbe5e"],"teamTags":["adc5b394-8f76-416d-9ce9-813706877b84"],"gameTags":[],"metadata":{"type":3,"after":0.7773342832050687,"before":0.8376516388757317,"parent":"de0ea868-1523-4d57-a72a-a07306cf247d"},"created":"2021-04-11T18:16:07.849Z","season":14,"tournament":-1,"type":118,"day":113,"phase":13,"category":1,"description":"Leach Ingram's Baserunning is Outfused.","nuts":6}