{"id":"e6c1978b-d715-4d40-ac94-8226f622b534","playerTags":["691f9ab2-9dd4-42e8-bf95-9fd01253c801"],"teamTags":["878c1bf6-0d21-4659-bfee-916c8314d69c"],"gameTags":[],"metadata":{"type":3,"after":0.4173647617791875,"before":0.4853819759716517,"parent":"ba7bc59b-980b-47c6-aa22-090e739874ac"},"created":"2021-04-11T18:16:07.804Z","season":14,"tournament":-1,"type":118,"day":113,"phase":13,"category":1,"description":"Wyatt Mason IV's Baserunning is Outfused.","nuts":5}