{"id":"ebd6ba2f-b9d9-4348-9d97-2518491ccd9f","playerTags":["b323f897-ccf9-4200-8870-249cbe19f904"],"teamTags":["23e4cbc1-e9cd-47fa-a35b-bfa06f726cb7"],"gameTags":[],"metadata":{"type":1,"after":0.27107838226242953,"before":0.324238254622061,"parent":"99ccf2c6-77d8-409b-b33b-a64aee40265f"},"created":"2021-04-11T18:16:08.037Z","season":14,"tournament":-1,"type":118,"day":113,"phase":13,"category":1,"description":"Huber Frumple's Pitching is Outfused.","nuts":2}