{"id":"fa3c0cbc-9b40-4f5b-9861-e2c7abd4cd4e","playerTags":["425f3f84-bab0-4cf2-91c1-96e78cf5cd02"],"teamTags":["8d87c468-699a-47a8-b40d-cfb73a5660ad"],"gameTags":[],"metadata":{"type":3,"after":0.66642511819241,"before":0.7217559749691418,"parent":"9c0c49bb-aee9-45af-a9be-4ca373dc1c8c"},"created":"2021-04-11T18:16:08.368Z","season":14,"tournament":-1,"type":118,"day":113,"phase":13,"category":1,"description":"Luis Acevedo's Baserunning is Outfused.","nuts":1}