{"id":"9f94287f-a384-42b3-bbf7-e7c972b43fbd","playerTags":["d2a1e734-60d9-4989-b7d9-6eacda70486b"],"teamTags":["23e4cbc1-e9cd-47fa-a35b-bfa06f726cb7"],"gameTags":["2b8609cf-7300-483c-a6ee-7cd1074b0373"],"metadata":{"mods":["PARASITE"],"play":258,"itemId":"22d15a06-759b-43a0-9e25-12f126e5bcb8","parent":"152423a8-0b67-4006-899e-e3351ca191ee","subPlay":0,"itemName":"Parasitic Jersey","playerRating":1.9224783306224968,"playerItemRatingAfter":0.0014599394542313404,"playerItemRatingBefore":0},"created":"2021-04-14T18:21:47.317Z","season":15,"tournament":-1,"type":127,"day":48,"phase":4,"category":1,"description":"Tiana Takahashi gained Parasitic Jersey.","nuts":116}