{"id":"d68d6dd4-dfc8-4cec-a8c9-cd1046508d96","playerTags":["cf8e152e-2d27-4dcc-ba2b-68127de4e6a4"],"teamTags":["f02aeae2-5e6a-4098-9842-02d2273f25c7"],"gameTags":["734ccfe8-9e00-45a8-a005-dbad1a7fb1e4"],"metadata":{"mods":["DOUBLE_PAYOUTS"],"play":257,"itemId":"d1fb3626-6e48-4efe-bfe9-0b48968ade25","parent":"3230eb34-d281-4cbc-95af-8972bb766bf9","subPlay":1,"itemName":"Golden Bat","playerRating":1.7719226839418973,"playerItemRatingAfter":0.029004185895669332,"playerItemRatingBefore":0},"created":"2021-04-15T09:21:46.086Z","season":15,"tournament":-1,"type":127,"day":63,"phase":4,"category":1,"description":"Hendric-s Richa--s-n gained Golden Bat.","nuts":4}